id,user_id,name,title,hospital,department,expertise_areas_full,bio_full,avatar_url,is_featured,sort_order,contact_info,created_at,updated_at,expertise_areas,bio
78931e2b-a8d8-459d-b07f-5a263fffa7ec,,郭宇,主任医师,中山大学附属第一医院,普通外科,"肝脏良恶性病变外科和综合治疗, 胆道良恶性病变外科治疗, 胰腺疾病外科治疗, 肝胆管结石外科治疗, 门静脉高压症外科治疗, 脾脏良恶性疾病外科治疗",该医生现任中山大学主任医师，曾任中山大学副主任医师、副研究员、博士后。担任国家自然科学基金、教育部博士学位论文、中国博士后科学基金、广东省自然/省人才重大项目、广东省科技计划及其重点项目等评审专家，并在中国病理生理杂志、中华细胞与干细胞杂志、新医学、Mil Med Res、FMB、FBL、CCRT、JoVE等核心/SCI期刊担任编委，获中山大学学报、中国病理生理杂志、中华细胞与干细胞杂志等“优秀审稿人”称号。在中国病理生理学会、广东肝脏病学会、广东省健康管理学会等学术组织任职多项。主要研究方向为复发性肝癌早期诊断和免疫治疗，在Adv Sci、Redox Biol、Biomaterials、Hepatology、Nat Commun、ACS Nano等权威期刊以通讯/第一作者发表影响因子>10的论文十余篇，授权第一发明人发明专利8项。主持国家自然科学基金项目3项，省部级科研项目9项，获得“广东省杰青”、“广东特支计划-科技创新青年拔尖人才”、“珠江科技新星”等人才项目5项，作为主要完成人获广东省科技进步一等奖。获广东省卫健委“广东省医学杰出青年人才”、广东省人社厅“广东省100个博士博士后创新人物”、中国科协卓越行动计划（首届）“优秀审稿人奖”、国家卫健委2021年度“现代医院管理典型案例”“最佳案例奖”、中山大学附属第一医院“柯麟新锐人才”、“柯麟菁英人才”等荣誉。,https://www.fahsysu.org.cn/sites/1h.prod.sysucloud1.sysu.edu.cn/files/styles/focal_point_480/public/2023-07/%E7%89%B9%E9%9C%80%E5%8C%BB%E7%96%97%E4%B8%AD%E5%BF%83%EF%BC%88%E6%99%AE%E9%80%9A%E5%A4%96%E7%A7%91%EF%BC%89%20%20%E9%83%AD%E5%AE%87%20%E6%AD%A3%E9%AB%98.jpg?itok=bOTm8n47,TRUE,0,,,,肝胆胰脾疾病外科治疗,现任中山大学主任医师，曾任副主任医师、副研究员、博士后。担任多项国家级和省级科研项目评审专家及核心/SCI期刊编委，获“优秀审稿人”称号。主要研究方向为复发性肝癌早期诊断和免疫治疗，发表影响因子>10的论文十余篇，授权发明专利8项。主持国家自然科学基金项目3项，省部级科研项目9项，获“广东省杰青”等人才项目5项和广东省科技进步一等奖，荣获多项省级和国家级荣誉奖项。
2fa9e611-a857-4bbe-b3e0-5fada764fc27,,王文见,研究员,中山大学附属第一医院,普通外科,"乳腺疾病诊断和治疗, 甲状腺疾病诊断和治疗, 周围血管疾病诊断和治疗, 乳腺癌诊断和治疗, 乳腺增生诊断和治疗, 动脉硬化性血管疾病诊断和治疗, 血管瘤诊断和治疗, 静脉疾病诊断和治疗",该医生担任中华医学会血管外科与组织工程专业委员会中青年委员、中国医师协会高血压血管病专家委员会委员、中华医学会广东省分会委员。研究成果近几年在Nature、Science、JMB等国际著名学术杂志上发表。,,TRUE,0,,,,乳腺、甲状腺及周围血管疾病诊断治疗,担任中华医学会血管外科与组织工程专业委员会中青年委员、中国医师协会高血压血管病专家委员会委员、中华医学会广东省分会委员。研究成果在Nature、Science、JMB等国际著名学术杂志上发表。
8086f733-97b7-4303-a1f3-a792e1f5ae45,,詹文华,"主任医师, 教授",中山大学附属第一医院,普通外科,"胃肠和胰腺肿瘤的诊断和外科治疗, 胃癌标准淋巴结清扫和胃癌扩大切除手术, 胃肠间质瘤的诊断、手术治疗和辅助治疗, 胃肠胰腺神经内分泌肿瘤的诊治, 外科病人围手术期的营养支持, 结肠癌全直肠系膜切除手术, 高风险复发转移胃肠间质瘤病人的术后辅助治疗, 胃肠手术后低氮低热卡营养支持",该医生于1979年至1982年在中山医科大学攻读硕士研究生，毕业后一直在中山大学附属第一医院胃肠胰外科工作。1991年赴香港大学医学院进修，1992年至1993年在日本长崎大学任客座研究员。1994年破格晋升为教授、主任医师。历任中山大学附属第一医院普通外科主任兼胃肠胰专科主任、常务副院长、院长，并曾担任中山大学胃癌诊治研究中心主任、胃肠胰外科首席学术带头人。社会兼职方面，曾任中华医学会外科学分会胃肠外科学组组长、中华医学会肠外肠内营养学分会副主任委员、广东省医学会副会长等职务，现任中华医学会外科学分会胃肠外科学组名誉组长、广东省医学会外科学分会名誉主委，并获美国外科学院外籍院士（FACS）称号。1994年起享受国家特殊津贴。学术成果丰硕，在国内外学术刊物发表专业论文200余篇，主编或参编多部医学专著，如《胃肠外科手术学》、《胃癌外科学》等。曾获吴阶平医学研究三等奖、全国继续医学教育先进工作者等荣誉，多项研究成果获得中华医学会医学科技进步奖和广东省科技进步奖。,https://www.fahsysu.org.cn/sites/1h.prod.sysucloud1.sysu.edu.cn/files/styles/focal_point_480/public/2023-06/%E8%A9%B9%E6%96%87%E5%8D%8E_0.jpg?itok=o6X0iXsI,TRUE,0,,,,胃肠胰腺肿瘤外科治疗及围手术期营养支持,中山医科大学硕士，中山大学附属第一医院胃肠胰外科教授、主任医师，曾任该院院长、普通外科主任，中华医学会外科学分会胃肠外科学组组长。享受国家特殊津贴，美国外科学院外籍院士。发表论文200余篇，主编多部专著，获多项省部级科技进步奖。
1c871310-e59c-48cc-9f64-4dc2572cc26a,,陈昆,主任医师,中山大学附属第一医院,神经外科,"脑肿瘤（脑膜瘤、胶质瘤、听神经瘤、颅咽管瘤、脑室肿瘤、神经鞘瘤、脑转移瘤及垂体瘤等）, 脑积水, 脑室内病变, 脊髓肿瘤, 颅脑损伤, 高血压脑出血, 小儿神经外科疾病及先天畸形, 三叉神经痛, 面肌痉挛, 神经内窥镜微创手术, 显微镜下微创手术, 综合精准治疗",该医生1998年本科毕业于中山医科大学，于中山大学附属第一医院工作至今，2000年获硕士学位，2009年获博士学位。曾在美国克利夫兰临床医学中心和达拉斯西南医学中心神经外科进修神经内镜及微创显微手术。作为课题负责人主持国家自然科学基金2项，参与国家和省部级科研课题多项。在SCI收录期刊和中国核心期刊发表文章多篇。,https://www.fahsysu.org.cn/sites/1h.prod.sysucloud1.sysu.edu.cn/files/styles/focal_point_480/public/050336.jpg?itok=iEOQvbHw,TRUE,0,,,,神经外科疾病微创手术与综合精准治疗,中山医科大学本科毕业，中山大学附属第一医院工作至今，获硕士和博士学位。曾在美国克利夫兰临床医学中心和达拉斯西南医学中心进修神经内镜及微创显微手术。主持国家自然科学基金2项，参与多项科研课题，发表多篇SCI和核心期刊论文。
b9fdc24a-a820-4d3b-94a4-881bddc50237,,黄正松,"主任医师, 教授",中山大学附属第一医院,神经外科,"脑血管疾病介入治疗, 颅内肿瘤介入治疗, 脊髓疾病介入治疗, 先天性颅脑疾病介入治疗, 脑血管疾病显微外科治疗, 颅内肿瘤显微外科治疗, 脊髓疾病显微外科治疗, 先天性颅脑疾病显微外科治疗, 颅底肿瘤诊治, 颅内中线深部肿瘤诊治, 复杂脑血管病诊治",该医生自1982年起从事神经外科临床医、教、研工作，全面精通神经外科领域疾病的诊断和治疗，具有很强的处理各类神经外科疑难疾病的能力。1982年毕业于临床医学专业，分获神经外科学硕士、博士学位。1999年9月被中山医科大学附属第一医院国内外公开招聘为神经外科主任、学科带头人，并担任外科副主任。2009年10月至今任中山大学附属第一医院神经外科学科带头人、首席专家。社会兼职包括中华医学会广东省神经外科学会主任委员、中华神经外科分会全国委员、国家执业医师考试命题委员会委员、国家自然科学基金同行评议专家、广东省和广州市科技评审专家、中山大学医学学位委员会委员，以及《中华显微外科杂志》、《中国神经精神疾病杂志》等10余种杂志常务编委。已在《中华医学杂志》（英文版、中文版）、《中华外科杂志》、《中华神经外科杂志》、《中华显微外科杂志》等国内外核心期刊以第一作者和通讯作者发表论文60余篇。主要获奖包括《复杂性连头婴分离术》获2003年广东省科技进步三等奖（第一完成人）、《血管内治疗脑血管病的临床和基础研究》获2000年黑龙江省科技进步二等奖（第一完成人）、《血管内治疗脑血管病的临床和基础研究》获1999年黑龙江省医药卫生科技进步一等奖（第一完成人）、《脑血管疾病的介入治疗》获1997年哈尔滨医科大学高新医疗技术成果奖（第一完成人）、《复杂性、难治性颈动脉海绵窦瘘血管栓塞技术》获1995年黑龙江省科技进步三等奖（第一完成人）。,https://www.fahsysu.org.cn/sites/1h.prod.sysucloud1.sysu.edu.cn/files/styles/focal_point_480/public/%E9%BB%84%E6%AD%A3%E6%9D%BE.jpg?itok=pFsjE5ZZ,TRUE,0,,,,神经外科疾病介入与显微外科治疗,1982年起从事神经外科临床医、教、研工作，获神经外科学硕士、博士学位。1999年任中山医科大学附属第一医院神经外科主任、学科带头人，2009年至今任中山大学附属第一医院神经外科学科带头人、首席专家。担任中华医学会广东省神经外科学会主任委员等社会职务，发表论文60余篇，获多项科技进步奖。
3ae393a1-ed61-4ae1-abe9-f7ebf7ae5306,,黄权,主任医师,中山大学附属第一医院,神经外科,"神经外科,神经系统肿瘤学,脑膜瘤,神经纤维瘤,颅底手术,海绵窦手术,听神经瘤,面神经解剖保留,导航技术,神经内镜技术,微创技术",该医生于1979年至1984年在中山医学院医疗系本科毕业，获学士学位，2000年获中山大学外科学硕士学位。1984年留校于中山大学附属第一医院，从事神经外科工作至今。1997年至1998年在美国加州大学圣地亚哥医学院神经外科担任访问学者和进修。现任中山大学附属第一医院头面眶颅联合组主要专家。社会兼职包括中国广东省中西医结合神经外科分会副主委、中国抗癌协会和广东省协会委员、中国中青年神经外科学会全国委员、中华显微外科杂志编委。发表多篇学术论文，如《Mir-218 inhibits the invasive ability of glioma cells by direct downregulation of IKK-β》《显微外科手术治疗听神经瘤的价值》等，并参与中国首例世界第五例D型连头婴分离手术，于2003年获广东省科技进步奖三等奖。,https://www.fahsysu.org.cn/sites/1h.prod.sysucloud1.sysu.edu.cn/files/styles/focal_point_480/public/052458.jpg?itok=JXc_hjbb,TRUE,0,,,,神经外科肿瘤手术，专注脑膜瘤和神经纤维瘤,中山大学医学学士和外科学硕士，1984年起在中山大学附属第一医院从事神经外科工作，曾赴美国加州大学圣地亚哥医学院进修。现任该院头面眶颅联合组主要专家，担任中国广东省中西医结合神经外科分会副主委等社会职务，发表多篇学术论文，参与D型连头婴分离手术并获广东省科技进步奖三等奖。
80585db4-5a48-4433-b64a-74f037657504,,何东升,"主任医师, 博士研究生导师",中山大学附属第一医院,神经外科,"垂体瘤诊治, 垂体瘤微创手术, 内镜微创垂体瘤手术",该医生1992年毕业于中山医科大学，2002年获得中山大学外科学博士学位。现任中国垂体瘤协作组委员、中国医师协会神经外科医师分会神经内镜专业委员会委员、广东省医师协会神经外科医师分会常委。曾在美国和欧洲学习垂体瘤诊治技术，并在美国接受垂体瘤微创手术培训。在国内和国际发表垂体瘤研究论著与SCI文章多篇，垂体瘤研究获得教育部提名国家科技进步二等奖。,https://www.fahsysu.org.cn/sites/1h.prod.sysucloud1.sysu.edu.cn/files/styles/focal_point_480/public/2024-07/%E7%A5%9E%E7%BB%8F%E5%A4%96%E7%A7%91%E4%BD%95%E4%B8%9C%E5%8D%87%E6%AD%A3%E9%AB%98%20%E7%99%BD%E5%BA%95.jpg?itok=aDEsY-iN,TRUE,0,,,,垂体瘤诊治与微创手术,中山医科大学本科毕业，中山大学外科学博士。现任中国垂体瘤协作组委员、中国医师协会神经外科医师分会神经内镜专业委员会委员。曾在美国和欧洲学习垂体瘤诊治技术，发表多篇SCI论文，垂体瘤研究获教育部提名国家科技进步二等奖。
159ca772-83a6-4dd1-8e82-16c57fc1f98b,,刘金龙,主任医师,中山大学附属第一医院,神经外科,"颅内肿瘤显微外科手术, 颅神经疾病微血管减压术, 运动障碍性疾病脑深部电刺激治疗, 难治性癫痫外科手术治疗",该医生1988年毕业于中山医科大学，留校中山一院神经外科工作至今，1996年获中山大学外科学硕士学位。2006年起多次参加美敦力大学DBS全球培训，曾赴美国、德国、香港、韩国和台湾等地参观学习。现任中国医师协会神经调控专业委员会委员、广东省医师协会神经外科分会委员、广东省抗癫痫协会理事，并担任中华显微外科杂志通信编委和广东省科技计划项目评审专家。在学术研究方面，发表多篇论文于《中国神经精神疾病杂志》《中华医学杂志》《中华显微外科杂志》等核心期刊，主持广东省科技项目2项、广东省自然基金项目1项，参与项目多项。曾获国家教育部二等奖（垂体肿瘤临床与基础研究）和广东省科学技术三等奖（复杂性连头婴分离术）。,https://www.fahsysu.org.cn/sites/1h.prod.sysucloud1.sysu.edu.cn/files/styles/focal_point_480/public/051033.jpg?itok=VSeK67VA,TRUE,0,,,,神经外科疾病显微手术与脑深部电刺激治疗,中山医科大学毕业，中山一院神经外科工作至今，获中山大学外科学硕士学位。多次参加美敦力大学DBS全球培训，赴多国参观学习。担任中国医师协会神经调控专业委员会委员等社会兼职，发表多篇核心期刊论文，主持省级科研项目，获国家教育部二等奖和广东省科学技术三等奖。
a254caa2-39df-4451-9ba1-68f8acc52416,,林佳平,主任医师,中山大学附属第一医院,神经外科,"颅脑肿瘤显微手术治疗, 脑膜瘤, 颅咽管瘤, 胶质瘤, 血管母细胞瘤, 神经鞘瘤, 儿童髓母细胞瘤, 室管膜瘤, 脑积水, 脑膜脑膨出, 鞍区肿瘤显微手术治疗, 松果体区肿瘤显微手术治疗, 脑室内肿瘤显微手术治疗",该医生1991年毕业于中山医科大学临床医学系，1998年获中山医科大学硕士学位，2003年获中山大学临床医学神经外科学博士学位。长期从事神经外科临床、教学、科研工作，在颅咽管瘤、儿童髓母细胞瘤、脑积水等领域有深入研究。承担多项国家级和省级科研课题，包括国家自然科学基金项目和广东省科技计划基金项目。发表多篇学术论文于《中华神经医学杂志》《中华显微外科杂志》等核心期刊，并参与主编《外科学（修订版）-医学专业必修课考试辅导教材》。曾获2004年广东省科技进步三等奖和2003年教育部二等奖。,https://www.fahsysu.org.cn/sites/1h.prod.sysucloud1.sysu.edu.cn/files/styles/focal_point_480/public/050903.jpg?itok=9eywVoLn,TRUE,0,,,,神经外科颅脑肿瘤显微手术治疗,中山医科大学临床医学系毕业，获中山大学神经外科学博士学位，长期从事神经外科临床、教学、科研工作。在颅咽管瘤、儿童髓母细胞瘤等领域有深入研究，承担多项国家级和省级科研课题，发表多篇学术论文，曾获广东省科技进步三等奖和教育部二等奖。
ffe6f96e-f869-4d39-b978-c3101f9100fa,,刘雪松,主任医师,中山大学附属第一医院,神经外科,"神经外科常见及多发疾病诊疗, 颅脑肿瘤治疗, 外周神经疾病治疗, 颅底肿瘤治疗, 颅神经疾病治疗, 面瘫手术治疗, 糖尿病外周神经疾病手术治疗",该医生毕业于四川大学华西医学中心并留校工作，于华西医院神经外科担任颅底肿瘤及外周神经疾病医疗组长多年，2015-2016年于纽约大学LANGONE医学中心神经外科访问学习。担任中国医师协会周围神经专业委员会委员、中国医师协会神经修复学专业委员会委员、中国医促会循证医学会委员、中国解剖学会神经外科解剖学会委员、中国抗癌协会神经外科委员、美国神经外科医学会国际委员、美国神经外科医师协会国际委员、欧美同学会颅底外科分会委员、海峡两岸医药卫生交流协会神经外科专业委员会委员、四川省整形美容协会面部整形及修复再生分会副会长、四川省医师协会神经外科青委会委员、四川省医学传播学会神经外科分会副主任委员。发表SCI论文20余篇、中文核心期刊论文40余篇，拥有发明专利2项，负责或作为重要主研参与国家及省部级科研项目10余项。,https://www.fahsysu.org.cn/sites/1h.prod.sysucloud1.sysu.edu.cn/files/styles/focal_point_480/public/2024-01/%E5%88%98%E9%9B%AA%E6%9D%BE.jpg?itok=li0yfbmw,TRUE,0,,,,神经外科颅脑肿瘤及外周神经疾病手术治疗,毕业于四川大学华西医学中心，在华西医院神经外科担任颅底肿瘤及外周神经疾病医疗组长多年，曾赴纽约大学LANGONE医学中心神经外科访问学习。担任多个国家级和省级专业委员会委员，发表SCI论文20余篇、中文核心期刊论文40余篇，拥有发明专利2项，参与国家级和省部级科研项目10余项。
5a7a42d7-3d20-4531-bf70-4e6162b5f0d3,,毛志钢,主任医师,中山大学附属第一医院,神经外科,"神经外科常见病和多发病诊治, 内镜微创颅底外科手术, 垂体瘤内镜微创手术, 颅咽管瘤内镜微创手术, 脊索瘤内镜微创手术, 脑膜瘤内镜微创手术, 复发或残留垂体瘤内镜微创手术, 肢端肥大症/巨人症内镜微创手术, 催乳素瘤内镜微创手术, 库欣病内镜微创手术",该医生于1996年本科毕业，2005年获临床医学硕士学位，2010年获临床医学博士学位。曾赴哈佛大学麻省总院垂体腺瘤中心、匹兹堡大学医学院内镜颅底外科中心、康奈尔大学医学中心纽约长老会医院神经外科访学。现任中国罕见联盟下丘脑垂体疾病学组常务委员、中国垂体腺瘤协作组专家委员会资深委员、广东省医学会神经外科分会委员兼秘书、广东省医学教育协会内镜神经外科分会副主任委员、广东省医学会神经外科分会内镜学组副组长、中国抗癌协会神经肿瘤专业委员会委员、中国医促会神经外科专业委员会青年委员，并担任《国际神经病学神经外科学杂志》和《中国微侵袭神经外科杂志》编委。在European Journal of Endocrinology、Journal Endocrinol Invest等SCI期刊发表论著30余篇，其中第一作者20篇，编译《尤曼氏神经外科学》脊索瘤章节，荣获2020年度广东省自然科学二等奖及第二届和第三届华夏神经外科青年创新奖。,https://www.fahsysu.org.cn/sites/1h.prod.sysucloud1.sysu.edu.cn/files/styles/focal_point_480/public/2023-07/%E7%A5%9E%E7%BB%8F%E5%A4%96%E7%A7%91%20%E6%AF%9B%E5%BF%97%E9%92%A2%20%E6%AD%A3%E9%AB%98%20%E5%8E%8B%E7%BC%A9%E5%9B%BE%E7%89%87.jpg?itok=lVaG6pUv,TRUE,0,,,,内镜微创颅底外科手术，垂体瘤等神经肿瘤治疗,临床医学博士，曾赴哈佛大学、匹兹堡大学等国际顶尖机构访学。担任中国罕见联盟下丘脑垂体疾病学组常务委员、广东省医学会神经外科分会委员兼秘书等多项学术职务，在SCI期刊发表论文30余篇，获广东省自然科学二等奖及华夏神经外科青年创新奖。
2dfe29ad-9853-43d4-a733-0ec21d308c76,,齐铁伟,主任医师,中山大学附属第一医院,神经外科,"神经外科疾病诊断治疗, 脑血管病临床诊治, 颅内动脉瘤显微手术, 脑动静脉畸形显微手术, 硬脑膜动静脉瘘显微手术, 颈内动脉海绵窦瘘显微手术, 脑海绵状血管瘤显微手术, 烟雾病显微手术, 脊髓血管畸形显微手术, 血管内介入治疗",该医生1992年毕业于哈尔滨医科大学，2000年硕士研究生毕业就职于中山大学附属第一医院。发表论文40篇，主持和参与国家及省厅级科研基金5项，研究方向为脑血管疾病。现任中国卒中学会脑血管外科分会委员、中国医师协会神经外科分会脑血管病专业委员会委员、广东省医学会神经外科分会脑血管病学组副组长。,https://www.fahsysu.org.cn/sites/1h.prod.sysucloud1.sysu.edu.cn/files/styles/focal_point_480/public/2024-11/%E7%A5%9E%E7%BB%8F%E5%A4%96%E7%A7%91_%E9%BD%90%E9%93%81%E4%BC%9F_%E6%AD%A3%E9%AB%98_%E7%99%BD%E5%BA%95%E4%BF%AE%E6%94%B9%E7%89%88.jpg?itok=l9ih8xff,TRUE,0,,,,神经外科脑血管病显微手术与介入治疗,哈尔滨医科大学毕业，中山大学附属第一医院神经外科医生，发表论文40篇，主持参与科研基金5项，担任中国卒中学会脑血管外科分会委员等学术职务。
2f984b1e-687c-457f-939c-528b49168227,,夏之柏,主任医师,中山大学附属第一医院,神经外科,"神经外科常见病和多发病的诊断和治疗, 各类神经外科疑难疾病处理, 神经外科显微(微创)手术技术, 各类脑肿瘤显微(微创)手术治疗, 先天性颅内疾病诊断和治疗, 脑胶质瘤显微(微创)手术治疗, 脑膜瘤显微(微创)手术治疗, 神经鞘瘤显微(微创)手术治疗, 胆脂瘤显微(微创)手术治疗",该医生1985年毕业于安徽医科大学临床医学系，获学士学位；1992年于东南大学获神经外科硕士学位；2001年于天津医科大学获神经外科博士学位；2001年至2003年在中山大学附属第一医院神经外科完成临床博士后研究。长期从事神经外科医教研工作，独立完成各类高中难度神经外科手术2000余例。担任卫生部医学人才评价专家、广东省医学会神经外科学会委员兼秘书、国家自然科学基金评议专家、广东省和广州市科技评议专家、广东省和广州市伤残鉴定专家，以及《中华实验外科杂志》《中华临床医师杂志》特约编委。已发表论文100余篇，其中第一作者、通讯作者发表论著30余篇，SCI、PubMed收录论文12篇。参译《基因组和分子神经肿瘤学》专著。主持多项国家级和省级科研课题，包括国家自然科学基金项目。科研成果获天津市科技进步一等奖和广东省科技进步三等奖。,https://www.fahsysu.org.cn/sites/1h.prod.sysucloud1.sysu.edu.cn/files/styles/focal_point_480/public/051210.jpg?itok=heL8oP_9,TRUE,0,,,,神经外科脑肿瘤显微手术治疗,安徽医科大学学士，东南大学硕士，天津医科大学博士，中山大学附属第一医院博士后。长期从事神经外科工作，独立完成手术2000余例。担任卫生部医学人才评价专家等多项社会兼职，发表论文100余篇，主持国家自然科学基金等科研项目，获天津市科技进步一等奖和广东省科技进步三等奖。
21605ade-ba00-4cb4-9e44-15cf5008b72c,,杨超,主任医师,中山大学附属第一医院,神经外科,"脑积水, 面肌痉挛, 三叉神经痛, 舌咽神经痛, 脑膜瘤, 胶质瘤, 胆脂瘤, 脑出血后遗症, 颅脑外伤后遗症, 颅骨缺损整形修复, 蛛网膜囊肿, 海绵状血管瘤, 小脑扁桃体下疝, 眼睑痉挛, 脑梗塞后遗症, 癫痫, 帕金森病, 机器人脑组织活检, 机器人三叉神经球囊压迫术, 机器人球囊压迫半月节治疗三叉神经痛手术, 神经外科机器人手术, 全麻下帕金森病脑深部电刺激手术, 术中唤醒语言区脑胶质瘤切除术, 昏迷患者脊髓电刺激促醒手术, 难治性癫痫迷走神经电刺激术, 神经病理性疼痛脊髓电刺激术",该医生毕业于中山医科大学临床医学专业，获中山大学神经外科学博士学位，并获中澳联合培养博士基金。曾在澳大利亚皇家墨尔本医院神经外科执业，多次为香港、澳门及海外知名人士进行会诊和手术。主持省部级基金4项，发表论文20余篇，其中SCI收录7篇，最高影响因子8.4，总影响因子20.7分。参编专著《脑水肿》。历任中华医学会神经外科分会青年委员、中国医师协会神经外科分会神经电生理组委员、广东省医学会神经外科学分会青年委员会副主任委员、广东省精准医学应用学会脑活检技术分会副主任委员、中国侨联青年委员会常委、广东省归国华侨联合会常委、中山大学侨联主席等社会职务。曾获国家教育部科技进步二等奖、全国归侨侨眷先进个人、广东省抗击非典三等功、广州市抗击非典先进个人、胡润•平安中国好医生等荣誉。,https://www.fahsysu.org.cn/sites/1h.prod.sysucloud1.sysu.edu.cn/files/styles/focal_point_480/public/2022-04/%E6%9D%A8%E8%B6%85%E7%99%BD%E5%A4%A7%E8%A4%82%E7%99%BD%E5%BA%95.jpg?itok=7dyWje6Y,TRUE,0,,,,神经外科疾病诊治，尤其擅长三叉神经痛、面肌痉挛及机器人手术,中山医科大学临床医学本科、硕士，中山大学神经外科学博士，获中澳联合培养博士基金。曾在澳大利亚皇家墨尔本医院神经外科执业。主持省部级基金4项，发表SCI论文7篇。历任多个神经外科学会委员及侨联职务，获国家教育部科技进步二等奖等多项荣誉。
ec94aa5b-68f2-408d-a701-5a17e136fa9c,,杨李轩,主任医师,中山大学附属第一医院,神经外科,"前、中、后颅底肿瘤显微镜下切除, 内镜微创下切除颅底中线部位肿瘤, 各种类型胶质瘤的手术与综合治疗, 各类型脑积水分流手术, 重型颅脑损伤的综合治疗",该医生1991年毕业于中山医科大学医疗系临床医学专业，在中山医科大学附属第一与第三医院工作并接受神经外科专业培训。分别于1998年与2007年取得硕士与博士学位。2012年至2013年在德国埃尔朗根纽伦堡大学与格拉夫斯瓦尔德大学接受神经内镜与显微手术高级培训。主持国家自然科学基金1项，省自然科学基金3项，广州市科技重大项目1项，省科技项目2项，省卫计委项目1项。发表第一作者英文SCI收录论文3篇，第一或通讯作者中文核心期刊收录论文20余篇。,https://www.fahsysu.org.cn/sites/1h.prod.sysucloud1.sysu.edu.cn/files/styles/focal_point_480/public/053003.jpg?itok=ov5Vrbm5,TRUE,0,,,,颅底肿瘤、胶质瘤手术与脑损伤治疗,中山医科大学临床医学专业毕业，硕士与博士学位，曾在德国接受神经内镜与显微手术高级培训。主持多项国家级、省级科研基金，发表SCI及核心期刊论文20余篇。
7b630fb3-28c0-4a3d-a61e-ebc9f6ff6243,,张弩,"主任医师, 教授, 博士生导师",中山大学附属第一医院,神经外科,"神经外科常见病与多发病诊治, 胶质瘤新型临床试验, 颅底显微神经外科, 多模态影像技术引导下胶质瘤神经外科手术, 听神经瘤显微手术治疗, 鞍区肿瘤显微手术治疗, 海绵窦区肿瘤显微手术治疗, 岩斜区肿瘤显微手术治疗, CPA区肿瘤显微手术治疗, 颈静脉孔区肿瘤显微手术治疗, 中线深部肿瘤显微手术治疗",张弩现任中山大学附属第一医院副院长、神经外科学科带头人，担任中华医学会神经外科分会青年委员、中国医师协会常委、神经肿瘤学组副组长、广东省医学会神经外科分会副主委、广东省精准医学应用协会神经肿瘤分会主委。,https://www.fahsysu.org.cn/sites/1h.prod.sysucloud1.sysu.edu.cn/files/styles/focal_point_480/public/2025-04/%E7%A5%9E%E7%BB%8F%E5%A4%96%E7%A7%91-%E5%BC%A0%E5%BC%A9-%E6%AD%A3%E9%AB%98_%E5%8E%8B%E7%BC%A9.jpg?itok=JqQgXUR0,TRUE,0,,,,胶质瘤与颅底肿瘤显微手术治疗,张弩现任中山大学附属第一医院副院长、神经外科学科带头人，担任中华医学会神经外科分会青年委员、中国医师协会常委、神经肿瘤学组副组长、广东省医学会神经外科分会副主委、广东省精准医学应用协会神经肿瘤分会主委。
2c7b0487-070d-41fa-841e-2749890959f8,,丁之明,副主任医师,中山大学附属第一医院,神经外科,"各型颅脑外伤和脑出血的诊断治疗及手术处理,外伤和出血后脑积水和颅骨缺损的手术治疗,神经外科危重症的综合治疗,复杂脑积水和颅内感染的综合治疗,各种头皮和颅骨病变的诊断和手术治疗,显微神经外科技术及中枢神经系统肿瘤的诊断和治疗",该医生1989年9月至1994年7月就读于安徽省蚌埠医学院临床医学专业，获医学学士学位；1994年7月至1997年8月在安徽省淮南矿务局第四矿工医院专外科（神经外科、泌尿外科和烧伤科）任住院医生；1997年9月至2000年7月就读于中山大学（原中山医科大学），获外科学临床医学硕士学位和学历；2000年7月至2002年12月在中山大学附属第一医院东院神经外科任住院医师；2002年12月至2019年12月在该院神经外科任主治医师；2019年12月至今在该院神经外科任副主任医师；2007年9月至2012年12月获中山大学外科学临床博士学位。社会兼职无，获国家专利2项，发表多篇学术论文，包括在Cell Cycle、Int J Mol Med、Biomaterials Science、Mol Cancer Res、Mol Biol Cell等期刊发表SCI论文，以及在中国神经精神疾病杂志、中国临床神经外科杂志等发表中文论文。,https://www.fahsysu.org.cn/sites/1h.prod.sysucloud1.sysu.edu.cn/files/styles/focal_point_480/public/2022-06/%E7%A5%9E%E7%BB%8F%E5%A4%96%E7%A7%91%20%E4%B8%81%E4%B9%8B%E6%98%8E.jpg?itok=E5BKqIQ7,TRUE,0,,,,神经外科疾病诊断与手术治疗,该医生毕业于安徽省蚌埠医学院和中山大学，获医学学士、硕士和博士学位，现任中山大学附属第一医院东院神经外科副主任医师，拥有丰富的临床工作经验，发表多篇SCI和中文论文，并获国家专利2项。
e8aa40df-c78a-49fd-8e96-5cef0a105855,,郭少雷,副主任医师,中山大学附属第一医院,神经外科,"脑膜瘤外科治疗, 桥小脑脚区肿瘤外科治疗, 听瘤外科治疗, 神经损伤综合康复治疗",该医生在中山大学附属第一医院神经外科工作20余年，主刀或参加各类手术近3000台，取得良好的临床疗效。担任广东省医学教育协会神经外科专业委员会副主任委员、广东省生物医学工程学会医疗机器人与人工智能分会常务委员、广东省精准医学应用学会神经肿瘤分会常务委员、广东省医学会神经肿瘤学分会委员、广东省抗癌协会神经肿瘤专业委员会青年委员。在SCI及国内各级杂志参与发表论文专著近百篇。,https://www.fahsysu.org.cn/sites/1h.prod.sysucloud1.sysu.edu.cn/files/styles/focal_point_480/public/2025-04/%E7%A5%9E%E7%BB%8F%E5%A4%96%E7%A7%91_%E9%83%AD%E5%B0%91%E9%9B%B7.jpg?itok=r_p8SZ3i,TRUE,0,,,,脑膜瘤、桥小脑脚区肿瘤外科治疗,中山大学附属第一医院神经外科工作20余年，主刀或参加手术近3000台。担任多个省级神经外科专业委员会委员，包括广东省医学教育协会神经外科专业委员会副主任委员等。参与发表论文专著近百篇。
f5b8b507-7c38-4433-9c98-a20de3711d53,,何科君,副主任医师,中山大学附属第一医院,神经外科,"颅底复杂肿瘤的显微/内镜微创治疗和颅底修复重建, 胶质瘤和脑转移瘤的精准手术和个体化综合治疗, 难治性癫痫的围术期评估和外科治疗",该医生于2006年至2011年在南昌大学攻读临床医学学士学位，2011年至2014年在中山大学攻读神经外科硕士学位，2014年至2017年在中山大学攻读神经外科博士学位。自2017年起在中山大学附属第一医院工作，历任医师、主治医师，现任副主任医师。专注于神经肿瘤和癫痫、损伤修复的基础和临床研究，以第一作者在NEURO-ONCOLOGY、Nature communications、World Neurosurgery等国际知名期刊发表SCI论文多篇，主持国家自然科学青年基金一项及省部级科研基金两项。担任广东省精准医学会和广东省抗癌协会神经肿瘤分会委员，国家神经外科住培导师，广东省神经外科住培骨干导师，国家外科基础技能提升项目培训省级基地神经外科专科讲师，蛇牌学院-神经外科解剖培训讲师。,https://www.fahsysu.org.cn/sites/1h.prod.sysucloud1.sysu.edu.cn/files/styles/focal_point_480/public/2024-07/%E7%A5%9E%E7%BB%8F%E5%A4%96%E7%A7%91%2B%E4%BD%95%E7%A7%91%E5%90%9B%2B%E5%89%AF%E9%AB%98.jpg?itok=5Ac9YfNQ,TRUE,0,,,,颅底肿瘤、胶质瘤、难治性癫痫的外科治疗,中山大学神经外科博士，现任中山大学附属第一医院副主任医师。专注于神经肿瘤和癫痫的基础与临床研究，发表多篇SCI论文，主持国家级和省部级科研项目，并担任多个学术组织委员和培训导师。
4bc16548-4247-495a-bc91-c5a87dfd749e,,金华伟,副主任医师,中山大学附属第一医院,神经外科,"脑肿瘤和脊髓肿瘤诊治, 颅脑外伤诊治, 脑积水诊治, 胶质瘤显微手术治疗, 脑膜瘤显微手术治疗, 听神经瘤显微手术治疗, 脑出血外科手术治疗",该医生于1989年至1996年在中山医科大学完成临床医学七年制学习，1996年至1999年在中山医科大学附属第一医院神经外科担任住院医生，1999年至2008年在中山大学附属第一医院神经外科担任主治医生，2003年获得外科学临床医学博士学位，2008年至今在中山大学附属第一医院神经外科担任副主任医生。在学术研究方面，发表了多篇关于神经外科疾病的学术论文，包括听神经瘤显微手术、脑膜瘤显微手术、脊髓肿瘤显微手术等方面的研究成果。,https://www.fahsysu.org.cn/sites/1h.prod.sysucloud1.sysu.edu.cn/files/styles/focal_point_480/public/050541.jpg?itok=MQnjLt5f,TRUE,0,,,,神经外科疾病显微手术治疗,中山医科大学临床医学七年制毕业，2003年获外科学临床医学博士学位。1996年起在中山医科大学附属第一医院和中山大学附属第一医院神经外科工作，历任住院医生、主治医生，2008年至今担任副主任医生。在神经外科领域发表多篇学术论文，专注于显微手术治疗研究。
e00323f9-ef5c-444b-baf4-877a5d80ac08,,柯春龙,副主任医师,中山大学附属第一医院,神经外科,"立体定向与功能性神经外科疾病的手术治疗, 垂体瘤显微手术治疗, 胶质瘤显微手术治疗, 脑膜瘤显微手术治疗, 脑外伤手术治疗, 脑积水手术治疗, 高血压脑出血手术治疗",该医生于1989年至1994年在中山医科大学临床医学系毕业并留校，1998年至2001年获中山医科大学临床医学硕士学位，2002年至2005年获中山医科大学临床医学博士学位。自1999年起在中山大学附属第一医院神经外科工作，历任主治医师、副主任医师。在学术研究方面，发表了多篇关于神经外科疾病显微手术及神经干细胞研究的论文，其中涉及立体定向与功能性神经外科、垂体瘤、胶质瘤、脑膜瘤等颅内肿瘤的治疗，以及帕金森病模型研究。曾参与“垂体瘤临床与基础研究”项目，于2003年获教育部科技进步二等奖。,,TRUE,0,,,,神经外科疾病显微手术治疗,中山医科大学临床医学博士，现任中山大学附属第一医院神经外科副主任医师。长期从事神经外科临床工作，在立体定向与功能性神经外科、颅内肿瘤显微手术方面有丰富经验，发表多篇学术论文，曾获教育部科技进步二等奖。
226fc689-d4aa-4446-a2a7-c0474c92f2da,,廖创新,副主任医师,中山大学附属第一医院,神经外科,"颅脑肿瘤治疗, 胶质瘤治疗, 脑膜瘤治疗, 垂体瘤治疗, 听神经瘤治疗, 椎管内肿瘤治疗, 三叉神经痛治疗, 面肌痉挛治疗, 高血压脑出血治疗, 颅脑创伤治疗, 脑脓肿治疗, 脑积水治疗",该医生拥有神经外科博士研究生学历和医学博士学位，从事神经外科工作三十年。主持省市级科研项目3项，在《World Neurosurgery》等杂志发表第一作者SCI论文4篇。曾获2016年中山大学附属第一医院优秀党务工作者和2018年中山大学附属第一医院优秀党员荣誉。,https://www.fahsysu.org.cn/sites/1h.prod.sysucloud1.sysu.edu.cn/files/styles/focal_point_480/public/043825.jpg?itok=4LZpXlUj,TRUE,0,,,,颅脑肿瘤及神经外科疾病治疗,神经外科博士，从事神经外科工作30年，主持省市级科研项目3项，发表SCI论文4篇，曾获中山大学附属第一医院优秀党务工作者和优秀党员荣誉。
f66865d4-396b-487f-b81f-2f5a3c107bad,,梁丰,副主任医师,中山大学附属第一医院,神经外科,"脑血管病的开颅显微手术, 脑血管病的血管内介入治疗, 脑动脉瘤, 脑动静脉畸形, 颈动脉海绵窦瘘, 硬脑膜动静脉瘘, 脑海绵状血管瘤, 烟雾病",该医生于2001年至2008年在中山大学完成临床医学七年制硕士学习，2013年至2016年在中山大学获得临床医学博士学位。2008年至2013年担任中山大学附属第一医院神经外科医师，2013年至2020年任该院神经外科主治医师，2020年至今担任该院神经外科副主任医师。2011年至2012年曾作为访问学者在美国加州大学洛杉矶分校神经介入科进修。社会兼职方面，担任广东省医学会神经外科分会青年委员会秘书、广东省医学会介入分会神经介入组委员、广东省医师协会神经介入分会青年委员。,https://www.fahsysu.org.cn/sites/1h.prod.sysucloud1.sysu.edu.cn/files/styles/focal_point_480/public/%E7%A5%9E%E7%BB%8F%E5%A4%96%E7%A7%91-%E6%A2%81%E4%B8%B0-%E5%89%AF%E9%AB%98.jpg?itok=B7lGVE01,TRUE,0,,,,脑血管病开颅显微手术和血管内介入治疗,中山大学临床医学博士，现任中山大学附属第一医院神经外科副主任医师，曾在美国加州大学洛杉矶分校神经介入科访问学习，担任广东省医学会神经外科分会青年委员会秘书等社会职务。
ab767019-1fd3-4d5d-84b9-23cb7632bf3b,,吴新建,副主任医师,中山大学附属第一医院,神经外科,"脑肿瘤诊治, 脊髓肿瘤诊治, 脑外伤诊治, 脑血管病诊治, 椎管内肿瘤外科治疗, 颅颈结合部肿瘤外科治疗, 脊髓先天性疾病外科治疗, 脊髓髓内肿瘤外科治疗, 枕大孔区肿瘤外科治疗, 脊髓栓系综合症外科治疗, 脊髓脊膜膨出外科治疗",该医生1988年毕业于北京医科大学获医学学士学位，1997年获中山医科大学外科学硕士学位，2003年获中山大学外科学临床医学博士学位。2005年赴德国哥廷根大学附属医院神经外科进修学习。现任中国医师协会神经外科医师分会脊髓脊柱专家委员会委员。从事神经外科临床、教学与科研工作逾20年，发表多篇学术论文，其中“复杂性连头婴分离术”获2004年广东省科技进步三等奖，“垂体肿瘤临床与基础研究”获2003年教育部二等奖。,https://www.fahsysu.org.cn/sites/1h.prod.sysucloud1.sysu.edu.cn/files/styles/focal_point_480/public/052841.jpg?itok=zRR8mK35,TRUE,0,,,,神经外科疾病诊治，尤其擅长脊髓肿瘤外科治疗,北京医科大学医学学士、中山医科大学外科学硕士、中山大学外科学临床医学博士，德国哥廷根大学附属医院神经外科进修经历。从事神经外科临床、教学与科研工作逾20年，现任中国医师协会神经外科医师分会脊髓脊柱专家委员会委员，曾获广东省科技进步三等奖和教育部二等奖。
1233abf4-d2f0-4cd8-9822-bd0b9caae9d3,,谢宝树,副主任医师,中山大学附属第一医院,神经外科,"功能神经外科, 颅底/颅脑肿瘤诊疗, 帕金森病脑深部电刺激治疗, 特发性震颤脑深部电刺激治疗, 肌张力障碍脑深部电刺激治疗, 抽动秽语脑深部电刺激治疗, 脑膜瘤显微手术治疗, 胶质瘤显微手术治疗, 听神经瘤显微手术治疗, 脑室肿瘤显微手术治疗, 脑转移瘤显微手术治疗, 三叉神经痛微血管减压术, 面肌痉挛微血管减压术, 舌咽神经痛微血管减压术, 脑出血外科手术, 颅脑外伤外科手术, 脑积水外科手术, 颅骨缺损修补术, 脊髓电刺激昏迷促醒, 脑深部电刺激昏迷促醒",该医生博士毕业于上海交通大学，并在中山大学完成博士后研究。自2019年7月起在中山大学附属第一医院工作，历任医师、主治医师，自2025年1月起担任副主任医师。科研方面专注于神经损伤与再生的基础和临床研究，主持国家自然科学基金项目1项、省部级课题2项，以第一作者或通讯作者发表SCI论文8篇，其中两篇影响因子超过10分。担任国家神经外科住培师资和广东省神经外科住培骨干导师，曾获第一届神经外科诊疗能力大赛功能组十佳和全国DBS手术程控大赛第三名。,https://www.fahsysu.org.cn/sites/1h.prod.sysucloud1.sysu.edu.cn/files/styles/focal_point_480/public/2025-04/%E7%A5%9E%E7%BB%8F%E5%A4%96%E7%A7%91-%E8%B0%A2%E5%AE%9D%E6%A0%91-%E5%89%AF%E4%B8%BB%E4%BB%BB%E5%8C%BB%E5%B8%88_%E4%BF%AE%E6%94%B9%E7%99%BD%E5%BA%95.jpg?itok=Dh0Qciwq,TRUE,0,,,,功能神经外科与颅底/颅脑肿瘤诊疗,上海交通大学博士、中山大学博士后，现任中山大学附属第一医院副主任医师。主持国自然及省部级课题3项，发表SCI论文8篇，担任国家及省级住培导师，获神经外科诊疗大赛奖项。
1f1acf55-6800-4a9d-a835-b5ec4e56dfbb,,徐桂兴,副主任医师,中山大学附属第一医院,神经外科,"颅内良性病变临床诊治和基础研究, 脑膜瘤综合治疗, 颅内蛛网膜囊肿治疗, 脑积水分流治疗, 颅脑损伤临床诊治, 脑损伤程度评估和预后预测",该医生于2015年在中山大学获得博士学位，2016年获得中国医师协会神经外科专科医师认证。目前担任国家卫健委脑损伤质控中心技术工作委员会委员。近5年连续在全国中华医学神经外科年会上做会议发言，发表SCI文章8篇（第一和通讯作者），其中最高影响因子10.247，大于5分者3篇。2024年主编人民卫生出版社书籍1部。,https://www.fahsysu.org.cn/sites/1h.prod.sysucloud1.sysu.edu.cn/files/styles/focal_point_480/public/2025-02/%E7%A5%9E%E7%BB%8F%E5%A4%96%E7%A7%91%E5%BE%90%E6%A1%82%E5%85%B4%E5%89%AF%E9%AB%98.jpg?itok=Je2isen8,TRUE,0,,,,颅内良性病变和颅脑损伤诊治,中山大学博士，中国医师协会神经外科专科医师认证，现任国家卫健委脑损伤质控中心技术工作委员会委员。近5年连续在全国神经外科年会发言，发表SCI论文8篇，2024年主编人民卫生出版社书籍1部。
0adbcab0-d177-4d0b-8ff7-2fcebe698e65,,余振华,副主任医师,中山大学附属第一医院,神经外科,"脑肿瘤, 脊髓肿瘤, 颅脑外伤, 脑积水, 胶质瘤, 脑膜瘤, 显微手术治疗, 外科手术治疗, 脑出血疾病",该医生于1991年至1996年在中山医科大学攻读临床医学专业，1996年至2001年在中山医科大学附属第一医院神经外科担任住院医生，2005年获得神经外科学临床医学硕士学位，2001年至2009年在中山大学附属第一医院神经外科担任主治医生，2009年获得神经外科学临床医学博士学位，2009年至今在中山大学附属第一医院神经外科担任副主任医生。其社会兼职暂无。在学术方面，该医生发表了多篇第一作者文章，包括《儿童髓母细胞瘤的显微外科手术治疗42例临床分析》、《细胞周期因子4抑制因子a和星形细胞上调基因-1与少支胶质瘤的预后关系》等，并参与编写专著《地震灾害医学》。此外，该医生曾作为项目总负责人承担广东省科技计划项目，研究三氧化二砷抑制胶质瘤生长及差异蛋白组学分析。,https://www.fahsysu.org.cn/sites/1h.prod.sysucloud1.sysu.edu.cn/files/styles/focal_point_480/public/031725.jpg?itok=oKNGC58n,TRUE,0,,,,神经外科疾病诊治，擅长脑肿瘤显微手术,中山医科大学临床医学毕业，神经外科学临床医学博士，现任中山大学附属第一医院神经外科副主任医生，从事神经外科临床工作10余年。发表多篇第一作者学术论文，参与编写专著，并作为项目总负责人承担广东省科技计划项目。
9fc49b1f-e9d4-4010-bc5c-bc2630f7b810,,姚顺,副主任医师,中山大学附属第一医院,神经外科,"小儿神经外科, 成人脑肿瘤精准治疗, 内窥镜微创手术, 显微镜微创手术, 神经导航微创手术, 机器人辅助微创手术, 髓母细胞瘤, 室管膜瘤, 胶质瘤, 脑膜瘤, 颅咽管瘤, 垂体瘤, 生殖细胞肿瘤, 松果体区肿瘤, 脑转移瘤, 蛛网膜囊肿, 小脑扁桃体下疝畸形, 颅缝早闭, 先天性发育畸形, 后颅窝术后小脑缄默综合症, 脑积水, 颅脑损伤, 高血压脑出血, 综合治疗与康复",该医生毕业于南方医科大学（原第一军医大学）本硕博，曾在美国哈佛大学联合培养博士（国家公派留学），并在中山大学和美国哈佛医学院完成博士后研究。长期在中国人民解放军中部战区总医院神经外科工作。担任美国哈佛大学中国华南校友会委员、美国St. Jude儿童脑瘤全球联盟成员、美国神经病学峰会医学生委员会委员、美国神经病学协会国际会员、美国神经外科医师协会国际会员、中国欧美同学会医师协会神经肿瘤分会委员、广东省医疗应急专家组成员、广东省精准医学应用学会神经肿瘤分会委员、广东省卫生经济学会神经外科专业委员会常委。以第一作者/通讯作者发表SCI论文22篇（其中6篇中科院一区），Google引用次数1000+，h指数18，出版多部专著，主持国家、省级和市级基金共5项，受邀国际会议发言十余次，授权国际发明和中国发明专利3项、软件著作权6项，并担任美国神经影像协会官方期刊Journal of Neuroimaging编委、CNS Neuroscience & Therapeutics客座副主编、Cancer Imaging等多本SCI期刊长期审稿人。,https://www.fahsysu.org.cn/sites/1h.prod.sysucloud1.sysu.edu.cn/files/styles/focal_point_480/public/2025-04/%E7%A5%9E%E7%BB%8F%E5%A4%96%E7%A7%91_%E5%A7%9A%E9%A1%BA_%E5%89%AF%E9%AB%98%EF%BC%88%E4%BF%AE%E6%94%B9%E7%99%BD%E5%BA%95%EF%BC%89.jpg?itok=lCwtsx16,TRUE,0,,,,小儿神经外科与成人脑肿瘤精准微创治疗,南方医科大学本硕博，哈佛大学联合培养博士，中山大学及哈佛医学院博士后，长期在解放军中部战区总医院神经外科工作。担任多项国际国内学术职务，发表SCI论文22篇，主持多项科研基金，拥有多项专利和软件著作权，并担任多本SCI期刊编委和审稿人。
00926892-6fc2-4072-b6a0-1834a46375c0,,杨帅,"副主任医师, 硕士研究生导师",中山大学附属第一医院,神经外科,"颅脑外伤, 神经肿瘤, 急危重症诊治, 脑外伤重症早期急救, 脑外伤后期康复, 神经肿瘤微创治疗, 神经肿瘤内镜手术",该医生本科毕业于原第一军医大学，硕士、博士就读于原第二军医大学，2013-2014年留学美国加州大学洛杉矶分校UCLA Medical Center。2004年至2017年工作于原广州军区总医院神经外科，2018年起在中山大学附属第一医院神经外科工作。担任广东省医学会神经外科分会学组秘书，主持各类课题基金6项，经费100余万元，发表论文30余篇，其中SCI文章10余篇。,https://www.fahsysu.org.cn/sites/1h.prod.sysucloud1.sysu.edu.cn/files/styles/focal_point_480/public/2022-06/%E7%A5%9E%E7%BB%8F%E5%A4%96%E7%A7%91%20%E6%9D%A8%E5%B8%85.jpg?itok=SbnAzJN0,TRUE,0,,,,神经外科疾病诊治，擅长颅脑外伤和神经肿瘤,医学博士，硕士研究生导师，曾留学美国加州大学洛杉矶分校。从事神经外科工作近20年，先后在原广州军区总医院和中山大学附属第一医院神经外科工作，担任广东省医学会神经外科分会学组秘书，主持多项科研课题，发表多篇学术论文。
9f6883dc-73d8-461e-8857-00ce1c11d076,,章昌明,副主任医师,中山大学附属第一医院,神经外科,"神经外科常见病多发病诊治, 颅脑肿瘤手术治疗, 颅神经疾病微血管减压手术治疗, 运动障碍疾病脑深部电刺激手术治疗",该医生毕业于中南大学湘雅医学院与美国Emory University联合培养临床医学八年制博士，2014年至2016年在美国Emory University访问学习。2017年入职于中山大学附属第一医院神经外科。社会兼职包括广东省精准医学应用学会神经肿瘤分会委员、广东省精准医学应用学会颅神经分会委员、广东省健康管理学会疼痛多学科协作与管理专业委员会委员、国家神经外科住培导师、广东省神经外科住培骨干导师。科研方面专注于神经肿瘤、运动障碍疾病脑深部电刺激术、脑积水等的基础及临床研究，主持国家自然科学基金、广州市科技等项目，发表SCI论文多篇，获第二届中国神经外科医师诊疗能力大赛功能组（全国总决赛）二等奖。,https://www.fahsysu.org.cn/sites/1h.prod.sysucloud1.sysu.edu.cn/files/styles/focal_point_480/public/2025-04/%E7%A5%9E%E7%BB%8F%E5%A4%96%E7%A7%91_%E7%AB%A0%E6%98%8C%E6%98%8E_%E5%89%AF%E4%B8%BB%E4%BB%BB%E5%8C%BB%E5%B8%88.jpg?itok=c25kadJs,TRUE,0,,,,神经外科疾病诊治与手术治疗,中南大学湘雅医学院与美国Emory University联合培养临床医学八年制博士，美国Emory University访问学者，现任中山大学附属第一医院神经外科副主任医师。担任多个省级学会委员及住培导师，主持国家级和市级科研项目，发表多篇SCI论文，获全国神经外科医师诊疗能力大赛二等奖。
9e411b8d-79df-4843-b8b1-f8db49ff16df,,陈蕾,主任医师,中山大学附属第一医院,烧伤与创面修复科,"复杂难愈性创面修复, 疤痕防治, 妊娠纹修复, 面部年轻化",该医生于2007年毕业于中南大学湘雅医学院临床医学专业，获学士学位，后于2012年在中山大学附属第一医院获外科学博士学位，期间曾作为国家公派联合培养博士生赴美国杜克大学医学中心学习。自2012年起在中山大学附属第一医院工作，历任主治医师、副主任医师，2022年晋升为主任医师。2018年至2019年作为国家公派交流访问学者赴美国施莱纳斯儿童医院加尔维斯顿分院进修。在学术成就方面，荣获广东省自然科学杰出青年人才、广东特支计划领军人才、广东省杰出青年医学人才等荣誉，并在Chemical Engineering Journal、EBioMedicine、ACS Applied Materials & Interfaces等国际期刊发表多篇高水平学术论文。社会兼职方面，担任中华医学会烧伤外科学分会青年委员会委员、中国整形美容协会瘢痕医学分会委员、中国女医师协会整形美容-创面修复学组委员、广东省医学会烧伤分会第五届委员会委员、广东省整形美容协会青年学术委员会副主任委员、广东省医学教育协会创面修复专业委员会第一届常务委员等职务。,https://www.fahsysu.org.cn/sites/1h.prod.sysucloud1.sysu.edu.cn/files/styles/focal_point_480/public/2024-09/%E7%83%A7%E4%BC%A4%E4%B8%8E%E5%88%9B%E9%9D%A2%E5%A4%96%E7%A7%91_%E9%99%88%E8%95%BE_%E6%AD%A3%E9%AB%98_%E5%8E%8B%E7%BC%A9%E7%89%88.jpg?itok=dZ3rDTWU,TRUE,0,,,,创面修复、疤痕防治、皮肤年轻化,中山大学外科学博士，现任中山大学附属第一医院主任医师，曾在美国杜克大学医学中心和美国施莱纳斯儿童医院加尔维斯顿分院进修。荣获广东省自然科学杰出青年人才、广东特支计划领军人才等荣誉，在创面修复和疤痕防治领域发表多篇高水平学术论文，并担任多个国家级和省级学术委员会委员。
c3ac09d7-6455-4a97-825f-11d0fd9500ec,,胡志成,主任医师,中山大学附属第一医院,烧伤与创面修复科,"大面积严重烧伤救治, 特殊原因烧伤救治, 难愈性创面治疗, 瘢痕整形修复, 体表肿物与皮肤癌修复, 皮肤软组织创伤修复, 精准医学与康复医学治疗",该医生于2004年至2009年在中山大学中山医学院获得医学学士学位，随后在中山大学附属第一医院攻读外科学硕士和博士学位。自2014年起，在中山大学附属第一医院烧伤科工作，历任医师、主治医师，现任副主任医师。社会兼职方面，担任中国康复医学会烧伤治疗与康复学专业委员会委员、中国医学装备协会创面修复分会委员、中国医疗保健国际交流促进会整形美容外科学分会青年委员会委员。学术成就显著，参编多部专著，包括《外科学精编笔记与考研指南》、《烧伤康复治疗指南（2018版）》和《创面的康复》分册。主持多项科研课题，如国家自然科学基金青年项目和广东省科技计划项目，并获得广东省科学技术奖科技进步奖三等奖。,https://www.fahsysu.org.cn/sites/1h.prod.sysucloud1.sysu.edu.cn/files/styles/focal_point_480/public/110237.jpg?itok=2s6gv_hk,TRUE,0,,,,烧伤、创面修复与瘢痕整形,中山大学医学博士，现任中山大学附属第一医院烧伤科副主任医师。长期从事烧伤、整形、创面修复外科的医疗、教学和科研工作，担任多个专业学会委员，参编多部专著，主持国家及省级科研项目，并获得广东省科学技术奖。
796db59a-f2fd-449f-b059-e9912559e4bb,,刘旭盛,"主任医师, 教授, 博士生导师",中山大学附属第一医院,烧伤与创面修复科,"大面积特重烧伤救治, 特殊原因特殊部位烧伤治疗, 化学烧伤, 放射损伤, 电击伤, 热压伤, 皮肤撕脱伤, 吸入性损伤, 急慢性创面与严重感染的诊断治疗, 创面修复的手术与非手术治疗, 遗留瘢痕的矫正与修复",该医生于1979年至1984年在第三军医大学军医系学习，获学士学位；1984年至1987年在第三军医大学西南医院烧伤研究所攻读硕士学位；1987年至1991年在该所攻读博士学位。1998年至1999年在新西兰奥克兰大学医学院外科进修。1984年至1991年任第三军医大学西南医院烧伤研究所住院医师、助教；1991年至1994年任主治医师、讲师；1994年至2000年任副主任医师、副教授；1995年至2006年任硕士生导师；2000年至2006年任教授、主任医师；2001年至2006年任博士生导师。2006年起任广州中山大学附属第一医院烧伤科教授、主任医师、博士生导师。2013年起任该院外五党支部书记。社会兼职包括广东省医学会烧伤分会前任主任委员、中华医学会全国烧伤学会常务委员、中国康复医学会烧伤治疗与康复专业委员会常务委员、中国医师协会烧伤外科医师分会前任常务委员、广东省医师协会烧伤分会前任副主任委员。发表学术论文数十篇，参编多部专著，参与获得国家科技进步二等奖、军队科技进步一等奖等多项奖项。,https://www.fahsysu.org.cn/sites/1h.prod.sysucloud1.sysu.edu.cn/files/styles/focal_point_480/public/111613.jpg?itok=wdpHYGTM,TRUE,0,,,,烧伤救治、创面修复与瘢痕矫正,第三军医大学医学博士，现任广州中山大学附属第一医院烧伤科主任医师、教授、博士生导师。长期从事烧伤临床与科研工作，曾任第三军医大学西南医院烧伤研究所副主任医师、副教授，2006年起在中山一院任职。担任广东省医学会烧伤分会前任主任委员等多项学术职务，发表论文数十篇，参编多部专著，参与获得国家科技进步二等奖等多项奖项。
d2f65a35-033b-42d6-9dce-1bcdb36825da,,舒斌,主任医师,中山大学附属第一医院,烧伤与创面修复科,"大面积烧伤救治, 特殊烧伤治疗, 瘢痕综合治疗, 慢性溃疡修复, 皮肤疾病激光治疗",该医生于2007年7月至2010年12月在中山大学附属第一医院烧伤外科担任住院医师，2011年1月至2015年12月任主治医师，2015年12月至2022年12月任副主任医师，2022年12月至今任主任医师。社会兼职包括中华医学会组织修复与再生分会委员、中华医学会烧伤外科学分会青委副主委、中国医师学会显微外科分会难愈性创面学组副主任委员、复旦医院排行榜评委专家、中国临床案例数据学术委员会委员、中华损伤与修复杂志（电子版）编委、广东省医师协会烧伤科医师分会委员兼秘书。科研方面主要围绕创面愈合机制及瘢痕发生机制开展研究，主持省部级以上基金6项（含国家自然科学基金面上项目2项），在国内外期刊发表20余篇文章（最高影响因子13.4），获得授权专利4项，参编译专著5部。,https://www.fahsysu.org.cn/sites/1h.prod.sysucloud1.sysu.edu.cn/files/styles/focal_point_480/public/2025-02/%E7%83%A7%E4%BC%A4%E4%B8%8E%E5%88%9B%E9%9D%A2%E4%BF%AE%E5%A4%8D%E7%A7%91_%E8%88%92%E6%96%8C_%E6%AD%A3%E9%AB%98.jpg?itok=Jygy4sQc,TRUE,0,,,,烧伤救治、瘢痕治疗、慢性溃疡修复,现任中山大学附属第一医院烧伤外科主任医师，从事烧伤外科临床工作16年，历任住院医师、主治医师、副主任医师。担任中华医学会烧伤外科学分会青委副主委等多个学术职务，主持省部级以上科研项目6项，发表学术论文20余篇，获授权专利4项。
c9908661-b076-458b-b504-1d01dab374a1,,谢举临,主任医师,中山大学附属第一医院,烧伤与创面修复科,"烧伤治疗, 瘢痕治疗, 慢性创面修复, 糖尿病足治疗, 静脉性溃疡治疗, 外伤创面治疗, 血管闭塞创面治疗, 褥疮治疗, 头面部烧伤后遗症治疗, 双手烧伤后遗症治疗, 大面积烧伤治疗, 高压电击伤治疗, 化学烧伤治疗, 手热压伤治疗",该医生长期从事烧伤、瘢痕和各种急、慢性创面修复的临床和基础研究工作，获得国家教育部科技进步一等奖1项、广东省科技进步二等奖1项、广东省科技进步三等奖1项、广州市科技进步二等奖1项，获得国家发明和实用新型专利8项。主持国家自然科学基金6项、省市科研基金10余项，发表科研论文一百多篇，其中SCI论文30多篇。担任中国医疗保健国际交流促进会烧伤医学分会副主委、广东省健康管理学会创面修复专委会主任委员、广东省医学会烧伤分会副主任委员、中国医师协会创伤外科医师分会第三届委员会委员、中国医师协会整形美容分化瘢痕专业组常委、中国医疗保健国际交流促进会创面修复与再生分会常委、中华医学会烧伤外科分会全国青年委员、国家卫生应急处置指导烧伤专业组专家、国家自然基金评审专家。,https://www.fahsysu.org.cn/sites/1h.prod.sysucloud1.sysu.edu.cn/files/styles/focal_point_480/public/2023-03/%E7%83%A7%E4%BC%A4%E4%B8%8E%E5%88%9B%E9%9D%A2%E4%BF%AE%E5%A4%8D%E7%A7%91%20%E8%B0%A2%E4%B8%BE%E4%B8%B4%20%E6%AD%A3%E9%AB%98.jpg?itok=2FT4z8WU,TRUE,0,,,,烧伤、瘢痕和慢性创面修复治疗,长期从事烧伤、瘢痕和创面修复临床研究工作，获得多项国家级和省级科技进步奖，拥有8项国家专利，主持国家自然科学基金6项，发表SCI论文30多篇，担任多个国家级和省级烧伤、创面修复相关学术组织重要职务。
74ed353f-64db-4a43-b012-6689e0b270bd,,徐盈斌,"主任医师, 博士生导师",中山大学附属第一医院,烧伤与创面修复科,"大面积严重烧伤救治, 瘢痕综合防治, 复杂创面修复, 体表肿物整形修复, 整形美容手术, 瘢痕及色素性疾病激光治疗, 封闭负压技术, 复合植皮及皮瓣技术",该医生于1991年7月至1998年8月在江西医学院附属第一医院江西烧伤中心及整形美容科担任住院医师、主治医师，2001年7月至2006年12月在中山大学附属第一医院烧伤科担任主治医师，2007年1月至2016年12月在中山大学附属第一医院烧伤科、特需医疗美容中心担任副主任医师、硕士生导师，2017年1月至今在中山大学附属第一医院烧伤与创面修复科、特需医疗美容中心担任主任医师、博士生导师。现任中华医学会烧伤分会临床学组成员、中华医学会烧伤分会重症学组成员、中国整形美容协会瘢痕医学分会委员、中国整形美容协会抗衰老分会第二届理事会常务理事、中华医学会老年烧创伤分会第二届委员会委员、中国康复医学会修复重建外科专业委员会瘢痕学组委员、海峡两岸医药卫生交流协会第一届烧创伤暨组织修复专业委员会常务委员、广东省中西医结合学会创面处理分会副主任委员、广东省教育协会创面处理分会副主任委员、广东省整形美容协会整形美容外科分会副主任委员、广东省整形美容协会医疗美容质量管理分会第一届委员会常务委员、广东省医学美容学会抗衰老分会第二届委员会常务委员、广东省医学会整形分会委员、广东省医师协会烧伤分会常委、广东省激光医学分会委员等。主要科研方向为瘢痕防治、创面愈合和组织工程皮肤，主持及参加国家自然科学基金、省科技计划、省自然科学基金等科研课题30余项，发表及参与发表论文100余篇，曾获国家科技进步一等奖（排名第四）、广东省科技进步三等奖和广州市科技进步二等奖。,https://www.fahsysu.org.cn/sites/1h.prod.sysucloud1.sysu.edu.cn/files/styles/focal_point_480/public/2023-03/%E7%83%A7%E4%BC%A4%E4%B8%8E%E5%88%9B%E9%9D%A2%E4%BF%AE%E5%A4%8D%E7%A7%91%20%E5%BE%90%E7%9B%88%E6%96%8C%20%E4%B8%BB%E4%BB%BB%E5%8C%BB%E5%B8%88.jpg?itok=UtTxOrW7,TRUE,0,,,,烧伤、创面修复、瘢痕防治、整形美容,该医生自1991年起从事烧伤、创面修复、瘢痕防治、整形美容的临床、教学和科研工作，现任中山大学附属第一医院烧伤与创面修复科、特需医疗美容中心主任医师、博士生导师，担任中华医学会烧伤分会临床学组成员、中国整形美容协会瘢痕医学分会委员等多项学术职务，主持及参加科研课题30余项，发表论文100余篇，曾获国家科技进步一等奖等多项奖励。
22d2ba1c-3ade-4727-9e45-09c78d97f6c3,,朱家源,"主任医师, 教授, 博士生导师",中山大学附属第一医院,烧伤与创面修复科,"烧伤救治, 创面修复, 整形康复, 烧烫伤治疗, 增生瘢痕治疗, 难愈合创面治疗, 压疮治疗, 软组织损伤和缺损治疗, 白癜风治疗, 痤疮后疤痕治疗, 自体皮肤细胞移植再生技术, 糖尿病足治疗, 术后伤口不愈合治疗, 皮肤色脱治疗, 物理治疗调节组织稳态平衡, 术后伤口无痕愈合",该医生于1985年毕业于西安医科大学获学士学位，1993年获中山医科大学硕士学位，2004年获中山医科大学博士学位。1985年起在中山大学附属第一医院工作，历任住院医师、讲师、主治医师、副教授、副主任医师、硕士生导师、教授、主任医师、博士生导师，曾担任大外科副主任、外科教研室副主任、烧伤外科副主任，现任三级教授、二级主任医师、博士生导师。担任中国康复医学会烧伤治疗和康复学专业委员会主任委员、中华医学会烧伤外科学分会临床学组委员、中华医学会创伤学分会创伤药物与转化应用学组委员、中华医学会广州市烧伤分会常委。在SCI及中文核心期刊发表论著130余篇，获国家发明专利6项、实用新型专利15项，主编《创面的康复》《烧伤康复指南（2020版）》等专著。曾获中国康复医学会科学技术奖一等奖、华夏医学科技二等奖、中华医学会医学科技奖三等奖、广东省科学技术奖科技进步奖等多项荣誉。,https://www.fahsysu.org.cn/sites/1h.prod.sysucloud1.sysu.edu.cn/files/styles/focal_point_480/public/2022-07/%E6%9C%B1%E5%AE%B6%E6%BA%90.jpg?itok=Kz_wfdIq,TRUE,0,,,,烧伤、创面修复、整形康复,中山医科大学博士，现任中山大学附属第一医院三级教授、二级主任医师、博士生导师，从事烧伤、创面修复、整形康复临床工作37年。担任中国康复医学会烧伤治疗和康复学专业委员会主任委员，发表SCI及核心期刊论文130余篇，获国家发明专利6项，主编多部专著，曾获中国康复医学会科学技术奖一等奖等多项荣誉。
a3ea902d-9964-4cf2-a635-be60c463a669,,赵菁玲,"副主任医师, 硕士研究生导师",中山大学附属第一医院,烧伤与创面修复科,"烧伤救治, 创面修复, 瘢痕防治, 皮肤软组织损伤治疗, 烫伤治疗, 化学烧伤治疗, 电烧伤治疗, 放射性损伤治疗, 增生性瘢痕治疗, 瘢痕疙瘩治疗, 急慢性创面治疗, 体表肿物治疗",该医生于2016年获得中山大学附属第一医院博士学位，期间曾在美国西北大学Feinberg School of Medicine进行联合培养。自2016年起在中山大学附属第一医院工作，历任住院医师、主治医师，现任副主任医师及硕士研究生导师。科研方面，以第一作者在Cell子刊Developmental Cell发表论著1篇，在皮肤学Top期刊Journal of Investigative Dermatology发表论著3篇，并在其他高水平期刊共发表论著10余篇。主持国家自然科学基金面上基金、青年基金项目各1项，以及广东省自然科学基金、广州市科技计划等项目，获评中山大学附属第一医院“柯麟新锐人才”。曾获中华医学会烧伤外科分会全国优秀青年论文一等奖、二等奖、三等奖及青年学者国际学术交流奖，并获国家优秀博士研究生奖学金。学术任职包括中国装备学会创面修复分会委员、中华医学会烧创伤修复重建与康复专业委员会委员、中国研究型医院学会烧创伤修复重建与康复专业委员会委员、广东省医学教育协会创面修复专业委员会委员、广东省器官医学与技术学会创面修复委员会常委/秘书、广东省医学会烧伤学分会创面修复学组秘书。,https://www.fahsysu.org.cn/sites/1h.prod.sysucloud1.sysu.edu.cn/files/styles/focal_point_480/public/2023-06/%E7%83%A7%E4%BC%A4%E4%B8%8E%E5%88%9B%E9%9D%A2%E4%BF%AE%E5%A4%8D%E7%A7%91%20%E8%B5%B5%E8%8F%81%E7%8E%B2%20%E5%89%AF%E9%AB%98.jpg?itok=Xev7uN9E,TRUE,0,,,,烧伤救治、创面修复与瘢痕防治,中山大学附属第一医院博士，现任该院副主任医师及硕士研究生导师。以第一作者在Developmental Cell、Journal of Investigative Dermatology等期刊发表多篇论著，主持国家自然科学基金等项目，获评“柯麟新锐人才”。担任多个学术组织委员，曾获全国优秀青年论文一等奖等荣誉。
019527df-7201-43b0-a689-dc6d61381524,,陈炜,"主任医师, 教授, 博士生导师",中山大学附属第一医院,泌尿外科,"泌尿系肿瘤诊治, 泌尿系结石诊治, 肾上腺疾病诊治, 前列腺疾病诊治, 腹腔镜微创技术, 达芬奇机器人辅助手术, 腔镜手术, 腹腔镜前列腺癌根治手术, 机器人辅助前列腺癌根治手术, 膀胱癌根治手术, 肾癌保肾手术, 肾上腺瘤切除手术, 肾盂输尿管畸形整形手术",该医生于1985年本科毕业，1995年获硕士学位，1999年获博士学位。担任多年全英班本科教学，已招收博士生10名及硕士研究生5名。现任中国医师协会泌尿外科分会委员、中国抗癌协会泌尿生殖肿瘤专业委员会委员、广东省抗癌协会泌尿生殖肿瘤专业委员会主任委员、广东省泌尿生殖协会泌尿微创分会主任委员、广东省健康管理学会泌尿及男科学会副主任委员、广东省医学会泌尿外科分会委员兼微创学组副组长。近年来已发表30余篇SCI收录论文，主编手术学专著2部（人民卫生出版社）。曾获2013年广东省科技进步三等奖、2016年广东省优生优育协会三等奖。目前主持国家自然科学基金面上项目3项、广州市科技计划项目1项、中山大学5010计划1项、广东省自然科学基金1项，并参与国家自然科学基金重点项目1项、中山大学大数据库建立肾癌研究1项。,https://www.fahsysu.org.cn/sites/1h.prod.sysucloud1.sysu.edu.cn/files/styles/focal_point_480/public/2023-06/%E9%99%88%E7%82%9C-%E7%99%BD%E5%A4%A7%E8%A4%82.jpg?itok=Ss1scQ85,TRUE,0,,,,泌尿系肿瘤及微创技术（腹腔镜、机器人手术）,该医生拥有博士学位，长期从事泌尿外科临床与教学工作，培养多名研究生。现任多个国家级和省级专业学会委员及主任委员，发表SCI论文30余篇，主编专著2部，获省级科技进步奖，主持多项国家级和省级科研项目。
c4acd68a-0774-4050-b7af-fd4adb77d365,,陈俊星,主任医师,中山大学附属第一医院,泌尿外科,"泌尿系肿瘤, 微创腔内泌尿外科, 腹腔镜下泌尿外科微创手术, 肾上腺手术, 肾癌根治手术, 膀胱癌根治手术, 前列腺癌根治手术, 前列腺电切, 膀胱肿瘤电切, 经皮肾镜碎石术, 输尿管镜, 男性不育, 勃起功能障碍, 前列腺炎",该医生1995年毕业于中山医科大学七年制本硕连读班，2003年获泌尿外科博士学位，2010年于美国哈佛大学麻省总医院做访问学者。现任第一届中华医学会泌尿外科分会全国青年委员、广东省中西医结合委员会委员、广东省抗癌协会委员。,https://www.fahsysu.org.cn/sites/1h.prod.sysucloud1.sysu.edu.cn/files/styles/focal_point_480/public/071341.jpg?itok=iXzUl85O,TRUE,0,,,,泌尿系肿瘤与微创腔内泌尿外科手术,中山医科大学本硕连读毕业，获泌尿外科博士学位，曾在美国哈佛大学麻省总医院访问学习，担任中华医学会泌尿外科分会全国青年委员等社会职务。
ec81af72-9ae7-4302-bc5f-631212c161bd,,陈凌武,"主任医师, 教授",中山大学附属第一医院,泌尿外科,"机器人辅助腹腔镜保留性功能及控尿功能的前列腺癌根治手术, 良恶性肾肿瘤保留肾脏手术, 泌尿系肿瘤诊治, 泌尿系先天畸形诊治, 肾上腺肿瘤诊治, 前列腺增生诊治",该医生1980-1986年在中山医科大学本科学习，1992-1995年在中山大学攻读博士学位，1986年于中山医科大学毕业留校工作至今。2017年至今任中山大学附属第一医院泌尿外科主任、手术麻醉中心主任、大外科主任、外科教研室主任。曾获卫生部科技进步二等奖、中国高校科学技术二等奖、广东省科学技术进步二等奖、广东省科学技术进步三等奖，荣获“岭南名医”“羊城好医生”“金刀奖”“广州名医”“广东医师奖”“广东医院优秀临床科主任”等荣誉。担任中华医学会泌尿外科分会委员、中华医学会泌尿外科分会机器人学组副组长、中国医师协会泌尿外科医师分会委员、中国医师协会医学机器人医师分会常务委员、广东省医学会泌尿外科学分会候任主任委员兼机器人学组组长，兼任《机器人外科学杂志》常务编委、《现代泌尿生殖肿瘤杂志》副主编、《中华实验外科杂志》编委、《临床泌尿外科杂志》编委，2007年至今为中国泌尿外科疾病诊断治疗指南（肿瘤）编委、分编副主编。作为项目负责人主持国家自然科学基金、广东省泌尿系统疾病临床医学中心科研项目等，发表SCI收录及国内核心期刊论文60余篇，主编《泌尿外科手术学》等专著3部。,https://www.fahsysu.org.cn/sites/1h.prod.sysucloud1.sysu.edu.cn/files/styles/focal_point_480/public/2024-06/%E9%99%88%E5%87%8C%E6%AD%A6%E6%95%99%E6%8E%88%20%E5%8E%8B%E7%BC%A9.jpg?itok=AU4IKem0,TRUE,0,,,,泌尿系肿瘤微创手术及先天畸形诊治,中山大学医学博士，现任中山大学附属第一医院泌尿外科主任、大外科主任，从事医教研工作近40年。获多项省部级科技进步奖，担任中华医学会泌尿外科分会委员等学术职务，主持国家级科研项目，发表论文60余篇，主编专著3部。
44f66deb-f990-4e72-a085-f9060674352d,,陈旭,主任医师,中山大学附属第一医院,泌尿外科,"肾癌外科手术治疗, 肾盂输尿管癌外科手术治疗, 膀胱癌外科手术治疗, 前列腺癌外科手术治疗, 肾上腺肿瘤外科手术治疗, 微创腹腔镜手术, 腔内泌尿外科手术, 腹腔镜肾癌根治术, 肾盂癌根治术, 肾癌保肾手术, 肾上腺肿瘤切除术, 膀胱肿瘤切除术, 经尿道前列腺电切术, 经输尿管软镜碎石取石术, 皮肾镜碎石取石术, 中晚期肾癌规范化多学科治疗, 肾上腺皮质癌规范化多学科治疗, 肾盂癌规范化多学科治疗",该医生本科毕业于华中科技大学同济医学院临床医学专业，同年免试留校直接攻读外科学博士学位，期间获中美联合培养博士资格公派赴美国约翰霍普金斯大学医学院留学。获外科学博士学位后于中山大学附属第一医院泌尿外科工作，曾受邀赴香港中文大学威尔士亲王医院交流学习。现任中华医学会泌尿外科学分会基础学组委员兼副秘书长、广东省医学会泌尿外科分会青年委员会副主任委员、国家住院医师规范化培训结业考核题库建设专家、中国抗癌协会泌尿生殖系肿瘤专业青年委员、海峡两岸医药卫生交流协会泌尿外科专委会青年委员会委员、广东省抗癌协会泌尿生殖系肿瘤专业青年常委、广东省泌尿生殖协会泌尿微创学分会委员、广东省杰出青年医学人才（第一批）、广州市珠江科技新星、中山大学附属第一医院特需人才库青年专家，并担任《中华实验外科杂志》《现代泌尿生殖肿瘤杂志》《国际泌尿系统杂志》编委。独立主持两项国家自然科学基金以及五项省部和校级科研基金项目，在《Cancer Research》《Clinical Cancer Research》等杂志发表肿瘤相关研究论文20余篇，参编《肾癌全程管理与精选病例评析》《腹膜外机器人与腹腔镜手术学》等专著，曾获中山大学附属第一医院青年教师讲课比赛全英组三等奖。,https://www.fahsysu.org.cn/sites/1h.prod.sysucloud1.sysu.edu.cn/files/styles/focal_point_480/public/2022-07/%E6%B3%8C%E5%B0%BF%E5%A4%96%E7%A7%91%20%E9%99%88%E6%97%AD%20%E6%AD%A3%E9%AB%98.jpg?itok=JCdkixeV,TRUE,0,,,,泌尿系统肿瘤微创外科手术及多学科治疗,华中科技大学同济医学院临床医学本科毕业，免试攻读外科学博士学位，期间公派赴美国约翰霍普金斯大学医学院留学。现任中山大学附属第一医院泌尿外科医生，担任中华医学会泌尿外科学分会基础学组委员兼副秘书长等多项学术兼职，主持国家自然科学基金等项目，发表SCI论文20余篇，参编专著，获广东省杰出青年医学人才等荣誉。
65ae8152-503a-4e0f-ac1c-99ced06ec620,,戴宇平,"主任医师, 教授",中山大学附属第一医院,泌尿外科,"泌尿外科疾病, 尿路结石, 泌尿生殖系肿瘤, 男性性功能障碍, 男性不育症, 前列腺疾病, 肾上腺疾病, 肾肿瘤, 膀胱肿瘤, 免疫学治疗, 靶向治疗, 手术治疗, 肾上腺肿瘤, 泌尿系损伤, 尿流改道",该医生于1982年本科毕业，先后获得硕士、博士学位，毕业后一直在中山大学附属第一医院泌尿外科从事临床、教学和科研工作。担任中华泌尿外科学会广东省分会常委、中国医师协会广东省泌尿外科分会副主委等社会职务。在《中华泌尿外科杂志》、《Cancer Genetics and Cytogenetics》等专业期刊上发表论著三十余篇，主编和参编《泌尿外科疾病临床诊断与治疗方案》、《临床肾移植学》、《泌尿外科手术学》、《男科手术学》等八本专著。2003年，其研究成果《提高肾移植术后人/肾生存率的系列研究》荣获广东省科学技术二等奖。,https://www.fahsysu.org.cn/sites/1h.prod.sysucloud1.sysu.edu.cn/files/styles/focal_point_480/public/072735.jpg?itok=sA9GkxVo,TRUE,0,,,,泌尿外科疾病诊治，尤其擅长泌尿生殖系肿瘤治疗,中山大学附属第一医院泌尿外科医生，拥有硕士、博士学位，长期从事临床、教学和科研工作。担任中华泌尿外科学会广东省分会常委等职务，发表学术论文三十余篇，参编专著八本，2003年获广东省科学技术二等奖。
43fcfac8-8001-4f98-8c22-0f9394e5f352,,邓春华,"主任医师, 教授",中山大学附属第一医院,泌尿外科/男科,"男性不育, 精索静脉曲张, 性功能障碍, 前列腺疾病, 雄激素低下, 阴茎弯曲, 隐匿阴茎, 隐睾, 阴茎硬结症, 血精, 显微精索静脉曲张手术, 梗阻性无精子症显微/微创治疗, 外生殖器矫形(整形)手术, 人工海绵体(阴茎假体)植入术, 保护性功能与尿控功能的前列腺疾病微创手术, 睾丸/阴茎/前列腺/肾/输尿管/膀胱肿瘤, 男性健康与抗衰管理, 健康生育指导, 泌尿男科电生理技术",该医生担任中华医学会男科学分会主任委员、国家卫生健康委医药卫生科技发展研究中心项目专家、《中华男科学杂志》名誉主编、广东省干细胞临床研究专家委员会委员、香港医学科学院资深院士等社会兼职。承担各级科研基金30余项，获国家专利13项，荣获广东省科技进步二等奖、广东优生优育技术进步一等奖，2017年获首届“国之名医·卓越建树”称号，2018年获第一批“广东省医学领军人才”称号，2015年获“中华医学会男科学分会杰出贡献奖”，2014年获“首届中国男性健康科普专家”称号。发表论文200余篇，其中SCI收录90余篇，主编中华医学会《男科疾病诊治指南》2022版、《男科疾病诊疗常规》等行业规范性文件，以及《男科手术学》《显微男科手术学》《精索静脉曲张诊疗手册》等专著和男性健康系列科普丛书。培养博士/硕士研究生、博士后50余名，倡议发起“中国男科强基层燎原工程”，在全国28个省市自治区开展培训100余场，受益基层医生8000余名。,https://www.fahsysu.org.cn/sites/1h.prod.sysucloud1.sysu.edu.cn/files/styles/focal_point_480/public/2024-12/%E6%B3%8C%E5%B0%BF%E5%A4%96%E7%A7%91_%E9%82%93%E6%98%A5%E5%8D%8E_%E6%AD%A3%E9%AB%98.jpg?itok=DknYPIOu,TRUE,0,,,,男科疾病诊治与显微手术,中华医学会男科学分会主任委员，承担科研基金30余项，获国家专利13项及多项省级奖项，发表SCI论文90余篇，主编行业指南和专著，培养研究生50余名，发起男科规范化培训工程惠及基层医生8000余名。
5e4795dd-afa9-4e12-a79b-3595c1c3f5bb,,黄斌,主任医师,中山大学附属第一医院,泌尿外科,"泌尿及生殖系统肿瘤临床诊治,膀胱癌微创切除手术,高危患者保膀胱综合治疗,根治性膀胱治疗,术后疾病控制管理,前列腺癌个体化治疗,机器人辅助前列腺癌根治术,新型内分泌治疗,术后随访管理,肾癌诊治,泌尿系结石诊治,前列腺增生诊治,泌尿系统畸形诊治,泌尿外科手术,微创泌尿外科技术",该医生于2013年博士毕业于中山大学附属第一医院泌尿外科并留院工作，2011年至2013年赴美国康奈尔大学纽约长老会医院留学（国家公派），2016年赴日本冈山大学附属医院交流（访问学者）。担任广东省医师协会泌尿外科医师分会委员、广东省健康管理学会男性健康专业委员会委员、广东省泌尿生殖协会泌尿微创分会委员、广东省泌尿生殖协会男性健康管理学分会委员、广东省泌尿生殖协会肾脏外科学分会委员。在《Cancer Letters》、《Cancer Research and Clinical Oncology》、《World Journal of Urology》、《J Cell Mol Med》、《中华泌尿外科杂志》等国内外学术杂志上发表学术论文20余篇，其中SCI论文10余篇。主持国家自然科学基金1项、广东省自然科学基金项目1项、广东省科技计划项目1项。,https://www.fahsysu.org.cn/sites/1h.prod.sysucloud1.sysu.edu.cn/files/styles/focal_point_480/public/2023-05/%E6%B3%8C%E5%B0%BF%E5%A4%96%E7%A7%91%20%E9%BB%84%E6%96%8C%20%E5%89%AF%E9%AB%98.jpg?itok=Gs-O8Wc9,TRUE,0,,,,泌尿及生殖系统肿瘤临床诊治，尤其擅长膀胱癌和前列腺癌,中山大学附属第一医院泌尿外科博士，曾赴美国康奈尔大学纽约长老会医院和日本冈山大学附属医院交流学习。担任多个广东省泌尿外科相关协会委员，发表学术论文20余篇（SCI论文10余篇），主持国家级和省级科研项目3项。
cb15c1fa-e200-468e-8439-cbfdaf51421a,,李晓飞,"主任医师, 博士生导师",中山大学附属第一医院,泌尿外科,"肾上腺肿瘤诊断及治疗, 肾肿瘤诊断及治疗, 膀胱肿瘤诊断及治疗, 泌尿系统肿瘤诊断及治疗, 泌尿外科微创手术, 腹腔镜手术, 前列腺电切, 经皮肾镜取石手术",该医生1985年毕业于湖南医科大学医疗系，1987年在中山医科大学攻读临床医学博士学位，1992年博士毕业后在中山医科大学附一院泌尿外科工作至今，从事泌尿系肿瘤研究工作近20余年。1994年晋升副教授及副主任医师，2004年晋升主任医师及博士生导师。发表国内外核心论文近50余篇，其中SCI多篇，参编《泌尿外科手术学》等专著，主持和参与卫生部、广东省科委、市科委等基金近十余项。,https://www.fahsysu.org.cn/sites/1h.prod.sysucloud1.sysu.edu.cn/files/styles/focal_point_480/public/073512.jpg?itok=8it9TeJv,TRUE,0,,,,泌尿系统肿瘤诊断治疗及微创手术,1985年毕业于湖南医科大学医疗系，1992年获中山医科大学临床医学博士学位，后在中山医科大学附一院泌尿外科工作至今。1994年晋升副教授及副主任医师，2004年晋升主任医师及博士生导师。从事泌尿系肿瘤研究20余年，发表核心论文50余篇，参编专著，主持参与多项科研基金。
30c04387-0497-4a63-a529-394a9aba14b0,,罗俊航,"主任医师, 教授",中山大学附属第一医院,泌尿外科,"达芬奇机器人手术治疗肾肿瘤, 达芬奇机器人手术治疗前列腺癌, 达芬奇机器人手术治疗膀胱癌, 达芬奇机器人手术治疗肾上腺巨大复杂肿瘤, 巨大复杂肾肿瘤的切瘤保肾手术, 晚期肾癌综合治疗, 肾盂输尿管癌综合治疗, 前列腺癌综合治疗, 膀胱癌综合治疗",该医生本科、硕士、博士毕业于中山大学（原中山医科大学），曾在美国德克萨斯州大学西南医学中心泌尿外科担任访问学者（2013年-2015年）。现任中华医学会泌尿外科学分会肾癌研究协作组副组长、中国抗癌协会首届青年理事会副理事长、中国抗癌协会肿瘤精准治疗专业委员会委员、广东省抗癌协会泌尿生殖系肿瘤专业委员会候任主任委员、广东省医学会机器人外科学分会常务委员。其泌尿系肿瘤精准诊疗研究成果发表在《柳叶刀·肿瘤》、《柳叶刀·数字健康》、《自然·通讯》等国际著名专业期刊，单篇最高影响因子41.6，研究成果被美国国立综合癌症网络（NCCN）肾癌指南及欧洲泌尿外科学会（EAU）指南采纳。参与编写《吴阶平泌尿外科学》、《膀胱癌》、《泌尿外科疾病临床诊断与治疗方案》等学术专著，作为第一执笔专家编写前列腺癌化疗的中国专家共识，参与编写成教版第四版《外科学》全国统编教材。曾获广东省“特支计划”科技领军人才、广东省千百十人才工程省级培养对象、中山大学优秀青年教师、中山大学附属第一医院杰出青年人才培养对象等荣誉，并担任中山大学附属第一医院“五个五”工程项目负责人（泌尿系统肿瘤的精准诊疗）。,https://www.fahsysu.org.cn/sites/1h.prod.sysucloud1.sysu.edu.cn/files/styles/focal_point_480/public/2023-06/%E7%BD%97%E4%BF%8A%E8%88%AA-%E7%99%BD%E5%A4%A7%E8%A4%82.jpg?itok=IvNsnVjF,TRUE,0,,,,泌尿系统肿瘤的达芬奇机器人手术与综合治疗,中山大学医学博士，美国德克萨斯州大学西南医学中心访问学者。现任中华医学会泌尿外科学分会肾癌研究协作组副组长、中国抗癌协会首届青年理事会副理事长等职。其泌尿系肿瘤精准诊疗研究成果发表于《柳叶刀·肿瘤》等高影响因子期刊，被NCCN和EAU指南采纳，参与编写多部学术专著和全国统编教材，获广东省“特支计划”科技领军人才等荣誉。
b34e4db9-2703-442b-8a9f-e18a5e529718,,梁月有,"主任医师, 教授",中山大学附属第一医院,泌尿外科,"泌尿外科微创手术, 泌尿系肿瘤微创手术, 泌尿系结石微创手术, 先天性畸形微创手术, 女性泌尿疾病诊断治疗, 下尿路功能障碍诊断治疗, 泌尿系肿瘤, 泌尿系结石, 前列腺疾病, 尿失禁, 下尿路功能障碍解剖功能重建",该医生1988年7月毕业于中山医科大学临床系，1995年提前攻读外科博士学位，1998年获得外科博士学位。1993年11月开始任主治医师、讲师，1998年11月开始任副主任医师、副教授，2004年11月任主任医师、教授，一直在中山大学附属第一医院泌尿外科从事医疗、教学、科研工作。担任中华医学会广东泌尿外科分会尿控学组副组长、广东省泌尿生殖协会尿控学分会主任委员、广东省泌尿生殖协会泌尿肿瘤分会副主任委员。在《中华泌尿外科杂志》、《中华肾脏病杂志》、《中国免疫学杂志》、《中国肿瘤临床杂志》、《癌症》、《临床泌尿外科杂志》、《Asian Journal of Andrology》、《International Journal of Urology》等全国核心期刊及SCI期刊发表论著50多篇，参编《泌尿外科手术学》、《泌尿外科临床解剖学》、《外科学手册》等5本专著。,https://www.fahsysu.org.cn/sites/1h.prod.sysucloud1.sysu.edu.cn/files/styles/focal_point_480/public/2023-05/%E6%B3%8C%E5%B0%BF%E5%A4%96%E7%A7%91%20%E6%A2%81%E6%9C%88%E6%9C%89%20%E6%AD%A3%E9%AB%98.jpg?itok=Wms5Ui3N,TRUE,0,,,,泌尿外科微创手术及泌尿系疾病诊疗,中山医科大学临床系毕业，外科博士学位，现任中山大学附属第一医院泌尿外科主任医师、教授。历任主治医师、副主任医师，担任多个泌尿外科专业学会职务，发表核心期刊及SCI论文50余篇，参编专著5本。
0d5729cb-8f0c-4765-b984-0ff09dffa332,,莫承强,主任医师,中山大学附属第一医院,泌尿外科,"泌尿系统常见病及多发病的诊断和治疗, 泌尿系结石, 泌尿系肿瘤, 肾上腺疾病, 良性前列腺增生, 腔内泌尿外科, 泌尿内镜, 机器人, 腹腔镜等微创治疗技术",该医生于2012年毕业于中山大学中山医学院临床八年制博士，毕业后一直在中山一院泌尿外科工作，期间曾至香港中文大学威尔士亲王医院交流学习。2018年8月至11月接受广东省卫健委援外任务，赴南太平洋岛国斐济进行医疗帮扶。担任广东省医学会泌尿外科分会基层学组副组长、广东省健康管理学会泌尿及男科学专业委员会肿瘤学组及结石学组秘书、广东省器官医学与技术学会泌尿外科专委会秘书、中国中西医结合学会青年委员、中德泌尿外科协会青年委员、广东省泌尿生殖协会泌尿微创学分会常委、广东省机器人外科学分会泌尿学组委员、广东精准医学应用学会医疗机器人分会委员、广东省住培基地评估专家库成员。主持及参与多个国家级/省级科研基金项目，以第一或通讯作者身份发表SCI论文及中文核心期刊论文20余篇，参编《吴阶平泌尿外科学》第三版、《住院医师规范化培训教材---外科学（泌尿外科分册）》、《外科学精编笔记与考研指南》等专著。多次获得中山大学优秀临床辅导员、院级优秀教师、优秀住培导师、优秀实习生导师、中山一院基础外科学院（CBS）核心教官及优秀教官等荣誉。,https://www.fahsysu.org.cn/sites/1h.prod.sysucloud1.sysu.edu.cn/files/styles/focal_point_480/public/100129.jpg?itok=kruBfJpK,TRUE,0,,,,泌尿系统疾病微创治疗,中山大学临床八年制博士，中山一院泌尿外科医生，曾赴香港中文大学交流学习并参与斐济医疗援外。担任多个省级学会职务，主持参与国家级/省级科研项目，发表论文20余篇，参编多部专著，多次获得教学及临床荣誉。
373faf2c-8aa5-4f7f-b286-3bdcbcd8aa30,,毛晓鹏,"主任医师, 博士研究生导师",中山大学附属第一医院,泌尿外科,"前列腺癌诊治, 膀胱癌诊治, 肾癌诊治, 肾盂输尿管癌诊治, 肾上腺肿瘤诊治, 泌尿系结石诊治, 前列腺增生诊治, 肾盂-输尿管连接部狭窄诊治, 腹腔镜微创技术, 机器人微创技术, 内镜微创技术, 前列腺癌根治术, 膀胱癌根治术, 肾癌根治术, 肾盂癌根治术, 肾上腺肿瘤切除术, 输尿管软镜碎石取石术, 经皮肾镜碎石取石术, 经尿道前列腺电切术, 经尿道前列腺剜除术",毛晓鹏医生现任中山大学附属第一医院泌尿外科主任医师，拥有博士学位并担任博士研究生导师。他荣获中山大学优秀青年教师和中山大学附属第一医院优秀青年人才称号，担任广东省泌尿生殖协会泌尿微创学分会委员、广东省健康管理学会泌尿及男科学专业委员会委员、广东省抗癌协会泌尿生殖系肿瘤专业委员会委员，以及国家级住院医师规范化培训结业考核题库建设专家。在科研方面，他在泌尿外科领域发表SCI原创性论著33篇和核心期刊论文37篇，主持国家自然科学基金项目2项和省部级基金项目5项，研究方向聚焦于泌尿系肿瘤（如前列腺癌、膀胱癌、肾癌、肾上腺肿瘤）和泌尿外科微创技术（包括腹腔镜、机器人、内镜等）。,https://www.fahsysu.org.cn/sites/1h.prod.sysucloud1.sysu.edu.cn/files/styles/focal_point_480/public/2023-03/%E6%B3%8C%E5%B0%BF%E5%A4%96%E7%A7%91%20%E6%AF%9B%E6%99%93%E9%B9%8F%20%E5%89%AF%E9%AB%98.jpg?itok=-oV4wxKB,TRUE,0,,,,泌尿系肿瘤微创手术及泌尿外科疾病诊治,中山大学附属第一医院泌尿外科主任医师、博士研究生导师，荣获中山大学优秀青年教师等人才称号，担任多个省级专业委员会委员。发表SCI论文33篇、核心期刊37篇，主持国家自然科学基金2项和省部级项目5项，研究方向为泌尿系肿瘤和微创技术。
4fdbc774-42da-4070-b33c-a01dfa09bc42,,丘少鹏,"主任医师, 教授, 博士生导师",中山大学附属第一医院,泌尿外科,"泌尿系肿瘤, 腔内泌尿外科, 腹腔镜手术, 机器人腹腔镜手术, 肾上腺手术, 肾肿瘤手术, 前列腺癌手术, 膀胱癌手术, 肾癌合并复杂癌栓手术, 肾上腺癌合并癌栓手术, 巨大腹膜后肿瘤手术, 微创泌尿外科",该医生于1978年至1982年在中山医科大学完成本科学习，1994年获中山医科大学医学博士学位。2002年被中山大学附属第一医院聘为主任医师、教授，2003年被聘为博士生导师。2009年至2016年担任中山大学附属第一医院泌尿外科主任，2015年担任中山大学附属第一医院惠亚医院副院长，2017年起担任执行院长。社会兼职包括中国医疗保健国际交流促进会理事、中国医促会泌尿生殖医学专业委员会副主任委员、广东省健康管理学会常务理事及泌尿及男科学专业委员会主任委员、广东省医学会泌尿外科学分会常委、广东省惠州市医师协会副会长、国家自然科学基金委肿瘤专家库成员、国家自然科学基金同行评议专家、香港医学科学院资深院士，并担任《中华泌尿外科杂志》等多本杂志编委。在国内外核心期刊发表论文100余篇，参与编写《吴阶平泌尿外科学》、《机器人泌尿外科手术学》、《微创泌尿外科学》等专著。获得国家专利1项、广东省科学技术奖励1项、中山大学医疗成果奖3项、2017年中国产学研合作创新奖、惠州市优秀共产党员、广东省健康管理学会先进个人等荣誉。,https://www.fahsysu.org.cn/sites/1h.prod.sysucloud1.sysu.edu.cn/files/styles/focal_point_480/public/2023-05/%E6%B3%8C%E5%B0%BF%E5%A4%96%E7%A7%91%20%E4%B8%98%E5%B0%91%E9%B9%8F%20%E6%AD%A3%E9%AB%98_%E7%9C%8B%E5%9B%BE%E7%8E%8B.jpg?itok=78vkzgIz,TRUE,0,,,,泌尿系肿瘤与微创泌尿外科手术,中山医科大学医学博士，现任中山大学附属第一医院惠亚医院执行院长，曾任中山大学附属第一医院泌尿外科主任。担任中国医促会泌尿生殖医学专业委员会副主任委员等多项社会职务，发表论文100余篇，参与编写多部专著，获得多项省级及国家级奖励。
a7bd44ac-aee5-425a-b237-2fa8a41cda1c,,孙祥宙,"主任医师, 教授",中山大学附属第一医院,泌尿外科/男科,"泌尿系肿瘤, 前列腺疾病, 腔内微创手术, 腹腔镜手术, 男性性功能障碍, 男性不育症, 阴茎支撑体置入术, 经尿道射精管开口切开术, 精囊镜手术, 显微输精管复通术, 显微输精管附睾吻合术, 保护性功能的前列腺增生症手术",该医生在华南地区率先开展保护性功能的前列腺增生症手术，主持国家自然科学基金两项及省部级基金四项，主编《男科罕少见病》和《男科显微手术学》等专著，以第一或通讯作者发表SCI论文十余篇及核心期刊近三十篇。担任中华医学会男科学分会委员兼秘书长、广东省医学会男科学分会主委、广东省健康管理学会男性健康专业委员会主任委员、广东省医师协会男科专业委员会副主委、广东省中西医结合学会男科专业委员会副主委等学术职务。,https://www.fahsysu.org.cn/sites/1h.prod.sysucloud1.sysu.edu.cn/files/styles/focal_point_480/public/2023-04/%E6%B3%8C%E5%B0%BF%E5%A4%96%E7%A7%91%20%E5%AD%99%E7%A5%A5%E5%AE%99%20%E6%AD%A3%E9%AB%98%20%E4%BF%AE%E6%94%B9.jpg?itok=tH3tAf0s,TRUE,0,,,,泌尿系肿瘤、前列腺疾病及男科微创手术,在华南地区率先开展保护性功能的前列腺增生症手术，主持国家自然科学基金两项及省部级基金四项，主编《男科罕少见病》和《男科显微手术学》等专著，发表SCI论文十余篇及核心期刊近三十篇。担任中华医学会男科学分会委员兼秘书长、广东省医学会男科学分会主委等多项学术职务。
127dff24-666f-475f-a3fb-2e8ff25018cf,,王道虎,主任医师,中山大学附属第一医院,泌尿外科,"泌尿外科疾病诊断和治疗, 达芬奇机器人手术, 普通腹腔镜手术, 泌尿系统疾病腔内治疗, 复杂疾病开放手术, 泌尿系统肿瘤及微创治疗, 前列腺癌诊治",该医生于2001年获得中山医科大学博士学位，2004年至2006年先后在香港中文大学威尔士医院泌尿外科、德国海德堡大学外科医院、美国Texas A&M University进行访问学者和博士后研究，2010年至2011年在德国海德堡大学医院泌尿外科担任临床访问学者。现任广东省泌尿生殖协会泌尿微创学分会主任委员、广东省健康管理学会泌尿及男科学专业委员会副主任委员兼泌尿系肿瘤学组组长、广东省健康管理学会肿瘤防治委员会常务委员、广东省医学会男科学分会委员、中国抗癌协会第一届腔镜与机器人外科分会委员、中国抗癌协会泌尿微创学组委员。在核心期刊发表论著近百篇，以第一作者或通讯作者发表SCI文章16余篇，担任第三版《泌尿外科手术学》主编助理，参与多部学术专著编写。,https://www.fahsysu.org.cn/sites/1h.prod.sysucloud1.sysu.edu.cn/files/styles/focal_point_480/public/043408.jpg?itok=LZfed9ML,TRUE,0,,,,泌尿外科微创手术及肿瘤诊治,中山医科大学博士，曾赴香港、德国、美国多所知名机构进行访问学者和博士后研究，现任多个省级和国家级泌尿外科专业学会委员，发表核心期刊论著近百篇、SCI文章16余篇，参与多部学术专著编写。
cfcf522e-67c5-4b9e-8bfc-e630984bacb3,,吴荣佩,主任医师,中山大学附属第一医院,泌尿外科,"泌尿系结石诊治, 前列腺增生诊治, 肾脏疾病诊治, 腔内泌尿外科技术, 微创泌尿外科技术, 尿源性干细胞的再生医学应用研究",该医生于1991年至1998年在中山医科大学7年制全英班完成本硕连读，2001年至2014年在中山大学附属第一医院获得医学博士学位。1998年至今在中山大学附属第一医院工作，历任医师、主治医师、副主任医师、主任医师。2009年在美国Mayo Clinic担任访问学者，2010年至2011年在美国Wake Forest University从事博士后研究。担任广东省医学会泌尿外科分会青年委员会副主任委员、广东省泌尿生殖协会泌尿微创学分会副主任委员、International Alliance of Urolithiasis委员、广东省医学会微创外科分会泌尿外科学组委员、广东省医学会泌尿外科分会结石学组委员、广东省健康管理学会理事、广东省健康管理学会泌尿及男科学专业委员会秘书长兼常务委员及结石学组副组长、广东省中西医结合学会泌尿外科专业委员会常务委员。发表学术论文40余篇，包括在Journal of Experimental & Clinical Cancer Research、Stem Cells Translational Medicine、The Journal of Urology等期刊发表多篇论著，并参与编写《外科学》、《外科症状鉴别诊断》、《膀胱癌》、《男科手术学》、《临床泌尿外科疾病诊治和微创疗法》等专著。曾获广东省健康管理学会优秀个人、中山大学附属第一医院优秀硕士研究生导师、住院医生规范化培训优秀带教老师、先进个人、优秀教师等荣誉。,https://www.fahsysu.org.cn/sites/1h.prod.sysucloud1.sysu.edu.cn/files/styles/focal_point_480/public/2023-05/%E5%90%B4%E8%8D%A3%E4%BD%A9%E8%AF%81%E4%BB%B6%E7%85%A7.jpg?itok=aBu57_B3,TRUE,0,,,,泌尿系结石、前列腺增生及肾脏疾病的微创治疗,中山大学医学博士，现任中山大学附属第一医院主任医师，从事泌尿外科临床、科研、教学工作20余年。曾在美国Mayo Clinic和Wake Forest University进修，担任多个省级医学会副主任委员和常务委员，发表SCI论文40余篇，参与编写多部专著，并获得多项优秀个人和教学荣誉。
0d8f31e6-e3f4-428a-8a2e-fa5f978ae16a,,郑伏甫,主任医师,中山大学附属第一医院,泌尿外科,"复杂泌尿系肿瘤诊治, 肾上腺疾病诊治, 达芬奇机器人腹腔镜手术, 微创泌尿外科手术",该医生于2002年至2005年在中山大学攻读博士研究生，2005年7月起在中山大学附属第一医院工作，历任主治医师、副主任医师、主任医师。2012年曾作为访问学者赴美国哈佛大学麻省总医院进修。担任美国泌尿外科学会国际会员、中国医疗保健国际交流促进会泌尿生殖分会委员、中国科技产业化促进会精准医学专委会常务委员、广东省医学会泌尿外科分会前列腺学组副组长、广东省医师协会泌尿外科分会委员、广东省抗癌协会泌尿生殖肿瘤专委会委员、广东省中西医结合学会泌尿外科分会常务委员、广东省泌尿生殖协会肿瘤分会常委委员、广东省泌尿生殖协会腹腔镜与机器人手术分会副主任委员，并任《泌尿外科杂志（电子版）》常务编委及多本期刊审稿专家。以第一或通讯作者在Cancer research、Redox Biology等国际国内学术期刊发表论文60余篇，其中SCI收录30余篇，主持和参与国家自然科学基金及省部级基金十余项，副主编《男科手术学》专著1部，参编《泌尿外科手术学》等专著10余部。曾获优秀教师、优秀共产党员、医院先进个人等荣誉，并被评为第二届广东实力中青年医生。,https://www.fahsysu.org.cn/sites/1h.prod.sysucloud1.sysu.edu.cn/files/styles/focal_point_480/public/080015.jpg?itok=COD0INaK,TRUE,0,,,,泌尿系肿瘤微创手术及机器人腹腔镜技术,中山大学博士，现任中山大学附属第一医院主任医师，从事泌尿外科临床科研教学20余年。2012年哈佛大学麻省总医院访问学者，担任多个学术组织委员及期刊编委，发表SCI论文30余篇，主持参与国家级及省部级基金十余项，副主编及参编专著多部，获多项荣誉及广东实力中青年医生称号。
6d593892-bb36-4624-9fd6-1554e1883a87,,陈羽,副主任医师,中山大学附属第一医院,泌尿外科,"泌尿外科常见病和疑难疾病诊治, 微创手术, 良性前列腺增生, 泌尿系结石, 肾肿瘤, 女性下尿路疾病, 排尿异常（尿频尿急）, 肾错构瘤, 膀胱功能障碍",该医生于1993年毕业于中山医科大学，2001年获得中山大学医学硕士学位。长期在中山大学附属第一医院从事临床、科研和教学工作近三十年，曾任中山大学附属第一医院东院泌尿外科主任及东院外科教学主任。社会兼职包括中华医学会泌尿外科分会委员、中国医促会泌尿生殖医学专业委员会委员、广东省健康管理学会泌尿及男科分会常委、广东省泌尿生殖协会女性泌尿分会常委、广东省泌尿生殖协会尿控学分会常委、广东省中西医结合学会新医微创会常委。发表多篇学术论文，如《Association of DSC3 mRNA Down-Regulation in Prostate Cancer with Promoter Hypermethylation and Poor Prognosis》、《The value of PSA and its derivative indexes on improveing the discrimination between NIH-IV prostatitis and prostatic cancer within the tPSA rang 4-20 ug/ml》、《肾血管平滑肌脂肪瘤破裂出血不同手术时机的围手术期风险评估》等，并著有《男科手术学》、《外科学入门》等专著。,https://www.fahsysu.org.cn/sites/1h.prod.sysucloud1.sysu.edu.cn/files/styles/focal_point_480/public/2023-05/%E9%99%88%E7%BE%BD%E9%97%A8%E8%AF%8A.jpg?itok=AYWt8fhL,TRUE,0,,,,泌尿外科疾病诊治与微创手术,中山医科大学本科、中山大学医学硕士毕业，长期在中山大学附属第一医院从事临床、科研和教学工作近三十年，曾任该院东院泌尿外科主任及外科教学主任，担任多个医学会委员，发表多篇学术论文和专著。
6a1956e0-2ffb-4796-b03a-efa81c2d446d,,陈振华,副主任医师,中山大学附属第一医院,泌尿外科,"泌尿系结石, 肾上腺疾病, 前列腺疾病, 男性性功能障碍, 男性不育, 泌尿生殖系统肿瘤, 肾癌, 肾盂癌, 输尿管癌, 膀胱癌, 前列腺癌",该医生毕业于中山大学临床医学专业，获外科学博士学位，曾在美国德克萨斯大学西南医学中心访问学习。现任中山大学附属第一医院副主任医师，历任主治医师、医师等职，曾获广东省优秀研究生、优秀住院医师等荣誉。担任广东省泌尿生殖协会微创分会委员、广东省医疗器械行业协会临床试验规范化专委会委员等社会兼职。以第一/通讯作者在Lancet Oncology、Nucleic Acids Research等期刊发表SCI论文20余篇，主持国家级、省部级、市级科研项目10余项。,https://www.fahsysu.org.cn/sites/1h.prod.sysucloud1.sysu.edu.cn/files/styles/focal_point_480/public/2023-07/%E6%B3%8C%E5%B0%BF%E5%A4%96%E7%A7%91%20%E9%99%88%E6%8C%AF%E5%8D%8E%20%E5%89%AF%E9%AB%98.jpg?itok=Q6JqpPCy,TRUE,0,,,,泌尿外科及男科疾病微创治疗与综合治疗,中山大学临床医学学士、外科学博士，曾赴美国德克萨斯大学西南医学中心访问学习。现任中山大学附属第一医院副主任医师，历任主治医师、医师等职。担任广东省泌尿生殖协会微创分会委员等社会兼职，发表SCI论文20余篇，主持国家级、省部级、市级科研项目10余项。
3d587af2-35aa-4e1e-bd27-954239a8004a,,邓立文,副主任医师,中山大学附属第一医院,泌尿外科,"泌尿系统常见病及多发病、罕见病的诊断和治疗, 腔内泌尿外科, 泌尿内镜（输尿管软镜、经皮肾镜等）及腹腔镜微创治疗技术, 男性外生殖器弯曲矫正、阴茎延长增粗、阴茎短小、阴茎假体植入手术治疗, 尿道狭窄的手术治疗, 前列腺疾病（慢性前列腺炎、前列腺增生、前列腺肿瘤）、男性性功能障碍（阳痿、早泄）、不育、弱精症的临床诊断治疗, 精索静脉曲张、显微输精管复通、梗阻性无精症、阴茎假体植入的手术治疗",该医生毕业于中山医科大学，获硕士研究生学位，2008年晋升副教授。在泌尿外科领域以第一或通讯作者发表SCI论文及中文核心期刊论文20余篇，曾担任《泌尿男科罕少见病》副主编，并参编《男科手术学》。,,TRUE,0,,,,泌尿外科微创手术及男性生殖系统疾病治疗,中山医科大学硕士研究生毕业，2008年晋升副教授。在泌尿外科领域发表SCI及核心期刊论文20余篇，担任《泌尿男科罕少见病》副主编，参编《男科手术学》。
fbd589f0-3176-40c8-a6ba-757591294bcb,,方咏,副主任医师,中山大学附属第一医院,泌尿外科,"泌尿系肿瘤、结石、畸形的微创治疗, 男科疾病",该医生毕业于中山大学，获博士学位，曾于2020-2021年在美国西南医学中心访学一年。,https://www.fahsysu.org.cn/sites/1h.prod.sysucloud1.sysu.edu.cn/files/styles/focal_point_480/public/2025-09/%E6%96%B9%E5%92%8F_%E6%B3%8C%E5%B0%BF%E5%A4%96%E7%A7%91_%E5%89%AF%E9%AB%98.jpg?itok=mITegwho,TRUE,0,,,,泌尿系肿瘤、结石、畸形的微创治疗,中山大学博士毕业，曾于2020-2021年在美国西南医学中心访学一年。
db5926e8-81f5-4b11-988a-89ed3a6261b9,,黄勇,副主任医师,中山大学附属第一医院,泌尿外科,"泌尿系统常见病及多发病的诊断和治疗, 泌尿系统相关疾病急症的救治, 泌尿系肿瘤诊治及机制研究, 肾癌诊治, 上尿路上皮癌诊治, 前列腺癌诊治, 膀胱癌诊治",该医生于2018年获得中山大学（在职）博士学位，2019年10月至2020年11月在美国University of Texas Southwestern Medical Center泌尿外科做访问学者。现任广东省泌尿生殖协会泌尿微创学分会委员，在泌尿外科领域以第一或通讯作者身份发表SCI论文及中文核心期刊论文6篇。曾获第六届全国高等医学院校大学生临床技能竞赛“优秀指导老师”，是欧洲医学教育联盟（AMEE）的Associate Fellow、中山一院住院医师规范化培训师资成员，并担任2018级中山大学医学院班级兼职临床班主任。,https://www.fahsysu.org.cn/sites/1h.prod.sysucloud1.sysu.edu.cn/files/styles/focal_point_480/public/112052.jpg?itok=YOxBLwFS,TRUE,0,,,,泌尿系统疾病及泌尿系肿瘤诊治,中山大学（在职）博士，美国University of Texas Southwestern Medical Center访问学者，广东省泌尿生殖协会泌尿微创学分会委员，发表SCI及核心期刊论文6篇，获全国临床技能竞赛优秀指导老师，担任住院医师规范化培训师资及临床班主任。
2a2a4b91-23ae-4307-8a4b-5e27c421e8e6,,潘金成,副主任医师,中山大学附属第一医院,泌尿外科,复杂泌尿结石（肾结石、输尿管结石）、肾上腺肿瘤、泌尿肿瘤（肾癌、前列腺癌、膀胱癌）、输尿管狭窄、泌尿系统结石、肾积水、泌尿肿瘤腹腔镜手术、达芬奇机器人手术、输尿管良恶性狭窄腔内治疗,该医生本科、硕博毕业于中山大学，2014年博士毕业后留院工作。博士期间获国家公派联合培养博士项目至美国密歇根大学留学，从事泌尿疾病诊断和治疗多年。现任广东省泌尿生殖协会微创分会委员、广东省健康管理学会泌尿外科专委会委员。在《Cancer Discovery》、《Nature Communications》、《American Journal of Surgical Pathology》等国际知名杂志发表SCI论文20余篇，参编《吴阶平泌尿外科学》第三版。多次获医院年度考评优秀，主持国家自然科学基金青年项目、广东省自然科学基金博士启动项目和中山大学青年教师培育项目等，参与多项国内外临床研究项目。,https://www.fahsysu.org.cn/sites/1h.prod.sysucloud1.sysu.edu.cn/files/styles/focal_point_480/public/%E6%BD%98%E9%87%91%E6%88%90.jpg?itok=0mhGGhQ8,TRUE,0,,,,泌尿系统疾病微创手术治疗,中山大学博士，美国密歇根大学联合培养，从事泌尿疾病诊疗多年。现任广东省泌尿生殖协会微创分会委员，发表SCI论文20余篇，参编《吴阶平泌尿外科学》，主持多项国家级和省级科研项目。
815fdfc8-3cc2-4aba-a647-9288c0b24cc9,,韦锦焕,副主任医师,中山大学附属第一医院,泌尿外科,"泌尿系统肿瘤微创治疗, 泌尿系统畸形微创治疗, 前列腺增生症微创治疗, 泌尿系结石微创治疗, 肾上腺疾病微创治疗",该医生2010年本科毕业于武汉大学，2010年至2015年在中山大学附属第一医院获得博士学位（硕博连读），2013年至2014年在美国德州大学西南医学中心泌尿外科出国访学，2015年获外科学博士学位后于中山大学附属第一医院工作至今。曾获广东特支计划科技创新青年拔尖人才、中山大学附属第一医院柯麟新锐人才等荣誉，以第一/共一、通讯/共同通讯作者身份发表泌尿系统肿瘤基础及临床研究的SCI论著10余篇，其中肾癌精准诊疗研究成果发表于《柳叶刀肿瘤》杂志。,https://www.fahsysu.org.cn/sites/1h.prod.sysucloud1.sysu.edu.cn/files/styles/focal_point_480/public/%E6%B3%8C%E5%B0%BF%E5%A4%96%E7%A7%91%20%E9%9F%A6%E9%94%A6%E7%84%95%20%E5%89%AF%E9%AB%98.jpg?itok=BiQQS2Ph,TRUE,0,,,,泌尿系统疾病微创治疗,武汉大学本科毕业，中山大学附属第一医院博士毕业并工作至今，曾在美国德州大学西南医学中心访学。获广东特支计划科技创新青年拔尖人才等荣誉，发表SCI论著10余篇，包括《柳叶刀肿瘤》杂志的肾癌精准诊疗研究成果。
bd108357-b1ae-4746-953e-7cbe1cdf5252,,王文卫,副主任医师,中山大学附属第一医院,泌尿外科,前列腺疾病、男性性功能障碍、外生殖器畸形、尿道下裂手术治疗、泌尿外科常见病、前列腺增生、泌尿系结石、男科疾病、慢性前列腺炎、阳痿、早泄、不育、男性外生殖器整形、阴茎弯曲矫正、阴茎延长增粗术、隐匿性阴茎整形、尿道狭窄治疗,该医生从事临床医疗工作30多年，2000年在中山大学附属第一医院获硕士学位，2009年在中山大学附属第一医院获泌尿外科博士学位。担任广州医师协会小儿外科分会常委、广东省男科学会委员、广州市中西医结合男科学会委员、广州市男科学会男性内分泌组委员。主持及参与国家自然科学基金及广东省科技厅基金多项，在国外《Andrologia》、《Asian Journal of Andrology》等杂志及国内核心期刊上发表专业论著30余篇，编写《男科手术学》、《泌尿男科罕少见病》、《显微男科手术学》等专著。,https://www.fahsysu.org.cn/sites/1h.prod.sysucloud1.sysu.edu.cn/files/styles/focal_point_480/public/2022-11/%E6%B3%8C%E5%B0%BF%E5%A4%96%E7%A7%91%E7%8E%8B%E6%96%87%E5%8D%AB%E5%89%AF%E9%AB%98.jpg?itok=gqmaz9cf,TRUE,0,,,,泌尿外科及男科疾病，尤其擅长外生殖器整形手术,从事临床医疗工作30多年，中山大学附属第一医院泌尿外科博士，担任多个医学会委员，主持参与多项科研基金，发表专业论著30余篇，编写多部男科专著。
7d353f6a-b6ed-43cd-8291-018a5a1d214d,,王宗任,副主任医师,中山大学附属第一医院,泌尿外科,"肾上腺肿瘤微创手术, 肾肿瘤微创手术, 前列腺肿瘤微创手术, 前列腺增生激光微创手术, 膀胱肿瘤激光微创手术, 膀胱癌靶向药物治疗, 膀胱癌免疫治疗, 前列腺癌保守治疗, 泌尿外科肿瘤微创手术",该医生博士毕业于中山大学，曾于美国耶鲁大学医学院及纽约西奈山医院泌尿外科系统学习国外先进医疗技术及理念。入选中山一院柯麟“菁英”、“新锐”人才计划，担任广东省健康管理学会副秘书长。在Nature Communications、Journal for immunotherapy of cancer、Cancer Letters等国际著名期刊发表论文，基于前列腺癌、膀胱癌和肾癌微创手术及治疗研究成果获“中国创新方法大赛铜奖”和“中国激光手术大赛铜奖”。,https://www.fahsysu.org.cn/sites/1h.prod.sysucloud1.sysu.edu.cn/files/styles/focal_point_480/public/2022-06/%E6%B3%8C%E5%B0%BF%E5%A4%96%E7%A7%91-%E7%8E%8B%E5%AE%97%E4%BB%BB-%E5%89%AF%E4%B8%BB%E4%BB%BB%E5%8C%BB%E5%B8%88.png?itok=5HFaJTTA,TRUE,0,,,,泌尿外科肿瘤微创手术及靶向免疫治疗,中山大学博士，曾在美国耶鲁大学医学院及纽约西奈山医院泌尿外科学习，入选中山一院人才计划，担任广东省健康管理学会副秘书长，在Nature Communications等国际期刊发表论文，获中国创新方法大赛和激光手术大赛铜奖。
3ceee192-b66b-47f4-a54c-a38de27485fd,,项勇,副主任医师,中山大学附属第一医院,泌尿外科/男科,"泌尿系结石诊断及治疗, 前列腺疾病诊断及治疗",该医生1983年毕业于广东医学院，长期在临床一线工作，临床经验丰富。工作经历包括：1983年至1988年在广东龙川县医院工作，1988年至1992年在广州市邮电医院工作，期间于1989年在广东省医院泌尿外科进修一年，1993年至2005年在广州市东山区医院工作，2005年至今在中山大学附属第一医院工作。2000年晋升为泌尿外科副主任医师。,https://www.fahsysu.org.cn/sites/1h.prod.sysucloud1.sysu.edu.cn/files/styles/focal_point_480/public/115051.jpg?itok=l1JcI97Y,TRUE,0,,,,泌尿系结石及前列腺疾病诊治,1983年广东医学院本科毕业，长期在临床一线工作，2000年晋升泌尿外科副主任医师。工作经历涵盖广东龙川县医院、广州市邮电医院、广州市东山区医院，2005年起在中山大学附属第一医院工作，期间曾在广东省医院泌尿外科进修。
a415d7fd-45f0-4426-ac9d-8d178e6c66c7,,杨其运,副主任医师,中山大学附属第一医院,泌尿外科/男科,"泌尿外科常见病诊治, 男科常见病诊治, 男性性功能障碍, 泌尿系结石, 泌尿及生殖系统肿瘤, 男性不育, 前列腺疾病, 显微镜手术, 输尿管镜手术, 输尿管软镜手术, 经皮肾镜手术, 腹腔镜手术, 男性生殖器整形",该医生于2006年至2011年在中山大学中山医学专业获得学士学位，2011年至2016年在中山大学附属第一医院完成硕博连读并获得博士学位。2016年7月至2019年12月在中山大学附属第一医院泌尿外科担任住院医师，2020年1月至2022年12月晋升为主治医师，2023年1月至今担任副主任医师。社会兼职方面，担任中华医学会男科学分会青年学组委员、性功能障碍学组秘书，广东省医学会男科学分会男性电生理诊治技术学组副组长，广东省健康管理学会男性健康管理委员会常委兼副秘书长，中国中药协会男科药物研究专委会常委，广东省临床医学会男性健康专业委员会青年委员，广东省健康管理学会干细胞与再生医学专业委员会委员，广东省泌尿生殖协会电生理医学分会委员。科研方面，发表论文二十余篇，其中SCI论文10篇，主持国家自然科学基金青年项目、广东省自然科学基金、国家卫健委医药卫生发展中心项目各一项，参与国家级及省部级项目十余项，拥有发明专利2项。参与编写《男科手术学》、《显微男科手术学》、《性命攸关》等著作。2022年获评“广东省实力中青年医生”。,https://www.fahsysu.org.cn/sites/1h.prod.sysucloud1.sysu.edu.cn/files/styles/focal_point_480/public/2023-07/%E6%B3%8C%E5%B0%BF%E5%A4%96%E7%A7%91%20%E6%9D%A8%E5%85%B6%E8%BF%90%20%E5%89%AF%E9%AB%98.jpg?itok=A1lstHMO,TRUE,0,,,,泌尿外科及男科疾病诊治与手术,中山大学医学博士，现任中山大学附属第一医院泌尿外科副主任医师。从事泌尿外科临床工作多年，在男科学领域有深入研究，担任多个国家级和省级医学会委员。发表SCI论文10篇，主持多项国家级和省部级科研项目，参与编写多部专业著作，2022年获评“广东省实力中青年医生”。
9b84854b-23d4-4922-b8f8-c5b91b9f7b80,,庄锦涛,副主任医师,中山大学附属第一医院,泌尿外科,"泌尿系结石, 泌尿系肿瘤, 前列腺增生, 前列腺炎, 精索静脉曲张, 无精症, 男性性功能障碍, 腹腔镜手术, 输尿管镜手术, 输尿管软镜手术, 经皮肾镜手术, 膀胱镜手术, 显微精索静脉结扎术, 显微输精管附睾吻合术, 显微输精管吻合术, 显微精索去神经术, 显微睾丸取精术, 前列腺疾病, 男性健康管理, 肾肿瘤, 男性不育症",该医生于2003年至2008年在中山大学中山医学院攻读临床医学本科，2008年至2013年在中山大学附属第一医院攻读外科学硕士/博士学位。自2013年7月起在中山大学附属第一医院工作，历任住院医师、主治医师、副主任医师。2017年曾赴美国康奈尔大学纽约长老会医院学习显微男科技术。现任广州市医学会男科学分会副主任委员、广东省医学会男科学分会青年委员兼显微微创学组秘书、广东省临床医学学会男性健康专业委员会常务委员兼秘书、广东省医师协会男科医师分会委员、广东省泌尿生殖协会泌尿微创学分会委员、广东省泌尿生殖学会男性健康管理学分会委员。发表学术论文20余篇，其中SCI收录10余篇，参与编写《包茎和包皮过长及包皮相关疾病中国专家共识》及《电生理适宜技术在男科疾病诊疗中的应用中国专家共识》，并参编《显微男科手术学》及《泌尿男科罕少见病》。2019年获评羊城青年好医生，承担两项省级科研基金项目。,https://www.fahsysu.org.cn/sites/1h.prod.sysucloud1.sysu.edu.cn/files/styles/focal_point_480/public/2022-06/%E6%B3%8C%E5%B0%BF%E5%A4%96%E7%A7%91%E5%BA%84%E9%94%A6%E6%B6%9B%E5%89%AF%E9%AB%98.jpg?itok=tJ0BJEdi,TRUE,0,,,,泌尿外科微创手术与显微男科手术,中山大学临床医学本科、外科学硕士/博士，现任中山大学附属第一医院副主任医师。2017年赴美国康奈尔大学纽约长老会医院学习显微男科技术。担任广州市医学会男科学分会副主任委员等多个学术职务，发表SCI论文10余篇，参编多部专家共识和专著，2019年获评羊城青年好医生，承担两项省级科研基金项目。
82374383-b01f-45b6-ab0f-471c86f23a98,,赵亮,副主任医师,中山大学附属第一医院,泌尿外科,"泌尿外科常见病诊治, 泌尿生殖系统肿瘤微创治疗, 泌尿系结石微创治疗, 前列腺疾病微创治疗, 附睾梗阻性无精症显微治疗",该医生1994年本科毕业从事临床医学工作，2013年于中山大学获外科学博士学位，2003年至2004年在Novartis生物医学研究所从事基础研究一年。曾担任广东省医学会男科学分会第三届委员会前列腺学组委员、广东省临床医学学会—男性健康专业委员会第一届常务委员、广州市医学会男科学分会第三届委员会委员。主持广东省科技计划项目一项，参与国家自然科学基金一项，以第一作者发表SCI论文3篇，以第一或第二作者在国家级刊物发表专业论著20篇，参与编写《临床肾移植学》、《泌尿男科罕少疾病》、《显微男科手术学》等专著。,https://www.fahsysu.org.cn/sites/1h.prod.sysucloud1.sysu.edu.cn/files/styles/focal_point_480/public/2025-01/%E6%B3%8C%E5%B0%BF%E5%A4%96%E7%A7%91-%E8%B5%B5%E4%BA%AE-%E5%89%AF%E9%AB%98%28%E5%8E%8B%E7%BC%A9%29.jpg?itok=4bG02IDJ,TRUE,0,,,,泌尿外科疾病微创及显微治疗,中山大学外科学博士，从事泌尿外科临床工作20余年，曾于Novartis生物医学研究所从事基础研究，担任多个省级医学会委员，主持省级科研项目，发表多篇SCI及国家级论文，参与编写多部专业著作。
42fb9ca8-6ad6-4e6a-a97a-12bb3958c764,,曾钦松,"副主任医师, 硕士生导师",中山大学附属第一医院,泌尿外科,"复杂泌尿系结石（肾结石、输尿管结石）诊断和微创手术治疗, 肾囊肿诊断和微创手术治疗, 泌尿系统肿瘤诊断和微创手术治疗, 前列腺增生诊断和微创手术治疗, 腔内泌尿外科手术（输尿管软镜碎石取石术、经皮肾镜碎石取石术）, 经尿道前列腺切除术, 膀胱肿瘤切除术, 机器人腹腔镜肾上腺肿瘤切除术, 肾肿瘤切除术, 前列腺癌根治术, 多镜联合一体位复杂肾结石微创手术, 肾囊肿彩超引导下超微创局麻治疗, 膀胱癌保膀胱多学科综合治疗",该医生2004年本科毕业于第一军医大学临床医学专业，博士研究生毕业于第二军医大学外科学专业，博士后研究出站后至中山大学附属第一医院泌尿外科工作至今，任副主任医师、博士后、硕士生导师。社会任职包括广东省医疗行业协会泌尿外科管理分会常委、广东省性学会泌尿外科分会常委、广东省泌尿生殖协会肾脏外科学分会常委、广东省器官医学与技术学会泌尿外科技术及转化专委会常委、广东省泌尿生殖协会微创学分会委员、广东省泌尿生殖协会前列腺疾病学分会委员、广东省泌尿生殖协会转化医学委员、广东省潮博智库专家成员、广东省100位博士博士后创新人物，并担任《Immunotherapy》、《中国癌症防治杂志》等编委。学术成果方面，主持国家、省部级基金5项，以第一/通讯作者在Advanced Science、Nano Today、Journal of Urology等国际权威期刊发表SCI论文16篇，总影响因子95.7分，单篇最高20.7分，主编论著2部，获得专利9项（其中发明专利5项），主编专著《外科常见病与多发病诊治策略》和《小器官 大健康-肾上腺疾病100问》，参编《前列腺疾病100问》。,https://www.fahsysu.org.cn/sites/1h.prod.sysucloud1.sysu.edu.cn/files/styles/focal_point_480/public/%E6%B3%8C%E5%B0%BF%E5%A4%96%E7%A7%91%20%E6%9B%BE%E9%92%A6%E6%9D%BE%20%E5%89%AF%E9%AB%98.jpg?itok=ZQwmA4lL,TRUE,0,,,,泌尿系结石、肿瘤及前列腺疾病的微创手术治疗,第一军医大学临床医学本科、第二军医大学外科学博士，博士后，现任中山大学附属第一医院泌尿外科副主任医师、硕士生导师。担任多个省级泌尿外科协会常委及编委，主持国家级基金5项，发表SCI论文16篇（总IF 95.7），主编专著2部，获专利9项。
825652cf-4efc-49ab-8d60-91264da9fc9d,,高勇,主任医师,中山大学附属第一医院,男科/生殖医学中心,中西医结合诊治男性不育症（少弱畸形精子症、无精子症、精子DNA碎片率高等）、性功能障碍（勃起功能障碍、早泄、性欲低下等）、精索静脉曲张、前列腺疾病等男科疾病、通过中西医结合治疗改善精子质量帮助不育患者自然生育和优生优育、提高辅助生殖成功率（人工授精和试管婴儿）、女方反复流产或试管婴儿失败的男方因素诊治、男性遗传病（克氏综合征、卡尔曼综合征、Y染色体微缺失、输精管缺如、基因或染色体异常等）,该医生于2012年在中山大学获得临床医学博士学位并留院工作，入选全国西医学习中医优秀人才研修项目，师从国医大师王琦院士。2019年被广东省卫健委评为广东省杰出青年医学人才。社会兼职包括国家辅助生殖技术管理专家、科普中国专家、中华医学会生殖医学分会精子库管理学组委员、中华医学会男科学分会男性生殖内分泌学组委员、广东省医学会生殖医学分会男科学组副组长、广东省医学会男科学分会生殖学组副组长、广东省中医药学会生殖医学专业委员会常务委员、广东省中西医结合学会男科专业委员会常务委员等。科研方面，对男科疾病的发病机制和诊治方法进行了深入研究，主持2项国家自然科学基金以及教育部博士点基金、广东省自然科学基金等多项科研基金项目，以第一作者或通讯作者在Biomaterials、Cell Death & Disease、Asian Journal of Andrology等学术期刊发表多篇论文。主编《男性生殖健康》、《男性不育与优生优育》、《男性不育看名医》、《性命攸关：性功能是男性健康的风向标》，参与编写《男科疾病诊断治疗指南（2022版）》、《男科疾病诊疗常规》、《早泄诊断与治疗》、《泌尿男科罕少见病》、《男科手术学》（人卫版）、《显微男科手术学》（人卫版）、《生殖医学临床诊疗常规》、《辅助生殖技术疑难病例讨论》等专著。,https://www.fahsysu.org.cn/sites/1h.prod.sysucloud1.sysu.edu.cn/files/styles/focal_point_480/public/2024-08/%E9%AB%98%E5%8B%87%E8%A5%BF%E8%A3%85%E8%AF%81%E4%BB%B6%E7%85%A7-%E7%99%BD%E5%BA%95.jpg?itok=wNTLuzu8,TRUE,0,,,,中西医结合诊治男性不育症、性功能障碍等男科疾病,中山大学临床医学博士，入选全国西医学习中医优秀人才研修项目，师从国医大师王琦院士，2019年被评为广东省杰出青年医学人才。担任国家辅助生殖技术管理专家、中华医学会等多个学术组织委员，主持多项国家级科研基金，发表多篇SCI论文，主编和参编多部男科专著。
1699838e-eb17-4c35-b65a-bf52694aa0c7,,涂响安,主任医师,中山大学附属第一医院,男科,"显微男科手术, 射精管梗阻的腔内手术, 微创泌尿外科手术, 男性不育症, 勃起功能障碍, 慢性睾丸痛, 泌尿系结石和肿瘤, 前列腺疾病",该医生2004年于中山大学博士毕业，2004年至今在中山大学附属第一医院工作，历任副主任医师、主任医师。2010年2月至6月在美国维克森林大学医学院研修腔内泌尿外科和显微男科学，2012年8月和2016年3月两度在美国康奈尔大学威尔医学院接受高级显微男科手术培训。担任中国性学会男性生殖分会副主任委员、中国医师协会男科医师分会全国委员、中华医学会男科学分会手术学组委员、广东省临床医学学会男性健康专业委员会主任委员、广东省健康管理学会男性健康专业委员会副主任委员、广东省泌尿生殖协会男性健康管理学分会副主任委员、广东省医学会男科学分会常委兼手术学组副组长、广州市医学会男科学分会副主任委员及《中华男科学杂志》编委等社会职务。主持国家自然科学基金1项和省部级科研基金7项，主编《显微男科手术学》、《泌尿男科罕少见病》、《包皮疾病诊疗手册》等专著，副主编《男科手术学》。科研成果曾获省级科技进步二等奖一项、三等奖一项，市级科技进步一等奖二项。,https://www.fahsysu.org.cn/sites/1h.prod.sysucloud1.sysu.edu.cn/files/styles/focal_point_480/public/100941.jpg?itok=eSklQ7BS,TRUE,0,,,,显微男科手术和微创泌尿外科手术,中山大学博士，现任中山大学附属第一医院主任医师，从事泌尿外科和男科20余年。曾在美国维克森林大学医学院和康奈尔大学威尔医学院研修显微男科手术。担任多项国家级和省级学会职务，主持多项科研基金，主编多部专著，科研成果获省级和市级科技进步奖。
78e499a1-a79c-420a-8427-c07070be3d44,,刘钧澄,教授,中山大学附属第一医院,小儿外科,"先天性消化和泌尿系统畸形诊治, 新生儿外科疾病诊治, 小儿阻塞性黄疸鉴别诊断, 胆道闭锁诊断与治疗, 小儿肛直肠畸形诊断和鉴别诊断, 巨结肠及类缘病诊治, 小儿腹部恶性实体瘤诊断与治疗, 少见病罕见病诊治",该医生担任中华小儿外科委员、中华小儿外科肝胆学组委员、广东省医学会小儿外科主任委员、中国抗癌协会儿童专业委员会会员等社会职务。主持《先天性胆道闭锁系列研究》获省科技成果三等奖，参与《胆道闭锁诊治系列研究》获省卫生厅科技成果三等奖。在《中华小儿外科杂志》《Chinese Medical Journal》等中华系列杂志发表学术论文20多篇，主编《现代小儿外科治疗学》由广东省科技出版社出版。,https://www.fahsysu.org.cn/sites/1h.prod.sysucloud1.sysu.edu.cn/files/styles/focal_point_480/public/024800.jpg?itok=gHyea4Bd,TRUE,0,,,,小儿外科先天畸形、胆道闭锁及腹部肿瘤诊治,担任中华小儿外科委员、广东省医学会小儿外科主任委员等职务，主持和参与多项省级科研项目获奖，在《中华小儿外科杂志》等期刊发表论文20余篇，主编《现代小儿外科治疗学》。
eceac627-9ede-49ca-bbff-497f38e91f9d,,徐哲,主任医师,中山大学附属第一医院,小儿外科,"小儿泌尿外科疾病诊治, 尿道下裂, 肾积水, 重复肾, 膀胱输尿管返流, 小儿恶性实体肿瘤诊治, 小儿外科微创技术, 达芬奇机器人手术",该医生1997年毕业于中山医科大学临床医疗系七年制，获硕士学位，2002年获中山大学泌尿外科博士学位。2014年7-9月于德国SLK KLINIKEN师从世界著名的泌尿外科Rassweiler教授学习泌尿系统腹腔镜及机器人手术。自1997年起一直在中山大学附属第一医院小儿外科从事临床研究工作，积累了丰富的临床经验。担任中华医学会小儿外科学会肿瘤组委员、国家卫生健康委儿童血液病恶性肿瘤专家委员会委员、广东省医学会小儿外科分会常务委员、小儿微创专业组组长、广东省卫生经济学会儿童健康发展分会副会长、广东省健康管理学会儿童肿瘤相关心脏病专业委员会副主任委员、广东省精准医学应用学会儿童肿瘤分会副主任委员、广东省妇幼保健协会小儿外科专业委员会副主任委员、广东省抗癌协会小儿肿瘤专业委员会常务委员、广东省医学会机器人分会常务委员、广州市医师学会小儿外科分会副主任委员、《机器人外科学杂志》编委会编委。承担广东省自然科学基金2项、广东省科技计划项目1项，相关研究在国内外权威杂志发表文章数十篇，其中SCI文章十余篇。,https://www.fahsysu.org.cn/sites/1h.prod.sysucloud1.sysu.edu.cn/files/styles/focal_point_480/public/2024-12/%E5%B0%8F%E5%84%BF%E5%A4%96%E7%A7%91_%E5%BE%90%E5%93%B2_%E6%AD%A3%E9%AB%98_%E4%BF%AE%E6%94%B9%E7%99%BD%E5%BA%95.jpg?itok=2l8IA2x9,TRUE,0,,,,小儿泌尿外科疾病诊治与小儿外科微创技术,中山医科大学硕士、中山大学博士，自1997年起在中山大学附属第一医院小儿外科从事临床研究，曾赴德国学习泌尿系统腹腔镜及机器人手术。担任多项国家级和省级医学会委员，承担省级科研项目3项，发表SCI论文十余篇。
b05e7971-c677-46c0-9e13-ed8bf997b03a,,周李,"主任医师, 教授",中山大学附属第一医院,小儿外科,"小儿外科疾病诊断及治疗, 小儿泌尿系统疾病",该医生1983年毕业于湖南医学院，1997年在中山医科大学获得医学博士学位，曾赴美国南加州大学洛杉矶儿童医院进修。长期从事小儿外科工作，曾任中华小儿外科中青年委员，现任广东省医学会小儿外科学会秘书、委员。主持项目获广东省科学技术三等奖，在《中华小儿外科杂志》《中华泌尿外科杂志》等国内外著名期刊发表科研论文十余篇。,https://www.fahsysu.org.cn/sites/1h.prod.sysucloud1.sysu.edu.cn/files/styles/focal_point_480/public/042537.jpg?itok=FxRW1SYd,TRUE,0,,,,小儿外科疾病诊断及治疗,1983年毕业于湖南医学院，1997年获中山医科大学医学博士学位，曾赴美国南加州大学洛杉矶儿童医院进修。长期从事小儿外科工作，现任广东省医学会小儿外科学会秘书、委员，主持项目获广东省科学技术三等奖，发表科研论文十余篇。
3cc21198-9461-4ea8-8c47-2eab28dc0142,,陈华东,副主任医师,中山大学附属第一医院,小儿外科,"小儿外科, 儿童普外, 肝胆胰外科, 泌尿外科, 小儿恶性实体肿瘤综合诊治, 儿童肿瘤外科, 小儿外科微创技术, 腹腔镜微创手术, 新生儿先天性消化道梗阻和畸形诊治, 小儿肝胆胰外科, 小儿肿瘤外科, 小儿普通外科",该医生2006年毕业于中山大学中山医学院临床医学系，获学士学位；2013年获中山大学小儿外科硕士学位；2021年获中山大学肝胆胰外科博士学位。2022年8月至2023年8月参加援藏工作一年。自2006年起一直在中山大学附属第一医院小儿外科从事临床研究工作，积累了丰富的临床诊治经验。担任广东省医学会小儿外科分会委员、广东省抗癌学会小儿肿瘤专业委员会青年委员会常务委员、广东省妇幼保健协会小儿外科专业委员会委员、广州市医师协会小儿外科医师分会委员、广东省卫生经济学会罕见病专业委员会常委。以第一/共一作者发表SCI论文十余篇，其中包括《HEPATOLOGY》、《Cell Reports Medicine》等高水平期刊，参与国家级/省级基金2项。,https://www.fahsysu.org.cn/sites/1h.prod.sysucloud1.sysu.edu.cn/files/styles/focal_point_480/public/2025-04/%E5%B0%8F%E5%84%BF%E5%A4%96%E7%A7%91_%E9%99%88%E5%8D%8E%E4%B8%9C_%E5%89%AF%E9%AB%98.jpg?itok=d6Jyu392,TRUE,0,,,,小儿外科、儿童肿瘤外科及微创技术,中山大学医学博士，现任中山大学附属第一医院小儿外科副主任医师，从事小儿外科临床与科研工作近20年。担任多个省级专业委员会委员，发表SCI论文十余篇，参与国家级/省级基金2项，曾参加援藏工作一年。
c93e3d25-5104-404d-b407-2cba721ab902,,蒋宏,副主任医师,中山大学附属第一医院,小儿外科,"儿童肝胆胰脾实体肿瘤外科手术, 儿童肾与肾上腺实体肿瘤外科手术, 儿童性腺实体肿瘤外科手术, 肝母细胞瘤诊治, 肾母细胞瘤诊治, 神经母细胞瘤诊治, 生殖细胞瘤诊治, 儿童先天性肝胆道疾病诊治, 胆道闭锁诊治, 胆管扩张症诊治, 门静脉海绵样变诊治, 胎儿先天性消化道梗阻诊治, 新生儿先天性消化道畸形诊治, 儿童罕见实体肿瘤诊治, 儿童疑难病诊治",该医生于2007年毕业于中南大学湘雅医学院临床医学五年制，后于中山大学附属第一医院学习获得医学硕士学位，2021年获得中山大学医学博士学位。毕业后一直在中山大学附属第一医院小儿外科工作。现任广东省抗癌协会小儿肿瘤专业委员会青年委员会常务委员、中国抗癌协会小儿肿瘤专业委员会外科学组委员、广东省健康管理学会小儿外科专业委员会委员会委员。目前以第一或通讯/共同通讯作者发表SCI论著10余篇，论文发表在Cell Reports Medicine、Frontiers in Pediatrics、Pediatr Surg Int、Int J Hyperthermia等国际专业领域的高水平期刊上，多次在全国小儿外科年会、儿童肿瘤年会上做专题发言，并参与编写《小儿腹部外科学》（第二版）。,https://www.fahsysu.org.cn/sites/1h.prod.sysucloud1.sysu.edu.cn/files/styles/focal_point_480/public/2023-07/%E8%92%8B%E5%AE%8F%EF%BC%88%E7%99%BD%E5%BA%95%E7%85%A7%E7%89%87%EF%BC%89.jpg?itok=mfGLjxVR,TRUE,0,,,,儿童实体肿瘤外科手术与先天性肝胆道疾病诊治,中南大学湘雅医学院临床医学学士，中山大学医学硕士及博士，现任中山大学附属第一医院小儿外科医生，担任广东省抗癌协会小儿肿瘤专业委员会青年委员会常务委员等社会兼职，发表SCI论文10余篇，参与编写专业著作，多次在全国学术会议上做专题发言。
ad4d5de1-aa38-4801-a475-4a7b4d818de4,,张志崇,副主任医师,中山大学附属第一医院,小儿外科,"小儿外科, 小儿肝胆外科, 小儿肿瘤, 小儿泌尿外科",该医生为小儿外科专家，专注于小儿肝胆外科、小儿肿瘤和小儿泌尿外科领域。,https://www.fahsysu.org.cn/sites/1h.prod.sysucloud1.sysu.edu.cn/files/styles/focal_point_480/public/2025-09/%E5%B0%8F%E5%84%BF%E5%A4%96%E7%A7%91_%E5%BC%A0%E5%BF%97%E5%B4%87.jpg?itok=xlUJgUF-,TRUE,0,,,,小儿外科、小儿肝胆外科、小儿肿瘤、小儿泌尿外科,该医生为小儿外科专家，专注于小儿肝胆外科、小儿肿瘤和小儿泌尿外科领域。
a42eb317-67b8-444f-b46f-0a48ebdc1292,,唐冰,"主任医师, 教授",中山大学附属第一医院,整形外科,"创面整形修复重建, 皮肤肿瘤规范治疗, 先天性/继发性畸形诊治, 整形美容手术",该医生本科毕业于中山医科大学临床医学系，获中山大学外科学博士学位，曾作为访问学者赴美国德州大学MD Anderson肿瘤中心进修。现任中山大学附属第一医院医生，是国家卫生应急处置指导专家、广东省杰出青年医学人才（第一批），并担任国家、广东、江苏省自然科学基金及河北、江西、四川科技奖励评审专家。他是美国整形外科学会（ASPS）和国际烧伤学会（ISBI）会员，以及广东省临床医学学会-华南名医专委员会会员。在科研方面，主持多项国家级课题和中山大学5010临床课题，以通讯/第一作者发表SCI文章60余篇，研究成果被国际治疗指南采纳。曾获中国康复医学会科学技术奖一等奖、华夏医学科技奖二等奖、中华医学会科技奖三等奖和广东省科学技术奖科技进步奖三等奖。,https://www.fahsysu.org.cn/sites/1h.prod.sysucloud1.sysu.edu.cn/files/styles/focal_point_480/public/110408.jpg?itok=vFHzbQm_,TRUE,0,,,,整形修复、瘢痕防治和创面修复,中山医科大学临床医学系本科毕业，中山大学外科学博士，美国德州大学MD Anderson肿瘤中心访问学者。现任中山大学附属第一医院医生，国家卫生应急处置指导专家，广东省杰出青年医学人才。主持多项国家级课题，发表SCI论文60余篇，研究成果被国际治疗指南采纳，获多项省部级科技奖励。
dfa4f3b0-ce5f-4cfd-b1a2-dfa58e35dc94,,唐庆,主任医师,中山大学附属第一医院,整形外科,"整形修复手术, 耳器官修复再造, 鼻器官修复再造, 瘢痕治疗, 巨乳整形美容, 乳房下垂整形美容, 乳房发育不良整形美容",该医生在整形修复领域具有丰富临床经验，专注于耳、鼻等器官的修复再造以及瘢痕治疗，同时在乳房整形美容方面具备专业能力。,https://www.fahsysu.org.cn/sites/1h.prod.sysucloud1.sysu.edu.cn/files/styles/focal_point_480/public/2025-09/%E6%95%B4%E5%BD%A2%E5%A4%96%E7%A7%91_%E5%94%90%E5%BA%86.jpg?itok=WN3nvMoZ,TRUE,0,,,,整形修复手术与乳房整形美容,该医生专注于整形修复手术，特别擅长耳、鼻器官修复再造、瘢痕治疗以及巨乳、乳房下垂和乳房发育不良的整形美容。
add57076-effc-4c94-9352-66ada9493f33,,程钢,副主任医师,中山大学附属第一医院,整形外科,"乳房整形, 鼻整形, 手足畸形矫正, 疤痕整形, 体表软组织肿瘤治疗, 小血管吻合, 淋巴管吻合, 神经吻合, 输精管吻合, 小儿痉挛性脑瘫治疗, 乳糜尿治疗, 神经肌腱损伤治疗, 游离皮瓣移植, 尿毒症病人动静脉造瘘, 人造血管植入术",该医生长期从事整形美容和手外科临床工作，在淋巴管静脉吻合术、雪旺细胞和雪旺细胞源神经营养蛋白研究、选择性脊神经后根切断术治疗痉挛性脑性瘫痪等方面取得显著成果，曾获省科委二等奖、三等奖及省卫生厅三等奖，并发表相关专著。,https://www.fahsysu.org.cn/sites/1h.prod.sysucloud1.sysu.edu.cn/files/styles/focal_point_480/public/120310.jpg?itok=w_N9F_Il,TRUE,0,,,,整形美容、手外科及精细手术操作,长期从事整形美容和手外科临床工作，在淋巴管静脉吻合术、雪旺细胞研究、选择性脊神经后根切断术治疗痉挛性脑性瘫痪等方面获省科委二等奖、三等奖及省卫生厅三等奖，并发表专著。
0a47cfe9-affb-44ec-8d72-7ed905d9ebb3,,黎志明,副主任医师,中山大学附属第一医院,整形外科,"医学整形美容, 瘢痕防治, 先天性畸形治疗, 后天性畸形治疗",该医生毕业于中山医科大学，获临床医学硕士和博士学位，在钟世镇院士指导下完成博士后研究工作。曾在附一院外科从事临床工作，并到北京学习整形美容手术。主持省科委、中医药管理局两项课题，曾获国家教委科技进步二等奖（第三完成人）。发表多篇学术论文，包括在《中华显微外科杂志》、《中山医科大学学报》等期刊上的研究成果。,,TRUE,0,,,,整形美容、瘢痕防治、畸形治疗,中山医科大学毕业，获临床医学硕士和博士学位，在钟世镇院士指导下完成博士后研究。曾在附一院外科从事临床工作，主持省科委、中医药管理局两项课题，获国家教委科技进步二等奖（第三完成人），发表多篇学术论文。
3d2809e8-8596-4093-87f3-fbe0f1af5c77,,许澍洽,副主任医师,中山大学附属第一医院,整形外科,"乳房整形再造, 耳廓整形再造",该医生2002年毕业于原中山医科大学临床医学专业，后在中山大学获得硕士及博士学位。2014年曾作为访问学者在韩国首尔大学附属医院整形外科进修学习。,https://www.fahsysu.org.cn/sites/1h.prod.sysucloud1.sysu.edu.cn/files/styles/focal_point_480/public/2024-05/%E8%AE%B8%E6%BE%8D%E6%B4%BD.jpg?itok=NabauXDN,TRUE,0,,,,乳房整形再造及耳廓整形再造,2002年原中山医科大学临床医学本科毕业，后在中山大学获得硕士及博士学位。2014年韩国首尔大学附属医院整形外科访问学者。
eb4dab5d-193b-43ec-a94e-5da62504ae31,,曾瑞曦,副主任医师,中山大学附属第一医院,整形外科,"皮肤激光美容, 微整形, 注射美容, 瘢痕治疗, 血管瘤的激光及手术治疗, 皮肤及软组织良恶性肿瘤的切除修复, 先天性畸形, 脂肪移植, 肥胖塑性, 运动减肥, 运动性损伤预防, 乳房及面部器官整形手术, 腋臭治疗",该医生于1995年至2000年在中山医科大学获得临床医学学士学位，2000年至2005年在中山大学获得临床医学整形外科学硕士学位。2008年前往上海华山医院、上海第九人民医院激光美容中心进修激光美容及微整形。社会兼职包括广东省整形美容协会整形美容分会委员、广东省整形美容协会外科分会委员、广州市登山协会委员、中国医师跑者协会顾问。发表多篇学术论文，如《选择性脊神经后根切断术对下肢感觉功能的近期影响》、《SPR治疗痉挛性脑瘫患者的远期疗效分析》、《铒激光治疗瘢痕65例临床体会》、《乳腺癌根治术后二期岛状背阔肌肌皮瓣的乳房再造及腋前皱襞重建》。参与撰写《整形外科疾病临床诊断与治疗方案》专著两个章节。2008年参加汶川地震广东省医疗队救援工作，2015年起作为医师跑者参与20多场国内马拉松赛道医疗救援工作。,https://www.fahsysu.org.cn/sites/1h.prod.sysucloud1.sysu.edu.cn/files/styles/focal_point_480/public/041453.jpg?itok=KmgNTvVH,TRUE,0,,,,皮肤激光美容、微整形、瘢痕治疗,中山医科大学临床医学学士、中山大学临床医学整形外科学硕士，2008年进修于上海华山医院和第九人民医院激光美容中心。担任广东省整形美容协会委员等社会兼职，发表多篇学术论文并参与专著撰写。曾参与汶川地震救援和马拉松医疗救援工作。
3d0d9537-fd7c-40e9-9373-674dd0836845,,张毅,副主任医师,中山大学附属第一医院,整形外科,"体表器官功能及外形整形修复, 周围血管损伤显微修复, 神经损伤显微修复, 痉挛性脑瘫综合治疗, 显微外科操作技术, 头面微细整形及美容手术, 乳房整形及再造, 体表复杂软组织肿瘤切除修复, 痉挛性脑瘫外科治疗, 微创选择性脊神经后根切除术, 肢体继发畸形矫形术, 周围血管吻合技术, 周围神经损伤显微修复, 人工动静脉瘘构建",该医生主要从事体表器官功能及外形的整形修复、周围血管和神经损伤的显微修复以及痉挛性脑瘫的综合治疗的临床与基础研究。研究方向为医学图像数字化三维虚拟可视化重建的关键技术研究及显微整形修复的临床应用，主持参与国家及省厅级课题多项，在国内外期刊发表相关专业论文20余篇。,https://www.fahsysu.org.cn/sites/1h.prod.sysucloud1.sysu.edu.cn/files/styles/focal_point_480/public/2025-09/%E6%95%B4%E5%BD%A2%E5%A4%96%E7%A7%91_%E5%BC%A0%E6%AF%85.jpg?itok=zXIO9MzY,TRUE,0,,,,显微整形修复、痉挛性脑瘫外科治疗,主要从事体表器官功能及外形整形修复、周围血管和神经损伤显微修复以及痉挛性脑瘫综合治疗的临床与基础研究，研究方向为医学图像数字化三维虚拟可视化重建关键技术及显微整形修复临床应用，主持参与多项国家及省厅级课题，发表相关专业论文20余篇。
cb898054-709a-4ff3-b5da-baa48a750e95,,朱昭炜,副主任医师,中山大学附属第一医院,整形外科,"颜面五官整形修复, 躯干四肢整形修复, 乳房整形再造, 面瘫修复, 周围神经损伤修复, 腹壁整形, 阴茎再造, 私密整形, 面部年轻化注射, 脂肪抽吸及填充, 病理性瘢痕修复, 创面修复, 皮肤与软组织肿瘤切除及修复重建, 脑瘫整形修复, 腋臭整形修复",该医生于2015年入职中山大学附属第一医院整形外科，历任住院医师、主治医师至副主任医师。2012年10月至2014年12月在美国斯坦福大学医学院进修学习，担任助理研究员。社会兼职方面，担任中华医学会整形外科分会颅颌面学组委员、面部年轻化专业学组委员，中国康复医学会修复重建外科分会瘢痕学组委员，中国整形美容协会精准与数字医学分会理事，广东省医学会显微外科分会青年委员会副主任委员，广东省医学会健康传播自媒体联盟委员，广东省整形美容协会委员，以及美国整形外科学会（ASPS）会员。科研方面，开展周围神经损伤修复基础研究、病理性瘢痕发病机制研究、面瘫与乳房整形临床研究、显微外科技术改进与推广研究，作为客座编辑组建Frontiers in Cellular Neuroscience专刊，出版英文专著一部，受邀前往哈佛大学医学院、加州大学欧文分校访学交流，在Plastic and Reconstructive Surgery、Annals of Biomedical Engineering等国际期刊发表高水平论文10余篇，主持国家自然科学基金、广东省自然科学基金、中山大学青年教师培育项目等多个科研项目，组织整形美容缝合培训、显微外科技术培训班，入选Journal of Tissue Engineering and Regenerative Medicine杂志封面，并获评2022年度中山一院本科教学新秀。,https://www.fahsysu.org.cn/sites/1h.prod.sysucloud1.sysu.edu.cn/files/styles/focal_point_480/public/2023-07/%E6%95%B4%E5%BD%A2%E5%A4%96%E7%A7%91-%E6%9C%B1%E6%98%AD%E7%82%9C-%E5%89%AF%E4%B8%BB%E4%BB%BB%E5%8C%BB%E5%B8%88.png?itok=PTK0fKWF,TRUE,0,,,,整形修复与美容术，尤其擅长乳房整形再造和面瘫修复,中山大学附属第一医院整形外科副主任医师，曾在美国斯坦福大学医学院进修学习。担任多个医学会委员，包括中华医学会整形外科分会委员等。科研方面，开展多项基础与临床研究，发表高水平论文10余篇，主持国家自然科学基金等项目，并获评2022年度中山一院本科教学新秀。
73423226-b929-4555-8f7a-3ae76bc300ff,,陈振光,"主任医师, 硕士研究生导师",中山大学附属第一医院,胸外科,"电视胸腔镜, 肺癌诊断, 肺癌微创切除, 肺癌化疗, 肺癌靶向治疗, 肺癌免疫治疗, 肺叶切除, 支气管扩张, 肺大庖, 自发性气胸, 胸腺瘤外科治疗, 重症肌无力外科治疗, 胸腺瘤药物治疗, 食管癌诊断, 食管癌根治性切除, 食管癌化疗, 食管狭窄, 贲门失弛缓症, 纵隔肿瘤切除, 漏斗胸微创矫治, 肺气肿微创肺减容, 肺移植, 胸腔镜肺叶切除, 淋巴结清扫, 肺小结节早期诊断, 剑突下微创切除胸腺, 难治性肺癌治疗, 难治性胸腺瘤治疗, 漏斗胸3D打印矫治",该医生从事心胸外科专业近25年，具有丰富的临床经验。1995年9月至1997年8月，在中山大学附属一院心胸外科担任住院医师；1997年9月至2004年10月，晋升为主治医师；2004年11月至2012年11月，担任副主任医师、硕士研究生导师及医疗秘书；2012年12月至今，任主任医师。2011年9月起，兼任中山大学附属一院东院心胸外科科主任；2013年11月至2017年9月，担任院长助理；2017年10月至今，任副院长。社会兼职包括欧洲临床肿瘤学会会员、国际肺癌研究学会会员、中国癌症基金会中国肿瘤防治联盟秘书长、中国医院协会精准医疗管理分会秘书长、中国医师协会胸外科分会委员、广东省医学会胸外科分会肺癌学组副组长等。在Ann Oncol、Ann Thorac Surg、Eur J Cardiothorac Surg、PLoS One、J Thorac Oncol、Medicine、Hum Pathol、J Exp Clin Cancer Res、Cancer Cell International、Med Oncol、J Cardiothorac Surg、J Int Med Res等国际期刊发表论文40余篇，并曾获第三届“羊城好医生”称号。,https://www.fahsysu.org.cn/sites/1h.prod.sysucloud1.sysu.edu.cn/files/styles/focal_point_480/public/1165138.jpg?itok=jBW5JOqq,TRUE,0,,,,心胸外科疾病微创治疗，肺癌、胸腺瘤、食管癌诊治,中山大学附属一院胸外科主任医师，从事心胸外科临床工作近25年。历任住院医师、主治医师、副主任医师，现任主任医师及东院副院长。担任中国癌症基金会中国肿瘤防治联盟秘书长、中国医院协会精准医疗管理分会秘书长等社会职务，在国际期刊发表论文40余篇，获第三届“羊城好医生”称号。
a6e9329b-755b-44d0-a764-9e874c2fa824,,程超,"主任医师, 教授",中山大学附属第一医院,胸外科,"机器人微创手术治疗复杂肺癌, 机器人微创手术治疗食管癌, 机器人微创手术治疗胸腺疾病, 胸部肿瘤多学科综合治疗, 胸部肿瘤转化性研究",该医生在普胸外科有丰富的临床经验，多年来致力于胸部肿瘤的多学科综合治疗和转化性研究，其研究成果被国内外同行高度评价。,https://www.fahsysu.org.cn/sites/1h.prod.sysucloud1.sysu.edu.cn/files/styles/focal_point_480/public/2025-09/%E8%83%B8%E5%A4%96%E7%A7%91%E7%A8%8B%E8%B6%85%E6%AD%A3%E9%AB%98.jpg?itok=FKYsLLRy,TRUE,0,,,,胸部肿瘤机器人微创手术及综合治疗,普胸外科专家，在胸部肿瘤多学科综合治疗和转化性研究方面有丰富经验，研究成果获国内外同行高度评价。
eb916658-8ddf-4217-9917-955aa99a53b6,,顾勇,"主任医师, 硕士生导师",中山大学附属第一医院,胸外科,"肺癌外科诊治, 食道癌外科诊治, 纵膈肿瘤外科诊治, 重症肌无力外科诊治, 气胸外科诊治, 支气管扩张外科诊治, 肺大庖外科诊治, 胸壁畸形矫治外科诊治, 胸腔镜外科手术, 漏斗胸微创治疗, 肺癌多学科综合治疗, 食道癌多学科综合治疗",该医生为医学博士，现任中山大学附属第一医院胸外科主任医师、特需医疗与健康中心行政总监、硕士生导师。曾留学德国柏林心脏中心和芬兰坦佩雷大学附属医院心脏外科访问学者，从事胸外科临床和科研工作超过二十五年。历任中山医科大学附属第一医院心胸外科讲师、主治医师、副主任医师，并曾挂职海南省三亚市人民医院副院长、胸心外科首席专家。主持国家级及省部级以上科研基金八项，发表文章二十余篇，多次受邀参加国际学术会议，参编《胸心血管外科疾病临床诊断与治疗方案》。兼任广东省医学会涉外与特需医疗分会副主任委员、广东省医院协会医疗商业保险工作委员会副主任委员、广东省医学会胸外科学分会食管癌学组委员等学术职务。,https://www.fahsysu.org.cn/sites/1h.prod.sysucloud1.sysu.edu.cn/files/styles/focal_point_480/public/045513.jpg?itok=c0q4okzO,TRUE,0,,,,肺癌、食道癌等胸部疾病的外科诊治与微创手术,医学博士，中山大学附属第一医院胸外科主任医师、特需医疗与健康中心行政总监、硕士生导师。留学德国及芬兰，从事胸外科临床科研二十五年，历任讲师、主治医师、副主任医师，曾挂职海南省三亚市人民医院副院长。主持国家级及省部级科研基金八项，发表文章二十余篇，兼任多个省级医学会副主任委员等职务。
e4a132be-11c4-4b5e-a15d-3ae76f80feee,,罗红鹤,"主任医师, 教授",中山大学附属第一医院,胸外科,"肺癌, 食管癌, 重症肌无力, 纵隔肿瘤, 胸腔巨大肿瘤, 食管狭窄, 食管良性肿瘤, 贲门失弛缓症, 支气管扩张, 肺大疱, 自发性气胸, 先天性心脏病, 风湿性心脏瓣膜病, 冠心病, 微创胸腔镜手术, 全胸腔镜下肺癌根治性切除术, 纵隔肿瘤切除, 扩大范围胸腺切除, 漏斗胸nuss矫治术, 肺癌综合性治疗",该医生1983年毕业于中山医学院临床医疗系，1988年于中山医科大学研究生毕业。1989年起先后在香港大学GRANTHAM医院、新加坡国立大学医院、美国MONTANA大学国际心脏研究所和ST.PATRICK医院进修学习。1995年入选国家跨世纪千百十科技人才培训计划校级人才计划。现任中山大学附属第一医院胸外科、胸部肿瘤专科主任，中山大学肺癌研究所副所长，并担任中山医学院教学督导。在学术领域，担任广东省医院管理协会肿瘤防治委员会副主任委员、广东省医师协会胸外科分会副主任委员、广东省医学会胸外科分会副主任委员、海峡两岸医药卫生交流协会胸外科专业委员会常委、中国医师协会胸外科分会食管癌专业委员会委员、广东省抗癌协会食管癌专业委员会副主任委员、中国胸外科肺癌研究协作组委员等多项社会兼职。同时是《J. Thoracic Disease》和《中国肺癌杂志》编委。在科研方面，主持国家及卫生部科研项目5项、省级科研项目7项，参与国际联合科研项目1项，发表学术论文超150篇，主编及参与撰写多部学术专著。多次在亚洲专业学术会议宣讲论文，担任亚洲、欧洲胸心外科学术会议专题讨论主席，并获得亚洲和太平洋地区胸心外科优秀论文奖2次。,https://www.fahsysu.org.cn/sites/1h.prod.sysucloud1.sysu.edu.cn/files/styles/focal_point_480/public/2024-01/%E7%BD%97%E7%BA%A2%E9%B9%A4%20%E4%BF%AE%E6%94%B9%E7%99%BD%E5%BA%95.jpg?itok=WK4FUwcV,TRUE,0,,,,胸心外科疾病诊疗与微创胸腔镜手术,中山医学院临床医疗系毕业，中山医科大学研究生毕业，曾赴香港、新加坡、美国进修。现任中山大学附属第一医院胸外科、胸部肿瘤专科主任，中山大学肺癌研究所副所长。主持多项国家级、省级科研项目，发表论文超150篇，获亚洲和太平洋地区胸心外科优秀论文奖2次。
329e817a-6011-4f02-8a59-6b10d47af071,,鲁建军,主任医师,中山大学附属第一医院,胸外科,"胸部疾病外科诊疗, 肺癌手术治疗, 食管癌手术治疗, 胸腔镜技术微创治疗, 肺癌胸腔镜治疗, 手足多汗症胸腔镜治疗, 漏斗胸腔镜治疗, 纵膈肿瘤胸腔镜治疗, 胸部巨大肿瘤治疗, 胸壁重建",该医生于1989年9月至1994年6月在蚌埠医学院临床医疗系完成本科学业，1994年7月至1999年8月在皖南医学院附二院担任外科主治医师，1999年9月至2002年6月在中山大学攻读临床型硕士研究生，2002年7月至今在中山大学附属第一医院胸外科担任医师，2005年9月至2008年6月在中山大学攻读博士研究生。社会兼职方面，担任中国抗癌协会康复会专业会员、广东省医疗行业协会消化外科管理分会第一届委员会常务委员、广东省医师协会胸外科医师分会第二届委员会委员。学术成果方面，至今已发表近四十多篇临床及科研性论著。,https://www.fahsysu.org.cn/sites/1h.prod.sysucloud1.sysu.edu.cn/files/styles/focal_point_480/public/052114.jpg?itok=yqYKT79x,TRUE,0,,,,胸部疾病外科诊疗与胸腔镜微创手术,蚌埠医学院临床医疗系本科毕业，中山大学博士研究生学历。现任中山大学附属第一医院胸外科医师，曾任皖南医学院附二院外科主治医师。担任中国抗癌协会康复会专业会员、广东省医疗行业协会消化外科管理分会常务委员等社会职务，发表学术论文40余篇。
6f361a43-1fa2-4770-a68e-66dfac343835,,巫国勇,"主任医师, 教授",中山大学附属第一医院,胸外科,"肺癌诊治, 食道癌诊治, 纵膈肿瘤诊治, 气胸诊治, 支气管扩张诊治, 微创胸腔镜手术, 胸壁畸形微创矫正",该医生从事心胸外科临床工作近20年，临床经验丰富。担任广东省医师协会义诊专家，发表学术论文30多篇，包括《先心病肺高压围术期处理》、《重症肌无力外科疗效观察》、《四逆汤对心肌保护作用》等。,https://www.fahsysu.org.cn/sites/1h.prod.sysucloud1.sysu.edu.cn/files/styles/focal_point_480/public/035440.jpg?itok=vKnafVdQ,TRUE,0,,,,心胸外科疾病诊治与微创手术,从事心胸外科临床工作近20年，临床经验丰富，担任广东省医师协会义诊专家，发表学术论文30多篇。
fee10346-97ce-42e5-ab5b-5d507dad80b9,,雷艺炎,副主任医师,中山大学附属第一医院,胸外科,"肺癌外科诊治, 食道癌外科诊治, 纵隔疾病外科诊治, 气胸外科诊治, 支气管扩张外科诊治, 肺大庖外科诊治, 漏斗胸外科诊治, 胸部疾病微创治疗, 肺癌多学科综合治疗, 食道癌多学科综合治疗",该医生于2007年获得中山大学外科学硕士学位并留院工作，2014年至2017年在中山大学攻读外科学在职博士学位。2007年至2010年担任中山大学附属第一医院胸外科住院医师，2010年至2019年担任主治医师，2019年至今担任副主任医师。担任广东省医学会微创外科学会胸心外科学组委员、广东省医师协会胸外科医师分会ERAS学组委员、世界华人肿瘤医师协会胸部肿瘤专业委员会委员、海峡两岸医药卫生交流协会青年委员、胸外科学院华南分院讲师。主持及参与多项国家级、省部级、厅局级科研基金，发表SCI论文15余篇，参编《外科病理生理学》和《围手术期病理生理与临床》专著。,https://www.fahsysu.org.cn/sites/1h.prod.sysucloud1.sysu.edu.cn/files/styles/focal_point_480/public/092816.jpg_.png?itok=9Tgdq8iX,TRUE,0,,,,胸外科疾病诊治，尤其擅长肺癌和食道癌的微创及多学科治疗,中山大学外科学硕士及在职博士，现任中山大学附属第一医院胸外科副主任医师。从事胸外科临床及科研工作十余年，担任多个学术团体委员，主持参与多项科研基金，发表SCI论文15余篇，参编专著2部。
91a8ce55-2c24-4972-8984-4051386f1ef9,,刘振国,副主任医师,中山大学附属第一医院,胸外科,"肺小结节/肺癌的微创外科治疗, 肺癌的微创外科综合治疗, 食管癌的微创外科综合治疗, 纵隔肿瘤的微创外科综合治疗, 肺大泡的胸腔镜微创治疗, 手汗症的胸腔镜微创治疗, 漏斗胸的胸腔镜微创治疗, 胸腺瘤的临床治疗, 重症肌无力的临床治疗, 食管癌的术后康复研究",该医生2009年毕业于南方医科大学（原第一军医大学）临床医学系，后于中山大学相继获得外科学硕士及博士学位。毕业后就职于中山大学附属第一医院胸外科工作至今。担任国际肺癌研究协会（IASLC）会员、广东省医师协会胸外科医师分会委员、广东省抗癌协会抗肿瘤药物专委会委员、广东省保健协会免疫治疗分会委员等社会兼职。发表SCI论文20余篇，其中在J Thorac Cardiovasc Surg、Ann Thorac Surg等心胸外专刊发表论文多篇。主持国家自然科学基金、广东省自然科学基金等研究项目，参与国家及省部级基金多项。参编《autophagy》中英文版专著。,https://www.fahsysu.org.cn/sites/1h.prod.sysucloud1.sysu.edu.cn/files/styles/focal_point_480/public/%E8%83%B8%E5%A4%96%E7%A7%91%20%E5%88%98%E6%8C%AF%E5%9B%BD%20%E5%89%AF%E9%AB%98.jpg?itok=Grzlx7kp,TRUE,0,,,,胸外科疾病微创治疗，特别是肺癌、食管癌,南方医科大学临床医学系毕业，中山大学外科学硕士及博士，现任中山大学附属第一医院胸外科副主任医师。担任多项学术组织委员，发表SCI论文20余篇，主持国家及省级科研项目，参编专著。
a8775eba-aabd-4abb-a6ed-52098c259b45,,马俊,副主任医师,中山大学附属第一医院,胸外科,"胸外科常见病诊疗, 胸外科多发病诊疗, 气胸, 肺癌, 食管癌, 纵隔肿瘤, 重症肌无力, 手汗症, 全腔镜下胸外科手术, 胸外科快速康复, 微创胸外科手术",该医生毕业于中山医科大学临床医学专业，获学士学位，后于中山大学附属第一医院攻读临床医学硕士和外科学博士学位。自2001年起在中山大学附属第一医院胸外科工作，历任住院医师、主治医师，现任副主任医师。以第一作者在国内外学术期刊发表论著10篇，参编专著1本。担任广东省医师协会胸外科医师分会青年专业组成员、广东省医学会消化道肿瘤分会青年委员。2008年参加广东省青年志愿者医疗队赴汶川地震灾区工作，被授予“援川抗震救灾先进个人”称号；2020年参加中山一院医疗队赴武汉协和西院参加抗击新冠疫情工作，获得中山一院“院长特别奖”，被评为2019-2020年度中山一院好医生。,https://www.fahsysu.org.cn/sites/1h.prod.sysucloud1.sysu.edu.cn/files/styles/focal_point_480/public/%E8%83%B8%E5%A4%96%E7%A7%91%E9%A9%AC%E4%BF%8A%E5%89%AF%E9%AB%98.JPG?itok=0NUGRN6B,TRUE,0,,,,胸外科常见病、多发病诊疗及微创手术,中山医科大学临床医学学士，中山大学附属第一医院临床医学硕士、外科学博士。现任中山大学附属第一医院胸外科副主任医师，从事胸外科临床工作20年。发表论著10篇，参编专著1本。担任广东省医师协会胸外科医师分会青年专业组成员等社会兼职。曾参与汶川地震和武汉新冠疫情的医疗救援工作，获多项荣誉。
c5cf10f7-0458-4e50-a24c-8c9cd3081fdd,,苏春华,副主任医师,中山大学附属第一医院,胸外科,"胸外科胸腔镜手术, 肺癌手术, 肺癌化疗, 肺癌靶向治疗, 食管癌手术, 食管癌化疗, 重症肌无力内外科处理, 胸腺瘤手术治疗, 肺大疱手术治疗, 支气管扩张症手术治疗, 手足多汗症手术治疗",该医生1994年至1999年在中山医科大学临床医疗系攻读本科，1999年至2000年在广州市第六人民医院外科担任住院医师，2000年至2003年在中山大学附属第一医院心胸外科攻读临床型硕士，2003年至2005年在中山大学附属第一医院黄埔院区外科担任住院医生，2005年至2008年在中山大学附属第一医院外科攻读临床型博士，2005年至2012年在中山大学附属第一医院胸外科担任主治医师，2013年至今在中山大学附属第一医院胸外科担任副主任医师。社会兼职为中山大学肺癌研究中心秘书。在食管癌研究和重症肌无力及胸外科术后疼痛方面均有第一作者SCI文章发表，现主持研究科研基金2项，内容主要为肺癌食管癌的治疗。,https://www.fahsysu.org.cn/sites/1h.prod.sysucloud1.sysu.edu.cn/files/styles/focal_point_480/public/034040.jpg?itok=AnYpUB6t,TRUE,0,,,,胸外科疾病手术与综合治疗,中山医科大学临床医疗系本科毕业，中山大学临床型硕士和博士，现任中山大学附属第一医院胸外科副主任医师，从事胸外科工作10余年。担任中山大学肺癌研究中心秘书，在食管癌和重症肌无力研究方面发表多篇SCI论文，主持2项肺癌食管癌相关科研基金。
2beeb75d-3bc7-478b-9d97-c97abbad48b8,,曾博,副主任医师,中山大学附属第一医院,胸外科,"肺小结节鉴别诊断, 早期肺癌鉴别诊断, 微创手术治疗, 单孔胸腔镜肺癌根治术, 肺段切除术, 支气管肺血管重建手术, 中晚期肺癌综合治疗, 食管癌外科治疗, 胸腺瘤外科治疗, 重症肌无力外科治疗, 复杂纵隔肿瘤外科治疗, 肺大泡外科治疗, 手汗症外科治疗, 肺移植手术",该医生自2014年起在本院工作，历任住院医师、主治医师、副主任医师。担任广东省肿瘤防治与康复专业委员会委员和广东省中西医结合学会心胸外科专业委员会委员。发表SCI论文10余篇，参与主持多项国家和省部级科研项目。,https://www.fahsysu.org.cn/sites/1h.prod.sysucloud1.sysu.edu.cn/files/styles/focal_point_480/public/2025-04/%E8%83%B8%E5%A4%96%E7%A7%91_%E6%9B%BE%E5%8D%9A%E8%AF%81%E4%BB%B6_20250417120206_wps%E8%AF%81%E4%BB%B6%E7%85%A7%281%29.jpg?itok=u7e468JJ,TRUE,0,,,,胸外科疾病微创手术及肺移植,自2014年起在本院工作，历任住院医师、主治医师、副主任医师。担任广东省肿瘤防治与康复专业委员会委员和广东省中西医结合学会心胸外科专业委员会委员。发表SCI论文10余篇，参与主持多项国家和省部级科研项目。
3b8006fc-c83d-4244-9ae1-12bb81063495,,邹健勇,副主任医师,中山大学附属第一医院,胸外科,"肺癌微创外科治疗, 进展期肺癌综合治疗, 肺小结节追踪处理, 食管癌微创外科治疗, 进展期食管癌综合治疗, 前纵膈疾病微创外科治疗, 局部晚期纵膈恶性肿瘤外科治疗",该医生于2001年至2006年在华中科技大学同济医学院获得临床医学学士学位，2006年至2009年在中山大学医学院获得外科学硕士学位，2017年至2021年在中山大学医学院获得外科学博士学位。自2009年起在中山大学附属第一医院胸外科工作，历任住院医师、主治医师，现任副主任医师。,https://www.fahsysu.org.cn/sites/1h.prod.sysucloud1.sysu.edu.cn/files/styles/focal_point_480/public/%E8%83%B8%E5%A4%96%E7%A7%91%20%E9%82%B9%E5%81%A5%E5%8B%87%20%E5%89%AF%E9%AB%98.jpg?itok=358iQEOs,TRUE,0,,,,胸外科疾病微创治疗与综合治疗,华中科技大学同济医学院临床医学学士，中山大学医学院外科学硕士及博士，现任中山大学附属第一医院胸外科副主任医师，从事胸外科临床工作十余年。
0f34d841-c69c-477f-8b0f-825495cdad41,,张水深,副主任医师,中山大学附属第一医院,胸外科,"食管癌多学科综合治疗, 肺癌多学科综合治疗, 肺结节微创手术, 肺癌微创手术, 食管癌微创手术, 胸腺瘤微创手术, 气胸微创手术, 免疫治疗, 靶向治疗, 术后快速康复治疗",该医生于2006年至2011年在南方医科大学临床专业攻读本科，2011年至2014年在中山大学附属肿瘤医院肿瘤外科获得硕士学位，2019年至2022年在中山大学附属第一医院外科获得博士学位。2017年获聘主治医师，2020年入选医院第二批“柯麟”菁英人才管理计划并兼任人力资源处处长助理，2021年荣获全国CSCO第四届35岁以下最具潜力优秀青年肿瘤医生及最佳人气奖，2022年获得广州市青年科技人才托举项目并晋升为副主任医师。社会兼职包括欧洲医学教育联盟（AMEE）Associate Fellow、广东省医师协会胸外科分会委员、广东省医疗行业协会胸外科管理分会委员兼副秘书长、广东省医师协会肿瘤外科分会食管癌学组委员、广东省医师协会肿瘤外科分会肺癌学组委员、广东省医师协会胸外科分会毕业后教育专业组委员以及广东省潮人海外联谊会会员及健康委员会副秘书长。主持国家自然科学青年基金1项、广东省自然科学基金面上2项及多项其他省级课题，已发表国际SCI论著28篇，其中第一/共一作者和通讯/共同通讯作者20篇，包括《自然》子刊Nature Communication、《细胞》子刊Cell Reports、British Journal of Cancer等Q1区多篇，并担任Molecular Therapy等多个杂志审稿人。,https://www.fahsysu.org.cn/sites/1h.prod.sysucloud1.sysu.edu.cn/files/styles/focal_point_480/public/2023-07/%E8%83%B8%E5%A4%96%E7%A7%91%20%E5%BC%A0%E6%B0%B4%E6%B7%B1%20%E5%89%AF%E9%AB%98%20%E5%A2%9E%E5%8A%A0%E8%BE%B9%E7%BC%98.jpg?itok=sJRRAkRa,TRUE,0,,,,胸部肿瘤微创手术及多学科综合治疗,南方医科大学临床专业本科，中山大学附属肿瘤医院肿瘤外科硕士，中山大学附属第一医院外科博士。2017年任主治医师，2022年晋升副主任医师，曾获全国CSCO第四届35岁以下最具潜力优秀青年肿瘤医生、广州市青年科技人才托举项目。主持多项国家级和省级课题，发表SCI论文28篇，担任多个学术期刊审稿人及多个省级协会委员。
c01430a2-2f56-48ff-8b65-92d0a24530d7,,黄文生,"副教授, 副主任医师",中山大学附属第一医院,外科门诊,"疝与腹壁外科, 胃肠道恶性肿瘤, 肿瘤干细胞, 腹股沟疝, 脐疝, 阑尾, 肝囊肿, 手汗症, 肠道肿瘤",该医生1996年毕业于中山医科大学，随后在中山一院外科工作至今。2002年至2007年期间攻读博士学位，2011年晋升为副教授、副主任医师。以第一作者发表SCI和国家级及省部级学术论文近20篇，主要研究方向包括疝与腹壁外科、胃肠道恶性肿瘤以及肿瘤干细胞的基础和临床研究。,https://www.fahsysu.org.cn/sites/1h.prod.sysucloud1.sysu.edu.cn/files/styles/focal_point_480/public/054128.jpg?itok=qvQCEaOL,TRUE,0,,,,疝与腹壁外科、胃肠道恶性肿瘤,1996年毕业于中山医科大学，在中山一院外科工作至今，2002-2007年攻读博士学位，2011年晋升副教授、副主任医师，以第一作者发表近20篇学术论文，研究方向为疝与腹壁外科、胃肠道恶性肿瘤及肿瘤干细胞。
e5eb4771-6966-4259-a9df-15af8b6a045c,,李强,副主任医师,中山大学附属第一医院,外科门诊,"痔疮, 肛瘘, 肛裂, 腋臭, 包茎, 体表肿物外科治疗, 急慢性创面处理, 肛肠疾病",该医生1991年就读于中山医科大学临床医学系，1996年毕业后在中山一院从事外科工作，2008年研究生毕业。在国内、外发表医学论著20多篇，参与编写学术著作两本，获得医疗专利两项，负责广东省科技厅研究项目一项。,https://www.fahsysu.org.cn/sites/1h.prod.sysucloud1.sysu.edu.cn/files/styles/focal_point_480/public/053445.jpg?itok=WhV2qhbi,TRUE,0,,,,肛肠疾病及体表肿物外科治疗,中山医科大学临床医学系毕业，在中山一院从事外科工作，研究生学历。发表医学论著20多篇，参与编写学术著作两本，获得医疗专利两项，负责广东省科技厅研究项目一项。
dc364ad4-e652-4bff-983b-3db88c2c1c17,,常光其,"主任医师, 教授",中山大学附属第一医院,血管外科,"主动脉夹层外科和介入治疗, 胸主动脉瘤外科和介入治疗, 腹主动脉瘤外科和介入治疗, 颈动脉体瘤外科治疗, 颈动脉狭窄外科和介入治疗, 锁骨下动脉闭塞外科和介入治疗, 静脉血栓栓塞症外科和介入治疗, 下肢深静脉血栓形成外科和介入治疗, 下肢动脉硬化闭塞症外科和介入治疗, 下肢静脉曲张外科和介入治疗, 肠系膜血管疾病外科和介入治疗, 肝脾肾动脉瘤外科和介入治疗, 肾动脉狭窄外科和介入治疗, 髂动脉瘤外科和介入治疗, 其他血管瘤外科和介入治疗",该医生1987年毕业于中山医科大学医疗系，1996年获得血管外科硕士学位。2004年赴美国、澳大利亚和法国接受介入血管外科培训，2007年在澳大利亚纽卡索Private Macquire Hospital进修血管外科。自1991年起一直在中山大学附属第一医院血管外科从事临床研究工作，积累了丰富的临床经验。现任中山大学血管外科研究中心主任、血管疾病诊治技术国家地方联合工程实验室副主任，兼任中国医师协会血管外科医师分会副会长、广东省临床医学学会副会长、广东省医学会血管外科分会主任委员、广东省医师协会血管病医师分会候任主任委员、粤港澳大湾区血管外科联盟主席、中国南方血管大会执行主席。发表多篇学术论文，包括在J Am Heart Assoc、J Vasc Interv Radiol、J Vasc Surg、J Endovasc Ther等国际期刊发表的研究成果，并主编《外周动脉疾病的介入治疗》、主译《血管腔内技术-腔内血管外科的导丝及导管技术（第4版）》。曾获国家卫健委百姓健康频道“健康卫士-2019卓越成就奖”、“中国好医生”、“羊城好医生”、“岭南名医”等荣誉称号，2018年被评为广东省医学领军人才。,https://www.fahsysu.org.cn/sites/1h.prod.sysucloud1.sysu.edu.cn/files/styles/focal_point_480/public/%E5%B8%B8%E5%85%89%E5%85%B6.jpg?itok=Sy-Lasno,TRUE,0,,,,血管外科疾病的外科和介入治疗,中山医科大学医疗系毕业，血管外科硕士，自1991年起在中山大学附属第一医院血管外科从事临床研究。现任中山大学血管外科研究中心主任、血管疾病诊治技术国家地方联合工程实验室副主任，兼任中国医师协会血管外科医师分会副会长等职。发表多篇国际期刊论文，主编及主译专业著作，曾获“健康卫士-2019卓越成就奖”、“中国好医生”等荣誉，2018年被评为广东省医学领军人才。
d8045c03-7f5f-4681-8dce-fa26fac6e135,,胡作军,主任医师,中山大学附属第一医院,血管外科,"主动脉瘤综合治疗, 静脉功能不全综合治疗, 甲状腺肿瘤手术及综合治疗, 外周血管疾病发病机制研究, 人工血管新材料及新载体研究",该医生为中山大学博士研究生，曾在美国斯坦福大学、法国斯特拉斯堡大学、日本东京医科大学、澳洲皇家珀斯医院、香港大学玛丽医院等多所国际知名医疗机构进修学习。现任中山大学惠亚医院首任大外科主任，兼任广东省水电总医院外科顾问教授、福建闽西永定县人民医院外科顾问教授。社会兼职包括中国医疗保健国际交流促进会专业委员会常委、广东省健康管理学会专业委员会委员、美国化学学会特邀年度委员。曾担任2011年度第五批国家医疗队队员、甲状腺癌全国管理联盟培训专家、国家级静脉外科新技术培训班专家。学术成果丰硕，在《CellBiochem Biophys》、《J Vasc Surg》、《中华医学杂志》等国内外核心期刊发表学术论文50余篇。曾获得国家自然科学基金、国家863高技术基金、教育部留学基金、教育部博士点基金、广东省科技/自然基金等多项科研资助，并担任国家自然基金委、国家863项目、重大科技计划课题同行评议专家及专业领域SCI期刊特邀审稿专家。荣获2010年度教育部科技进步二等奖和2014年度广东省科技进步一等奖。,https://www.fahsysu.org.cn/sites/1h.prod.sysucloud1.sysu.edu.cn/files/styles/focal_point_480/public/091409.jpg?itok=712W7m1A,TRUE,0,,,,血管外科疾病与甲状腺肿瘤综合治疗,中山大学博士研究生，曾在美国斯坦福大学等多所国际知名医疗机构进修。现任中山大学惠亚医院首任大外科主任，兼任多家医院顾问教授。担任多个专业委员会委员，发表学术论文50余篇，获得国家自然科学基金等多项科研资助，荣获教育部科技进步二等奖和广东省科技进步一等奖。
091b2837-6262-4e13-b5d0-b246692396af,,王冕,主任医师,中山大学附属第一医院,血管外科,"主动脉夹层, 腹主动脉瘤, 下肢动脉硬化闭塞, 下肢深静脉血栓, 下肢深静脉血栓后遗综合征, 下肢静脉曲张, 内脏血管疾病",该医生于2006年9月至2011年7月在中山大学附属第一医院完成硕博连读，自2011年7月起至今在中山大学附属第一医院血管外科工作。担任国际脉管联盟（IUA）中国青年委员会委员、中国医师协会腔内血管外科学分会静脉血栓栓塞症专家委员会委员、广东省健康管理学会血管病学专业委员会委员。在学术方面，发表了《升主动脉-颈动脉旁路联合腔内修复术治疗主动脉弓部病变》、《杂交技术治疗主动脉弓部病变的经验分析》、《Stanford A型主动脉夹层的腔内修复术后并发症分析》等多篇论著。曾荣获中国血管病青年学者论坛“汪忠镐”奖、中山大学附属第一医院优秀共产党员、国际血管外科协会年会优秀论文奖、全国血管外科学术会议青年擂台赛三等奖。,https://www.fahsysu.org.cn/sites/1h.prod.sysucloud1.sysu.edu.cn/files/styles/focal_point_480/public/094244.jpg?itok=LibpDyT8,TRUE,0,,,,血管外科疾病临床诊治,中山大学附属第一医院硕博连读，现任该院血管外科医生，担任多个血管病学专业委员会委员，发表多篇学术论著，荣获多项学术奖项。
0102db09-df91-49c3-b9a2-4ba6af203517,,姚陈,"主任医师, 教授",中山大学附属第一医院,血管外科,"主动脉夹层, 主动脉瘤, 下肢动脉硬化闭塞症, 颈动脉狭窄, 内脏血管疾病, 深静脉血栓, 静脉曲张, 腔内微创手术, 开放手术, 血管腔内技术改良与优化, 外周血管支架临床试验, 外周血管新型支架组织工程学研究",该医生于1994年至2001年在中山大学（原中山医科大学）完成临床医学七年制本硕连读，2003年至2006年在中山大学附属第一医院血管外科获得外科学博士学位。2006年至2007年在美国斯坦福大学医学院从事博士后研究，2010年至2011年在德国莱比锡Park Hospital血管科担任访问学者。自2016年起至今，在中山大学附属第一医院担任主任医师。社会兼职方面，担任中国医师协会血管外科医师分会腔静脉与内脏静脉学组副组长、广东省临床医学学会血管外科专委会副主任委员、广东省健康管理学会血管病学专业委员会副主任委员兼秘书长、国际血管联盟中国分会青年委员会副主任委员、广东省医学会血管外科分会秘书长、国际血管联盟中国分会血管修复与重建外科专家委员会副主任委员、国家心血管病专家委员会血管外科专业委员会青年委员会委员、中华医学会医学工程学分会外科医学工程与转化学组委员、中国医师协会腔内血管学专业委员会青委会委员、广东省医学会血管外科学分会院内VTE防控联盟秘书长、粤港澳大湾区血管外科学术联盟秘书长、中国人体健康科技促进会血管外科专业委员会副主任委员、中国中西医结合学会周围血管疾病专委会颈动脉疾病专家委员会副主任委员、中国医促会血管外科分会主髂病变学组副组长、广东省医学会外科学分会血液透析通路学组副组长、中国医疗器械行业协会血管器械分会副秘书长、国家心血管病专家委员会血管外科专业委员会下肢动脉疾病学组委员、中国医疗保健国际交流促进会血管外科分会常委，并担任《中华实验外科杂志》和《中华血管外科杂志》编委。学术成果方面，参与编写《中国下肢动脉硬化闭塞症诊治指南》和《中国慢性静脉疾病诊治指南》，编译《周围血管介入治疗》《血管外科手术图谱》，参编《血管外科学》《实用外科医嘱手册》，发表多篇SCI论文，其中多篇担任通讯作者或第一作者。曾获2019年第五届“羊城好医生”、2017年广东省卫健委首批杰出医学青年人才、2015年广东省科学技术奖一等奖、2014年华夏医学科技奖一等奖等荣誉。,https://www.fahsysu.org.cn/sites/1h.prod.sysucloud1.sysu.edu.cn/files/styles/focal_point_480/public/093958.jpg?itok=OAtZqLek,TRUE,0,,,,血管外科疾病腔内微创与开放手术治疗,中山大学临床医学本硕连读，中山大学附属第一医院血管外科博士，美国斯坦福大学医学院博士后，德国莱比锡Park Hospital访问学者，现任中山大学附属第一医院主任医师。担任多个国家级和省级血管外科学术组织副主任委员、秘书长等职务，参编多部血管外科专著和指南，发表多篇SCI论文，曾获广东省科学技术奖一等奖、华夏医学科技奖一等奖等荣誉。
55e9692c-608a-4af0-94b6-c19575d0d3a6,,李梓伦,主任医师,中山大学附属第一医院,血管外科,"腹主动脉瘤, 下肢动脉硬化闭塞症, 内脏动脉瘤, 肠系膜上动脉夹层, 肠系膜血管栓塞性疾病, 急性下肢深静脉血栓形成, 深静脉血栓形成后遗症, 下肢静脉曲张, 主动脉夹层及夹层动脉瘤, 颈动脉狭窄, 颈动脉体瘤, 血管腔内微创手术, 开放手术, 糖脂代谢紊乱导致外周血管动脉粥样硬化的机制及相关小分子化合物研发",该医生毕业于中山大学中山医学院临床医学七年制，2007年至2012年在中山大学附属第一医院血管外科完成硕士和博士研究生学习，期间于2010年至2012年在美国Mayo Clinic国家公派联合培养博士研究生。自2012年起在中山大学附属第一医院血管外科工作，历任住院医师、主治医师、副主任医师，2021年12月起任主任医师至今。社会兼职包括中国研究型医院学会血管医学专业委员会青年委员会副主任委员、国际血管联盟中国青年委员会委员、《中国血管外科杂志（电子版）》第二届编辑委员会编委。学术成果方面，截至2022年7月，以第一或通讯作者在Cell Metabolism、Hypertension、ATVB等国际知名期刊发表SCI论文28篇，主持各类科研基金9项，其中国家自然科学基金3项。曾入选广东特支计划百千万工程青年拔尖人才、珠江科技新星等人才计划，2017年获美国血管外科学会国际青年医师奖，2018年入选第一批广东省杰出青年医学人才。,https://www.fahsysu.org.cn/sites/1h.prod.sysucloud1.sysu.edu.cn/files/styles/focal_point_480/public/2023-05/1.jpg?itok=h9_FduwN,TRUE,0,,,,血管外科疾病微创及开放手术治疗,中山大学临床医学七年制毕业，美国Mayo Clinic联合培养博士，现任中山大学附属第一医院血管外科主任医师。担任中国研究型医院学会血管医学专业委员会青年委员会副主任委员等社会兼职，发表SCI论文28篇，主持国家自然科学基金3项，获美国血管外科学会国际青年医师奖，入选广东省杰出青年医学人才。
7cc4ed12-764c-4753-8a38-8f2cec35b2f4,,武日东,副主任医师,中山大学附属第一医院,血管外科,"主动脉夹层、腹主动脉瘤等主动脉疾病的腔内介入和外科手术治疗, 下肢动脉硬化闭塞症、颈动脉狭窄、锁骨下动脉狭窄、内脏动脉夹层/动脉瘤的腔内介入和外科手术治疗, 下肢静脉曲张的微创治疗, 下肢深静脉血栓以及血栓形成后综合征的微创治疗, 血液透析通路的建立, 主动脉及周围血管疾病的腔内介入和外科手术治疗, 下肢动脉粥样硬化发病机制的研究",该医生于2002年至2007年在武汉大学攻读临床医学本科，2007年至2010年在中山大学附属第一医院攻读外科学硕士研究生，2011年至2014年在中山大学附属第一医院攻读外科学博士研究生。2014年7月起在中山大学附属第一医院血管外科工作，历任住院医师、主治医师，自2019年12月起担任副主任医师。社会兼职方面，担任中国微循环学会周围血管疾病专业委员会中青年委员会委员、中国人体健康科技促进会血管外科学专业委员会委员、广东省健康管理学会血管病学专业委员会委员。学术成果方面，发表论文十余篇，其中第一作者SCI论文5篇。,https://www.fahsysu.org.cn/sites/1h.prod.sysucloud1.sysu.edu.cn/files/styles/focal_point_480/public/20210617155124.jpg?itok=hpwl2YRo,TRUE,0,,,,主动脉及周围血管疾病的腔内介入和外科手术治疗,武汉大学临床医学本科，中山大学外科学博士，现任中山大学附属第一医院血管外科副主任医师，担任多个血管外科学术委员会委员，发表论文十余篇，其中第一作者SCI论文5篇。
0c3b21e7-91be-4d77-b9b9-ed9fc171f896,,王斯文,副主任医师,中山大学附属第一医院,血管外科,"血管外科常见病诊治, 下肢动脉急慢性缺血介入和开放手术治疗, 急性下肢深静脉血栓形成腔内治疗, 复杂血液透析通路建立和维护, 下肢静脉曲张微创治疗, 腹主动脉瘤腔内治疗, 主动脉夹层腔内治疗, 颈动脉狭窄诊治, 静脉血栓栓塞症诊治, 下肢急慢性缺血疾病诊治, 血栓闭塞性脉管炎诊治, 锁骨下动脉狭窄闭塞诊治, 内脏动脉疾病诊治, 血管瘤诊治",该医生为中山大学中山医学院首届临床医学八年制博士，毕业后历任中山一院血管外科住院医师、主治医师、副主任医师，于2017年1月至2020年1月在美国德克萨斯州大学西南医学中心开展博士后研究工作。担任广东省健康管理协会血透通路委员会常委、广东省健康管理协会血管病学专业委员会常委、国际血管联盟中国分部静脉血栓栓塞专家委员会委员、中国医师协会腔内血管学专业委员会血透通路专家委员会委员、中国中西医结合学会周围疾病专业委员会血管通路专家委员会委员。主要从事衰老和血管疾病的基础与临床研究、静脉和血透通路相关基础和临床研究、血管相关医工交叉和AI研究。近年来发表国内外期刊论文近50篇，以第一/通讯在Cell等杂志发表SCI论文15篇，曾获国际静脉联盟年会最佳论文奖及中国血管病青年学者论坛汪忠镐奖。主持和参加国家自然科学基金面上项目、广东省自然科学基金面上项目/博士启动项目等11项基金。参编《血管外科学》《静脉血栓栓塞症诊断与治疗》《实用外科医嘱手册》等专著。获中山大学“叶任高-李幼姬”夫妇临床医学专业优秀中青年教师奖、中山大学附属第一医院教师教学技能大赛特等奖和优秀教师奖，曾主持广东省教学改革及工程建设项目1项、校级教学基金2项。,https://www.fahsysu.org.cn/sites/1h.prod.sysucloud1.sysu.edu.cn/files/styles/focal_point_480/public/2025-04/%E8%A1%80%E7%AE%A1%E5%A4%96%E7%A7%91%E7%8E%8B%E6%96%AF%E6%96%87%E5%89%AF%E4%B8%BB%E4%BB%BB%E5%8C%BB%E5%B8%88.jpg?itok=w0T6UuPF,TRUE,0,,,,血管外科疾病诊治与介入治疗,中山大学临床医学八年制博士，历任中山一院血管外科住院医师、主治医师、副主任医师，曾在美国德克萨斯州大学西南医学中心开展博士后研究。担任多个血管病学专业委员会常委和委员，主要从事血管疾病的基础与临床研究，发表SCI论文15篇，主持和参与国家级、省级科研项目11项，获多项教学和学术奖项。
5bb381ab-6a50-4ce9-a2be-deecc418c52c,,吴伟滨,副主任医师,中山大学附属第一医院,血管外科,"下肢静脉曲张, 深静脉血栓, 下肢动脉硬化闭塞, 主动脉瘤, 主动脉夹层, 颈动脉狭窄, 内脏动脉病变",该医生是广州市医师协会血管外科医师分会委员、广东省精准医学应用学会周围血管疾病分会委员、广东省基层医药学会血管外科专业委员会委员。主持国家级科研基金1项，参与国家及省部级科研基金12项，以第一作者或通讯作者发表相关学术论文7篇，其中SCI论文5篇。,https://www.fahsysu.org.cn/sites/1h.prod.sysucloud1.sysu.edu.cn/files/styles/focal_point_480/public/2024-04/%E8%A1%80%E7%AE%A1%E5%A4%96%E7%A7%91-%E5%90%B4%E4%BC%9F%E6%BB%A8-%E5%89%AF%E9%AB%98.jpg?itok=4CZlu7HX,TRUE,0,,,,血管外科常见疾病诊治,担任多个血管外科专业委员会委员，主持国家级科研基金1项，参与国家及省部级科研基金12项，发表学术论文7篇（SCI论文5篇）。
17d2b27a-cb2d-42b2-ab51-190074f2e2f5,,王折存,副主任医师,中山大学附属第一医院,血管外科,"主动脉夹层、胸主动脉瘤、腹主动脉瘤、髂动脉瘤等主动脉疾病的腔内介入和外科手术治疗, 下肢动脉硬化闭塞症、血栓闭塞性脉管炎、颈动脉狭窄、锁骨下动脉狭窄、内脏动脉夹层/动脉瘤的腔内介入和外科手术治疗, 下肢静脉曲张的微创治疗, 下肢深静脉血栓以及血栓后形成综合征的微创治疗, 血液透析通路的建立",该医生于2006年9月至2011年8月在滨州医学院攻读临床医学专业，2011年8月至2014年7月在中山大学攻读外科学硕士研究生，2014年8月至2016年7月在中山市人民医院担任血管外科医生，2016年8月至2019年7月在中山大学攻读外科学博士研究生，2019年8月至2022年1月在中山大学附属第一医院进行博士后研究，2022年2月至2022年12月在中山大学附属第一医院血管外科担任住院总医师，2023年1月至2024年12月在该院血管外科担任主治医师，2025年1月至今在该院血管外科担任副主任医师。社会任职方面，担任广东省精准医学应用学会分会委员和广东省健康管理学会血管病学专业委员会委员。,https://www.fahsysu.org.cn/sites/1h.prod.sysucloud1.sysu.edu.cn/files/styles/focal_point_480/public/2025-04/%E8%A1%80%E7%AE%A1%E5%A4%96%E7%A7%91%E7%8E%8B%E6%8A%98%E5%AD%98%E5%89%AF%E4%B8%BB%E4%BB%BB%E5%8C%BB%E5%B8%88.jpg?itok=9e8ur5Ss,TRUE,0,,,,主动脉及周围血管疾病的腔内介入和外科手术治疗,滨州医学院临床医学学士，中山大学外科学硕士和博士，中山大学附属第一医院博士后，现任中山大学附属第一医院血管外科副主任医师，曾任职于中山市人民医院，担任广东省精准医学应用学会分会委员和广东省健康管理学会血管病学专业委员会委员。
a71cebfb-15e5-4688-a84d-ac574caefdab,,吕伟明,"主任医师, 教授, 博士生导师",中山大学附属第一医院,甲状腺外科,"甲状腺疾病诊疗, 乳腺疾病诊疗, 甲状腺癌早期发现和诊断, 乳腺癌早期发现和诊断, 甲状腺癌根治术, 甲状腺癌中央组淋巴结清扫, 乳腺癌根治手术, 乳腺癌保乳手术, 乳腺癌保乳整形手术, 乳腺癌化疗, 乳腺癌内分泌治疗, 乳腺癌生物治疗",该医生1987年毕业于中山医科大学，获外科学学士学位并留院工作，1995年获外科学博士学位。1998年晋升为副教授、副主任医师、硕士研究生导师，2007年晋升为教授、主任医师、博士研究生导师。曾于2000年和2003年到欧洲医疗中心进修学习，2007年到美国各大医疗中心访问交流。2005年至2016年担任中山一院大外科行政副主任、手术室主任，2017年1月起任中山大学附属第一医院甲状腺乳腺外科主任。主持和参与国家级、省部级科研基金十余项，发表论文50余篇，参编专著7部，包括《甲状腺外科学》、《普通外科学》等，并参与编译《卢瑟福血管外科学》等多部国外论著。担任中国抗癌协会康复会乳甲分会副主任委员、中国医疗保健国际交流促进会临床实用技术分会常委、中国整形美容协会精准与数字医学分会乳房整形专业委员会常委、中国研究型医院学会甲状腺疾病专业委员会委员、中国研究型医院学会乳腺专业委员会委员、中国医学装备协会甲状腺分会委员、广东省抗癌协会甲状腺分会副主任委员、广东省医师协会神经监测学组副主任委员、广东省医师协会甲状腺分会常委、广东省临床医学学会甲状腺分会常委、广东省医师协会乳腺病分会委员等社会职务。,https://www.fahsysu.org.cn/sites/1h.prod.sysucloud1.sysu.edu.cn/files/styles/focal_point_480/public/084459.jpg?itok=bI92KKst,TRUE,0,,,,甲状腺和乳腺疾病诊疗，尤其擅长甲状腺癌和乳腺癌手术,中山医科大学外科学博士，现任中山大学附属第一医院甲状腺乳腺外科主任、主任医师、教授、博士生导师。曾赴欧美进修，担任多项国家级和省级学术职务，主持参与科研基金十余项，发表论文50余篇，参编专著多部。
84d5a60c-88bb-4b92-b097-3c81dbef8c57,,李松奇,主任医师,中山大学附属第一医院,甲状腺外科,"甲状腺疾病外科治疗, 乳腺疾病外科治疗",该医生于1989年毕业于中山医科大学医学系，1998年获中山医科大学附属第一医院外科学博士学位并留院工作至今。2001年曾赴香港大学玛丽医院外科进修，2005年至2006年在芬兰坦佩雷大学医院进修。承担多项国家和省市科学基金项目，开展和参与多项甲状腺乳腺外科临床试验研究，研究成果获得中华医学奖三等奖和广东省科技进步二等奖。,https://www.fahsysu.org.cn/sites/1h.prod.sysucloud1.sysu.edu.cn/files/styles/focal_point_480/public/112729.jpg?itok=HRqFjUtY,TRUE,0,,,,甲状腺、乳腺疾病外科治疗,中山医科大学医学系毕业，获中山医科大学附属第一医院外科学博士学位并留院工作至今。曾赴香港大学玛丽医院和芬兰坦佩雷大学医院进修。承担多项科研基金项目，研究成果获中华医学奖三等奖和广东省科技进步二等奖。
c132f3ef-8b26-43af-a6ab-96dc375b7bdf,,林维浩,副主任医师,中山大学附属第一医院,甲状腺外科,"乳腺疾病诊治, 甲状腺疾病诊治, 甲状旁腺疾病诊治, 甲状腺良恶性疾病诊治及手术治疗, 甲状旁腺良恶性疾病诊治及手术治疗, 乳腺良恶性疾病诊治及手术治疗, 乳腺癌化疗、靶向和内分泌综合性治疗, 乳腺癌侵袭转移机制及治疗, 甲状腺恶性肿瘤外科治疗",该医生于2011年9月至2014年6月在中山大学附属第一医院攻读硕士学位，自2005年9月起在中山大学附属第一医院甲状腺乳腺外科工作，先后担任主治医师、副主任医师。已发表学术论文20余篇，部分发表于国内核心期刊及国外医学杂志，并被SCI收录。,https://www.fahsysu.org.cn/sites/1h.prod.sysucloud1.sysu.edu.cn/files/styles/focal_point_480/public/115210.jpg?itok=-VxB9nzJ,TRUE,0,,,,乳腺、甲状腺及甲状旁腺疾病诊治与手术治疗,中山大学附属第一医院硕士，自2005年起在该院甲状腺乳腺外科工作，历任主治医师、副主任医师，发表论文20余篇，部分被SCI收录。
75ee0133-15ac-4175-8b77-b6d8e43b23de,,林小红,副主任医师,中山大学附属第一医院,甲状腺外科,"甲状腺良恶性疾病治疗, 乳腺良恶性疾病治疗, 乳腺癌手术, 化疗, 内分泌治疗, 靶向治疗, 甲亢治疗, 甲状旁腺功能亢进治疗, 急慢性甲状腺炎治疗, 乳腺炎治疗, 乳腺增生症治疗, 间充质干细胞调控乳腺癌的发生发展机理相关研究",该医生于2000年至2005年在汕头大学攻读临床医学学士学位，2005年至2008年在汕头大学攻读外科学硕士学位。2008年至2014年在汕头大学医学院第一附属医院烧伤整形科担任医师、主治医师。2014年至2021年在中山大学附属第一医院东院甲乳外科担任医师、主治医师。2022年至今在中山大学附属第一医院东院甲乳外科担任副主任医师。2021年获得“甲状腺微创消融”国家级专项能力培训合格证书，主持一项省部级科研项目，参与省自然科研项目两项及国自然科研项目一项，发表SCI论文十余篇。,https://www.fahsysu.org.cn/sites/1h.prod.sysucloud1.sysu.edu.cn/files/styles/focal_point_480/public/2022-07/%E4%B8%9C%E9%99%A2%E7%94%B2%E4%B9%B3%E5%A4%96%E7%A7%91%20%E6%9E%97%E5%B0%8F%E7%BA%A2%20%E5%89%AF%E9%AB%98.jpg?itok=5765dr6S,TRUE,0,,,,甲状腺、乳腺良恶性疾病综合治疗,汕头大学临床医学学士、外科学硕士，现任中山大学附属第一医院东院甲乳外科副主任医师。曾任职于汕头大学医学院第一附属医院烧伤整形科。主持省部级科研项目一项，参与多项国家级及省级科研项目，发表SCI论文十余篇，并获得甲状腺微创消融国家级专项能力培训合格证书。
83f9c0cd-cc33-4773-bacf-61d3e3f6a76c,,单臻,副主任医师,中山大学附属第一医院,甲状腺外科,"甲状腺疾病规范化诊疗, 乳腺疾病规范化诊疗, 甲状腺肿瘤治疗, 乳腺疾病微创手术治疗, 乳腺肿瘤外科治疗, 乳腺良性疾病外科治疗",该医生毕业于中山大学临床医学（七年制）专业，获得中山大学附属第一医院甲状腺乳腺外科博士学位，并在美国RUSH医学中心完成博士后研究。科研方面，曾获得国家自然科学基金、广州市“珠江新星”、中山大学附属第一医院“柯麟新星”等多项人才项目资助。社会任职方面，担任广东省健康管理学会干细胞与再生医学专业委员会常务委员。,https://www.fahsysu.org.cn/sites/1h.prod.sysucloud1.sysu.edu.cn/files/styles/focal_point_480/public/%E7%94%B2%E4%B9%B3%E5%A4%96%E7%A7%91-%E5%8D%95%E8%87%BB-%E5%89%AF%E4%B8%BB%E4%BB%BB%E5%8C%BB%E5%B8%88_0.jpg?itok=FW0pcOSB,TRUE,0,,,,甲状腺、乳腺疾病规范化诊疗与微创手术,中山大学临床医学博士，美国RUSH医学中心博士后，获得国家自然科学基金等多项科研资助，现任广东省健康管理学会干细胞与再生医学专业委员会常务委员。
5a209089-69f9-4314-93cd-28a85484e312,,吴壮宏,"副主任医师, 副教授",中山大学附属第一医院,甲状腺外科,"乳腺癌早期诊断和精准治疗, 乳腺癌根治术, 保乳手术, 保腋窝手术, 乳房重建手术, 乳腺癌术后化疗, 乳腺癌术后内分泌治疗, 乳腺癌术后靶向治疗, 乳腺癌术后免疫治疗, 甲状腺良恶性肿瘤治疗, 甲状腺癌根治术, 颈部中央区淋巴结清扫, 侧颈区淋巴结清扫, 甲状腺术后内分泌治疗",该医生1983年毕业于中山医科大学医学系，获学士学位，同年留院一直在乳腺甲状腺外科工作至今，历任住院医师、主治医师，1998年晋升为副主任医师、副教授，2000-2014年担任乳腺甲状腺外科行政副主任。经常参加国内外关于乳腺癌和甲状腺疾病临床治疗的学术交流。担任广东省医学会乳腺病分会常务委员、广东省医师协会乳腺专科医师分会常务委员、广东省抗癌协会乳腺癌专业委员会委员、广州市抗癌协会乳腺癌专业委员会副主任委员。研究方向包括乳腺癌保乳手术和前哨淋巴结活检、甲状腺癌的早期诊断和治疗。参编《门诊外科疾病的诊断与治疗》、《甲状腺外科》、《血管外科手术图谱》等专著，在各级医学杂志发表学术论文30余篇。,https://www.fahsysu.org.cn/sites/1h.prod.sysucloud1.sysu.edu.cn/files/styles/focal_point_480/public/2023-03/%E7%94%B2%E7%8A%B6%E8%85%BA%E4%B9%B3%E8%85%BA%E5%A4%96%E7%A7%91%20%E5%90%B4%E5%A3%AE%E5%AE%8F%20%E5%89%AF%E9%AB%98.jpg?itok=G0gxIOnp,TRUE,0,,,,乳腺癌和甲状腺癌的诊断与手术治疗,1983年毕业于中山医科大学医学系，获学士学位，一直在乳腺甲状腺外科工作，历任住院医师、主治医师，1998年晋升为副主任医师、副教授，2000-2014年担任乳腺甲状腺外科行政副主任。担任多个省级医学会委员，参编多部专著，发表学术论文30余篇。
1a01a065-e489-407a-b78e-2e6a7b5eafcd,,徐向东,副主任医师,中山大学附属第一医院,甲状腺外科,"乳腺疾病诊治, 甲状腺疾病诊治, 乳腺癌诊断治疗, 乳腺癌手术治疗, 乳腺癌化疗, 乳腺癌内分泌治疗, 乳腺癌靶向治疗, 甲状腺疾病外科治疗, 甲状旁腺疾病外科治疗",该医生本科毕业后一直在大学附属医院从事普外临床工作，博士毕业后在中山大学附属第一医院从事乳腺、甲状腺疾病的临床教学及科研工作。发表论文20余篇，其中6篇为SCI收录，出版专著《周围血管介入治疗》和《血管外科手术图谱》。,https://www.fahsysu.org.cn/sites/1h.prod.sysucloud1.sysu.edu.cn/files/styles/focal_point_480/public/115743.jpg?itok=xH-z0Lod,TRUE,0,,,,乳腺、甲状腺疾病诊治及乳腺癌综合治疗,本科毕业后在大学附属医院从事普外临床工作，博士后在中山大学附属第一医院从事乳腺、甲状腺疾病的临床教学及科研工作，发表论文20余篇（含6篇SCI），出版两部血管外科专著。
12d3e16c-d9eb-44d3-ba36-75f9b05cc08a,,朱易凡,副主任医师,中山大学附属第一医院,甲状腺外科,"甲状腺疾病规范化和个体化综合治疗, 乳腺疾病规范化和个体化综合治疗, 甲状腺和乳腺疾病各类手术, 乳腺癌标准化淋巴清扫及术后综合治疗, 甲状腺癌全切除术, 颈部淋巴结清扫术, 喉返神经暴露及甲状旁腺组织保护, 甲状腺癌碘131治疗及甲状腺素治疗指导, 甲状旁腺疾病研究, 原发性甲状旁腺功能亢进手术治疗, 继发性甲状旁腺功能亢进手术治疗",该医生1990年至1995年在中山医科大学临床医学系获得学士学位，2000年至2005年在中山大学中山大学附属第一医院外科获得博士学位。1995年7月至1999年12月在中山医科大学附属第一医院担任住院医师，2000年1月至2007年12月在中山大学附属第一医院担任主治医师，2007年12月至今在中山大学附属第一医院担任副主任医师，2010年3月至2012年2月在美国安德森癌症中心分子与细胞肿瘤学系担任访问学者。社会兼职包括中国医师协会外科医师分会甲状腺外科医师委员会（CTA）青年委员、广东省药学会互联网医疗项目组副组长、广东省胸部肿瘤防治研究会乳腺癌专业委员会常务委员、广东省抗癌协会乳腺癌分会华南乳腺癌临床研究协作组（SCBCG）成员、中华实验外科杂志评审专家。学术成果方面，作为第一作者或共同第一作者发表SCI论文2篇，作为通讯作者发表论文10篇，作为第二作者发表SCI论文2篇。曾获2008年广东省大中专学生志愿者暑期“三下乡”社会实践活动先进个人、2012年中山大学优秀临床带教老师、2012年中山大学附属第一医院优秀教师、2014-2015年度中山大学附属第一医院优秀教师等荣誉。,https://www.fahsysu.org.cn/sites/1h.prod.sysucloud1.sysu.edu.cn/files/styles/focal_point_480/public/2025-09/%E7%94%B2%E7%8A%B6%E8%85%BA%E5%A4%96%E7%A7%91_%E6%9C%B1%E6%98%93%E5%87%A1.jpg?itok=6Tg7PkzT,TRUE,0,,,,甲状腺和乳腺疾病外科治疗,中山医科大学临床医学学士，中山大学外科博士，现任中山大学附属第一医院副主任医师，曾在美国安德森癌症中心访问学习。担任中国医师协会甲状腺外科医师委员会青年委员等社会兼职，发表多篇SCI论文，获中山大学优秀临床带教老师等荣誉。
cf7b9f28-46b5-48b7-9f18-5262acd74445,,张展强,副主任医师,中山大学附属第一医院,甲状腺外科,"甲状腺疾病诊治, 乳腺疾病诊治, 甲状腺良恶性肿瘤诊治, 甲状旁腺良恶性肿瘤诊治, 甲状腺癌根治术, 中央区淋巴结清扫术, 侧颈区淋巴结清扫术, 腔镜甲状腺手术, 复发性疑难病例术前精准评估, 复发性疑难病例综合治疗",该医生2006年本科毕业后一直在中山大学附属第一医院从事普外科工作。社会任职包括广东省医疗行业协会乳腺病整形修复管理分会委员、广东省抗癌协会甲状腺青年委员会委员、广东省器官医学与技术学会甲状腺多学科诊疗专委会委员。主要研究方向为甲状腺肿瘤精准治疗及复发转移机制研究，作为主要参与人参加国家自然科学基金（面上项目）两项，目前发表SCI及核心论文十余篇。,https://www.fahsysu.org.cn/sites/1h.prod.sysucloud1.sysu.edu.cn/files/styles/focal_point_480/public/2024-05/%E5%BC%A0%E5%B1%95%E5%BC%BA%E7%94%B2%E7%8A%B6%E8%85%BA%E5%A4%96%E7%A7%91%E5%89%AF%E9%AB%98.jpg?itok=eDUZe808,TRUE,0,,,,甲状腺、乳腺疾病诊治及甲状腺癌手术,2006年本科毕业后一直在中山大学附属第一医院从事普外科工作，担任多个省级专业委员会委员，主要研究方向为甲状腺肿瘤精准治疗及复发转移机制研究，参与国家自然科学基金项目两项，发表SCI及核心论文十余篇。
bdb11626-a741-4d63-8780-4be310328cc1,,林颖,"主任医师, 博士生导师",中山大学附属第一医院,乳腺外科,"乳腺癌等恶性肿瘤的手术治疗, 乳房重建手术, 乳腺癌的化疗、靶向和内分泌等综合性治疗, 乳腺各类良性疾病的诊治",该医生于1993年至2000年在中山医科大学临床医学系七年制硕士班（外科学专业）学习，2000年至2004年在中山大学附属第一医院获得外科博士学位。曾于2001年至2003年在美国Emory大学、2016年在美国MD Anderson癌症中心担任访问学者。工作经历方面，自2004年起在中山大学附属第一医院工作，历任血管甲乳外科讲师、副主任医师，2013年起担任乳腺甲状腺外科主任医师，2014年至2022年任乳腺甲状腺外科行政副主任，2017年起担任博士生导师，2022年起任乳腺外科主任。社会兼职包括中国医师协会肿瘤医师分会委员、中国临床肿瘤学会（CSCO）乳腺癌专家委员会委员、广东省健康管理学会乳腺病专业委员会主任委员等。学术成果方面，在《Mol Cancer》、《Cancer Res》、《中华医学杂志》等专业期刊发表论文100余篇，参编《现代乳腺外科学》、《外科学》等多部专著。曾获2021年全国教材建设奖一等奖、2020年广东省动物科学技术奖一等奖，并多次获得医院优秀中层干部、优秀硕士研究生导师等荣誉。,https://www.fahsysu.org.cn/sites/1h.prod.sysucloud1.sysu.edu.cn/files/styles/focal_point_480/public/2022-05/%E4%B9%B3%E8%85%BA%E5%A4%96%E7%A7%91%20%E6%9E%97%E9%A2%96%20%E6%AD%A3%E9%AB%98.jpg?itok=-rHs7PHk,TRUE,0,,,,乳腺癌综合治疗与乳房重建手术,中山医科大学硕士、中山大学附属第一医院外科博士，曾在美国Emory大学和MD Anderson癌症中心访问学习。现任中山大学附属第一医院乳腺外科主任、主任医师、博士生导师。担任中国临床肿瘤学会乳腺癌专家委员会委员、广东省健康管理学会乳腺病专业委员会主任委员等社会职务。发表学术论文100余篇，参编多部专著，曾获全国教材建设奖一等奖等荣誉。
6a1a5601-ace2-4b25-a6a7-0cc00bdd22df,,王深明,"主任医师, 教授",中山大学附属第一医院,乳腺外科,"周围血管疾病, 甲状腺疾病, 乳腺疾病, 胸腹主动脉瘤, 颈动脉体瘤, 颈动脉闭塞或狭窄, 下肢动脉急慢性缺血, 血栓闭塞性脉管炎, 下肢深静脉瓣膜和交通静脉功能不全, 浅静脉曲张, 深静脉血栓形成, 动静脉瘘, 各类血管瘤, 先天性静脉畸形, 甲状旁腺疾病, 乳腺癌, 乳腺纤维囊性增生病",该医生在血管外科领域有深入研究，曾参与《甲状腺癌的临床诊断和治疗的系列研究》项目，获得广东省科技进步三等奖和广东省医药卫生科技进步三等奖。发表多篇学术论文，包括在Chinese Medical Journal、中华外科杂志、中国实用外科杂志、Asian J Surg等期刊上发表的关于下肢深静脉瓣膜功能不全、原发性静脉返流性疾病、主动脉肠瘘、雌激素受体与Graves病相关性的研究。主编《甲状腺外科》专著，由人民卫生出版社于2002年出版。,https://www.fahsysu.org.cn/sites/1h.prod.sysucloud1.sysu.edu.cn/files/styles/focal_point_480/public/%E7%8E%8B%E6%B7%B1%E6%98%8E.jpg?itok=91C8-52V,TRUE,0,,,,周围血管疾病、甲状腺疾病、乳腺疾病,该医生在血管外科领域有丰富临床经验，参与甲状腺癌研究获广东省科技进步三等奖，发表多篇SCI及核心期刊论文，主编《甲状腺外科》专著，专注于下肢静脉疾病、甲状腺疾病及血管瘤等诊疗。
34527d52-976f-4c9f-b092-d1727130207e,,张赟建,主任医师,中山大学附属第一医院,乳腺外科,"各类乳腺疑难病症诊治, 乳腺外科手术, 保乳整形, 乳房重建修复整形, 腔镜下辅助乳腺癌手术, 乳腺微创治疗, 乳管镜检查, 甲状腺及甲状旁腺常见病诊治, 甲状腺及甲状旁腺手术",该医生于2000年至2005年在中山大学中山医学院完成临床医学五年制学习，2005年至2010年在中山大学攻读外科学硕博连读研究生。2010年至2014年在中山大学附属第一医院血管甲状腺乳腺外科工作，2014年至今在中山大学附属第一医院甲状腺乳腺外科任职，2016年曾作为访问学者赴瑞典Karolinska医学院交流。社会兼职方面，担任中国抗衰老促进会肿瘤营养专业委员会常委、广东省健康管理学会肿瘤防治专业委员会常委、广东省健康管理学会乳腺病学专业委员会秘书长、广东省抗癌协会乳腺癌专业委员会委员、广东省整形美容协会整形美容外科分会委员、广东省医师协会乳腺专科医师分会外科学手术学组委员，同时是美国外科学医师协会会员，并担任NPG、Wiley、AME、SAGE等系列SCI刊物审稿人。学术成果方面，发表中英文论文30余篇，其中以第一作者和通讯作者在Clin Cancer Res、Phytotherapy Res、Front Pharmacol等SCI期刊发表论文11篇，主编参编参译专著6本，以第一完成人获国家级专利两项，目前主持和参加国家自然科学基金、广东省自然科学基金等科研项目10余项，并多次在科普大赛和手术视频比赛中获奖。,https://www.fahsysu.org.cn/sites/1h.prod.sysucloud1.sysu.edu.cn/files/styles/focal_point_480/public/2022-05/%E4%B9%B3%E8%85%BA%E5%A4%96%E7%A7%91%20%E5%BC%A0%E8%B5%9F%E5%BB%BA%20%E5%89%AF%E9%AB%98.jpg?itok=dAwjbEYr,TRUE,0,,,,乳腺疾病诊治与外科手术，甲状腺疾病治疗,中山大学外科学博士，现任中山大学附属第一医院甲状腺乳腺外科主任医师。曾赴瑞典Karolinska医学院访问学习，担任多个省级学会常委、秘书长及委员，发表SCI论文11篇，主持多项国家级和省级科研项目，并获国家级专利两项及多项科普和手术奖项。
85fc6b1f-a0e3-4bc7-93e2-fba36bb0f4a0,,匡夏颖,副主任医师,中山大学附属第一医院,乳腺外科,"乳腺癌等恶性肿瘤的手术治疗和综合治疗, 遗传性乳腺癌的诊断和治疗, 乳腺癌相关遗传咨询和生育评估, 高风险健康人群的风险评估和全程健康管理, 各类乳腺良性疾病的诊治, 乳腺肿物的微创手术",该医生2005年至2010年在武汉大学攻读临床医学本科，2010年至2015年在复旦大学攻读肿瘤学博士（硕博连读）。2015年至2018年在中山大学附属第一医院甲状腺乳腺外科担任住院医师，2019年至2022年在该院甲状腺乳腺外科担任主治医师，2023年至今在中山大学附属第一医院乳腺外科担任副主任医师。社会兼职方面，担任广东省临床医学学会泛家族遗传性肿瘤防控专业委员会成员、广东省预防医学会乳腺癌防治专业委员会委员、《中国普通外科杂志》编委。获奖情况包括：2018年代表医院获国家卫健委改善医疗服务案例中南赛区分主题冠军、总决赛银奖、全国十佳；2019年获乳腺肿瘤学科精英辩论赛全国总决赛亚军；2022年获第六届CSCO“35 under 35”优秀青年肿瘤医生称号；2022年获广东省科普讲解大赛一等奖及“广州市优秀科学使者”称号。科研方面，主持国家自然科学基金、广东省自然科学基金、广州市科技局基础研究基金等多个国家级和省部级项目，首设医院乳腺疾病与遗传门诊并入选“全国百家遗传咨询门诊”，以第一作者或通讯作者身份发表中英文论文十余篇，参编专著《早发性结直肠癌》和《临床遗传咨询》，撰写其中遗传性乳腺癌相关章节。,https://www.fahsysu.org.cn/sites/1h.prod.sysucloud1.sysu.edu.cn/files/styles/focal_point_480/public/2023-08/%E4%B9%B3%E8%85%BA%E5%A4%96%E7%A7%91%20%E5%8C%A1%E5%A4%8F%E9%A2%96%20%E5%89%AF%E9%AB%98%20%281%29.jpg?itok=MnkFh2vW,TRUE,0,,,,乳腺癌手术与综合治疗、遗传咨询,复旦大学肿瘤学博士，现任中山大学附属第一医院乳腺外科副主任医师。主持多项国家级和省部级科研项目，首设乳腺疾病与遗传门诊并入选“全国百家遗传咨询门诊”，发表中英文论文十余篇，参编专著两部。曾获CSCO“35 under 35”优秀青年肿瘤医生、广东省科普讲解大赛一等奖等荣誉，担任多个专业委员会委员和杂志编委。
7e63e16d-33ae-42ca-be27-949828170b0a,,邵楠,副主任医师,中山大学附属第一医院,乳腺外科,"乳腺癌保留乳房手术, 乳房假体和自体组织乳房再造术, 乳腺癌化疗、免疫治疗、靶向治疗和内分泌治疗, 乳腺癌家族史健康人群或患者随访管理",该医生于2013年获得中山大学临床医学博士学位，曾作为访问学者前往美国国家癌症中心进行乳腺癌流行病和基因组学研究。毕业后一直在中山大学附属第一医院乳腺外科从事医疗、教学和科研工作。担任广东省抗癌协会肿瘤整形外科专业委员会常务委员、广东省预防医学会乳腺癌防治专业委员会常务委员、广东省健康管理学会肿瘤防治专业委员会常务委员、广东省中医药学会乳腺病专业委员会委员、广东省健康管理学会乳房重建再造及美学专业委员会委员、广州抗癌协会乳腺癌专业委员会委员。在Int J Biol Sci、Cancer Manag Res、Cancer Cell Int、J Cell Mol Med、Technol Cancer Res Treat、World J Clin Cases、Cancer Lett、Gland Surg、Breast、Cancer Res、Breast Cancer Res Treat等杂志以第一/共同第一作者或通讯/共同通讯作者身份发表SCI论文二十余篇。主持国家自然科学基金1项、广东省自然科学基金1项、横向课题2项，并获中山大学附属第一医院基础外科学院“2018优秀教官”称号。,https://www.fahsysu.org.cn/sites/1h.prod.sysucloud1.sysu.edu.cn/files/styles/focal_point_480/public/2022-05/%E4%B9%B3%E8%85%BA%E5%A4%96%E7%A7%91%20%E9%82%B5%E6%A5%A0%20%E5%89%AF%E9%AB%98.jpg?itok=YffY9lPL,TRUE,0,,,,乳腺癌综合治疗、乳房重建与保乳手术,中山大学临床医学博士，现任中山大学附属第一医院乳腺外科副主任医师，曾赴美国国家癌症中心访问学习。担任多个省级抗癌协会常务委员，发表SCI论文二十余篇，主持国家及省级科研项目，获医院优秀教官称号。
73032931-b487-4e90-a906-6ab9a3ddc325,,史雅薇,副主任医师,中山大学附属第一医院,乳腺外科,"乳腺癌手术治疗, 乳腺癌综合治疗, 乳腺肿物微创手术, 乳腺良性疾病诊治, 乳腺癌发生发展及耐药分子机制研究, 乳腺癌综合治疗临床研究",该医生于2006年至2014年在中山大学中山医学院完成临床医学（八年制）学习并获得临床医学博士学位。2014年7月起在中山大学附属第一医院甲状腺乳腺外科工作，先后担任医师、主治医师，自2021年6月起任副主任医师。社会兼职方面，担任广东省医学会外科学分会青年委员。学术成果方面，在《J EXP & CLIN CANC RES》、《LIFE SCI》、《PHYTOTHER RES》、《BIOMED PHARMACOTHER》等专业期刊发表论文十余篇，并主持国家自然科学基金、省自然科学基金、省医学科学技术基金项目共3项。,https://www.fahsysu.org.cn/sites/1h.prod.sysucloud1.sysu.edu.cn/files/styles/focal_point_480/public/%E5%8F%B2%E9%9B%85%E8%96%87.jpg?itok=8Fdd-tty,TRUE,0,,,,乳腺癌手术及综合治疗、乳腺疾病诊治,中山大学临床医学博士，现任中山大学附属第一医院甲状腺乳腺外科副主任医师。从事乳腺外科临床工作多年，担任广东省医学会外科学分会青年委员，发表SCI论文十余篇，主持国家级及省级科研项目3项。
d7372175-2407-4553-9e14-7e992e29f511,,于亮,副主任医师,中山大学附属第一医院,乳腺外科,"各类乳腺疾病的诊断及综合治疗, 超声定位下乳腺肿物切除活检, 乳腺癌保乳及腋窝前哨淋巴结活检手术, 乳腺癌改良根治术, 乳腺癌肿瘤整形及假体重建技术",该医生于2000年至2005年在华中科技大学同济医学院攻读本科，2005年至2011年在中山大学完成硕博连读，期间于2009年至2011年在荷兰马斯特里赫特大学进行联合培养。自2011年7月起，在中山大学附属第一医院甲状腺乳腺外科工作，历任住院医师、主治医师至副主任医师。社会兼职方面，担任广东省医学会乳腺病学分会青年委员会副主任委员、广东省医师协会甲状腺专业分会青年组委员、中国研究型医院学会甲状腺专业委员会临床研究学组委员及中国研究型医院学会甲状旁腺专业委员会青年委员会委员。学术成果方面，截至2022年5月，已发表科研论文19篇，其中16篇被SCI收录，并主持国家自然科学基金1项。,https://www.fahsysu.org.cn/sites/1h.prod.sysucloud1.sysu.edu.cn/files/styles/focal_point_480/public/2025-09/%E4%B9%B3%E8%85%BA%E5%A4%96%E7%A7%91_%E4%BA%8E%E4%BA%AE12.jpg?itok=AGJtwmYh,TRUE,0,,,,乳腺疾病诊断与手术治疗,华中科技大学同济医学院本科，中山大学硕博连读，荷兰马斯特里赫特大学联合培养。现任中山大学附属第一医院甲状腺乳腺外科副主任医师，担任多个乳腺及甲状腺相关学会委员，发表SCI论文16篇，主持国家自然科学基金1项。
178fde4f-5946-4876-a53f-c192ad3993f3,,叶润仪,副主任医师,中山大学附属第一医院,乳腺外科,"乳腺癌手术治疗（保乳术、根治术、腔镜乳腺手术、机器人辅助乳腺手术）, 乳腺癌根治切除一期乳房再造, 乳腺肿物微创活检, 小切口巨大乳房肿物切除, 乳腺癌综合治疗（化疗、内分泌治疗、靶向治疗）, 乳腺结节诊治, 乳腺囊肿诊治, 乳腺增生诊治, 男性乳房发育手术治疗, 乳房整形手术（隆乳、缩乳、再造）",该医生2001年至2006年在中山大学中山医学院攻读临床医学本科，2006年至2011年在中山大学附属第一医院硕博连读，师从王深明教授。2011年7月入职中山大学附属第一医院工作至今，长期在临床一线，历任住院医师3年、主治医师9年，自2024年起担任副主任医师。研究方向为乳腺癌的内分泌治疗耐药的分子机制及乳腺癌综合治疗的相关临床研究。在《Oncogenesis》、《Clinical and translational medicine》、《Life Sciences》等国内外专业期刊发表论文近十篇。社会兼职为广东省健康管理学会乳腺病专业委员会委员。,https://www.fahsysu.org.cn/sites/1h.prod.sysucloud1.sysu.edu.cn/files/styles/focal_point_480/public/2024-05/%E4%B9%B3%E8%85%BA%E5%A4%96%E7%A7%91-%E5%8F%B6%E6%B6%A6%E4%BB%AA-%E5%89%AF%E9%AB%98.jpg?itok=MLSDzOj2,TRUE,0,,,,乳腺癌手术治疗与综合治疗、乳腺疾病诊治,中山大学临床医学本科，中山大学附属第一医院硕博连读，师从王深明教授。2011年起在中山大学附属第一医院工作，历任住院医师、主治医师，2024年起任副主任医师。研究方向为乳腺癌内分泌治疗耐药机制及综合治疗，发表论文近十篇，担任广东省健康管理学会乳腺病专业委员会委员。
543a6b99-09c1-4fd4-b243-e6c21f0309d9,,胡文杰,主任医师,中山大学附属第一医院,肝外科,"肝脏肿瘤, 肝胆管结石, 胆道肿瘤, 胰腺肿瘤, 门静脉高压症, 腹腔镜治疗肝脏疾病, 胆道镜治疗胆道疾病",该医生于1990年7月毕业于原上海医科大学临床医学系，获学士学位；2004年获中山大学外科学硕士学位；2007年获中山大学外科学博士学位。从医以来在国内外有影响的杂志发表学术论文十余篇，主持省部级科研基金1项，主编出版学术著作1部。,https://www.fahsysu.org.cn/sites/1h.prod.sysucloud1.sysu.edu.cn/files/styles/focal_point_480/public/035331.jpg?itok=bbFqJJkN,TRUE,0,,,,肝胆胰脾外科疾病诊断与治疗,毕业于原上海医科大学临床医学系，获中山大学外科学硕士和博士学位，从事肝胆胰脾外科工作20年，发表学术论文十余篇，主持省部级科研基金1项，主编学术著作1部。
ce413bac-525f-45bf-a932-b6f88a481ea3,,何强,"主任医师, 博士生导师",中山大学附属第一医院,肝外科,"肝脏肿瘤外科治疗, 胆道肿瘤外科治疗, 肝内外胆管结石治疗, 胰腺肿瘤外科治疗, 门静脉高压症外科治疗, 肝癌综合治疗, 肝门部胆管癌外科治疗, 复杂肝切除手术, 胰十二指肠切除术",该医生1985年毕业于江西医学院，1996年获中山大学硕士学位，2004年获中山大学博士学位。1985年至1993年在江西宜春地区医院担任住院医师、外科主治医生，1996年至2000年在广州开发区医院普外科担任主治医生、副主任医生。2002年至2005年在加拿大麦吉尔大学做访问学者，2005年至今在中山大学附属第一医院肝胆外科担任副主任医师、主任医师。曾于2002年在加拿大麦吉尔大学从事肿瘤研究，2012年在美国西南医学中心进行肿瘤外科临床观摩。担任中国医师协会会员、广东省肝脏病学会胆胰学分会常务委员、广东省肝脏病学会肝脏手术学分会常务委员、消化肿瘤杂志编委。在国内外杂志发表多篇学术论文，其中多项研究成果发表于国际期刊。主持多项省级基金，其“综合性疗法预防肝癌切除术后复发的系列研究”获2007年度广东省科技进步二等奖。,https://www.fahsysu.org.cn/sites/1h.prod.sysucloud1.sysu.edu.cn/files/styles/focal_point_480/public/%E4%BD%95%E5%BC%BA.jpg?itok=RH94Vbua,TRUE,0,,,,肝胆胰肿瘤外科治疗及复杂手术,中山大学医学博士，现任中山大学附属第一医院肝胆外科主任医师、博士生导师。从事普通外科临床工作25年，曾在加拿大麦吉尔大学和美国西南医学中心进修学习。担任广东省肝脏病学会多个分会常务委员，主持多项省级科研项目，发表多篇学术论文，其中“综合性疗法预防肝癌切除术后复发的系列研究”获广东省科技进步二等奖。
c594460b-4bb9-48d2-8bfb-f9f2470cd4f5,,华赟鹏,"主任医师, 博士生导师, 硕士研究生导师",中山大学附属第一医院,肝外科,"肝胆胰常见病多发病诊断治疗, 肝胆胰肿瘤系统综合治疗, 腹腔镜胆道镜ERCP微创技术, ERCP+胆道子镜+PTCS联合治疗, 腹腔镜胰十二指肠切除, 肝脏各区段切除, 保留胰腺功能微创手术, PTCS治疗肝内胆管结石, 单孔腹腔镜技术",该医生1998年毕业于湖南医科大学临床专业本科，2001年获得中山医科大学外科学硕士学位，2004年获得中山大学外科学博士学位。2004年起在中山大学附属第一医院肝胆外科工作，历任住院总、主治医师、讲师、副主任医师、主任医师，现任肝胆胰外科教职工党支部书记、肝胆胰外科中心副主任、肝外科副主任。2012年至2014年在美国南卡罗来纳医科大学微生物&免疫系从事博士后研究。2009年获得硕士研究生导师资格，2022年获得博士研究生导师资格。2017年入选中山大学附属第一医院柯麟新星人才计划，2018年入选首批广东省杰出青年医学人才，入选第一届和第二届胡润平安好医生，入选2019-2021年度岭南名医录。担任广东省健康管理学会消化内镜MDT专业委员会主任委员、广东省老年保健协会肝癌MDT专业委员会主任委员、广东省医师协会肝胆胰外科分会副主任委员、广东省医学会肝胆胰外科分会常务委员、中国外科内镜医师联盟高级会员、国际肝胆胰协会中国分会肝胆胰MDT专业委员会委员、中国医师协会肝癌专业委员会青年委员会委员、第二届中华消化外科菁英荟委员、中国医师协会手术电子杂志编委、Frontiers in Molecular Biosciences Associate editor、JoVE视频杂志客座编辑。已发表第一/通讯作者SCI论文18篇，总影响因子达102.886分，在国内核心期刊发表50余篇文章。以第一负责人主持国家自然基金项目一项、省部级基金项目九项、一项高校基本科研业务费中山大学青年教师培育项目。荣获2021年中山大学优秀党员、2022年中山一院优秀党员、中山一院好医生称号、第八届羊城好医生称号。,https://www.fahsysu.org.cn/sites/1h.prod.sysucloud1.sysu.edu.cn/files/styles/focal_point_480/public/2023-03/%E8%82%9D%E5%A4%96%E7%A7%91%20%E5%8D%8E%E8%B5%9F%E9%B9%8F%20%E6%AD%A3%E9%AB%98.jpg?itok=6isSx-tb,TRUE,0,,,,肝胆胰疾病外科治疗与微创技术,中山大学外科学博士，现任中山大学附属第一医院肝胆胰外科中心副主任、主任医师、博士生导师。从事肝胆外科临床工作近20年，曾在美国从事博士后研究。担任多个省级专业委员会主任委员，入选广东省杰出青年医学人才和岭南名医录。发表SCI论文18篇，主持国家级和省部级科研项目十余项。
4b6360b6-3be8-4475-a6d8-f053eadeefb6,,匡铭,"主任医师, 教授",中山大学附属第一医院,肝外科,"肝胆胰脾外科疾病诊疗, 肝胆胰肿瘤微创治疗, 腹腔镜/机器人下肝癌切除, 胰腺癌切除, 肝癌射频/微波/冷冻消融, 纳米刀胰腺癌消融, 二步法肝切除, 肿瘤消融治疗, 精准防治肝癌消融后复发转移",该医生1998年毕业于中山医科大学临床医学系七年制，2004年获中山大学外科学博士学位，师从黄洁夫教授。现任中国医师协会毕业后医学教育专业委员会外科专委会副主任委员、中国医师协会外科医师分会肝脏外科医师委员会常委、中国抗癌协会肿瘤微创治疗专业委员会肿瘤外科微创分会副主任委员、广东省医学会精准医学与分子诊断分会主任委员、广东省医师协会毕业后医学教育工作委员会主任委员等社会职务。注重肝癌复发转移相关的基础与临床研究，在Ann Oncol、Nature Communication、Hepatology等国际权威杂志发表SCI论著100余篇，主持国家及省部级重点项目等10项基金。担任《中华普通外科学文献》、《中华消化外科杂志》等多个专业杂志编委，是Clinical Cancer Research、British Journal of Surgery等国际著名专业期刊的审稿专家。主编《肝胆胰外科并发症》，参著国际专著《Image-guided Tumor Ablation》和《Radiofrequency Ablation for Small Hepatocellular Carcinoma》。曾获2019年广东省科技进步奖一等奖、2018年中华医学科学技术奖二等奖、2018年“南粤优秀教师”、2017年亚洲肿瘤消融年会最高奖项“杰出成就奖”等荣誉。,https://www.fahsysu.org.cn/sites/1h.prod.sysucloud1.sysu.edu.cn/files/styles/focal_point_480/public/2023-06/%E5%8C%A1%E9%93%AD.jpg?itok=37eRrkB3,TRUE,0,,,,肝胆胰肿瘤微创治疗与精准消融,中山医科大学临床医学系七年制毕业，中山大学外科学博士，师从黄洁夫教授。现任中国医师协会、中国抗癌协会、广东省医学会等多个专业委员会的副主任委员或常委。在肝癌复发转移研究领域发表SCI论文100余篇，主持国家级项目10项，获广东省科技进步奖一等奖等多项荣誉，并担任多本国内外专业期刊编委和审稿专家。
89f81501-22ae-4b6e-9ad1-b1c4e7c4b95d,,吕明德,"主任医师, 教授",中山大学附属第一医院,肝外科/超声医学科/介入超声专科,"肝脏疾病临床诊断, 胆道疾病临床诊断, 胰腺疾病临床诊断, 超声诊断, 外科手术治疗, 介入治疗, 肝脏肿瘤外科治疗, 超声引导消融治疗, 肝胆肿瘤外科治疗, 肝胆肿瘤超声诊断, 肝胆肿瘤消融治疗",该医生毕业于中山医学院医疗系和日本九州大学大学院，获九州大学医学博士学位。1990年7月起在中山医科大学附属第一医院外科担任主治医师、讲师，1991年12月晋升为副教授，1994年12月晋升为教授。社会兼职包括中国医师协会超声介入和肿瘤消融治疗协作委员会专家委员会主任委员、中国超声医学工程学会全国腹部委员会副主任委员和介入超声专业委员会副主任委员、中国抗癌协会肝癌专业委员会委员。在国内外杂志上发表学术论文近300篇，主编书籍6部，获得科研成果奖11项，其中主持的「超声引导经皮消融治疗肝癌的系列研究」获广东省科技成果一等奖，「肝癌超声诊断和超声介入治疗」获中华医学科技奖二等奖。,https://www.fahsysu.org.cn/sites/1h.prod.sysucloud1.sysu.edu.cn/files/styles/focal_point_480/public/%E5%90%95%E6%98%8E%E5%BE%B7.jpg?itok=5TrMu2OF,TRUE,0,,,,肝胆胰腺疾病外科治疗与超声介入治疗,中山医学院和日本九州大学医学博士，1990年起在中山医科大学附属第一医院外科工作，历任主治医师、副教授、教授。担任多个国家级医学学会委员，发表论文近300篇，主编书籍6部，获科研成果奖11项，包括广东省科技成果一等奖和中华医学科技奖二等奖。
721ce0cc-e35c-41c7-88f3-386a3c6ab5dc,,梁力建,"教授, 博士生导师",中山大学附属第一医院,肝外科,"腹部外科, 肝胆胰脾外科疾病, 结石, 囊肿, 肿瘤, 肝硬化门脉高压症, 胰肿瘤诊断治疗, 肝肿瘤手术, 胆肿瘤手术, 胰肿瘤手术, 复杂肝胆管结石手术, 肝癌侵犯大血管手术治疗, 困难肝脏肿瘤切除, 胆管癌根治切除",该医生1970年毕业于中山医学院临床医学专业，历任中山大学附属第一医院外科讲师、副教授、教授、硕士导师、博士导师、肝胆外科主任、外科教研室主任，现任中山大学附属第一医院教授、博士生导师、教研室主任、肝胆外科首席专家。曾担任国际肝胆胰外科协会会员及中国区分会副主席、中华医学会外科学分会胆道外科学组副组长、中国抗癌协会胆道肿瘤专业委员会顾问、胰腺癌专业委员会常务委员、广东省医学会理事及首届肝胆胰外科学会主任委员，现任名誉主任委员，并在《中华肝胆外科》等17家医学杂志担任副主编或编委。主持获得教育部、省级科研成果4项，广东省教学成果2项，主持科研项目10项，拥有专利1项，在国内外医学杂志以第一作者和通讯作者发表论文300多篇，其中SCI收录论文近20多篇，主编和参编多部专著及国家规划教材。,https://www.fahsysu.org.cn/sites/1h.prod.sysucloud1.sysu.edu.cn/files/styles/focal_point_480/public/101328.jpg?itok=jRto_j_H,TRUE,0,,,,肝胆胰脾外科疾病诊断与手术治疗,1970年毕业于中山医学院临床医学专业，现任中山大学附属第一医院教授、博士生导师、肝胆外科首席专家。曾任国际肝胆胰外科协会中国区分会副主席、中华医学会胆道外科学组副组长等职，主持多项科研项目，发表论文300余篇，其中SCI近20篇，主编参编多部专著及教材，获教育部、省级科研成果奖。
9204f4ab-ec06-4c23-9d75-2e7428d30ee5,,黎东明,主任医师,中山大学附属第一医院,肝外科,"肝癌诊断和治疗, 胆管癌诊断和治疗, 胰腺癌诊断和治疗, 肝内外胆管结石诊断和治疗, 先天性胆管囊性扩张症诊断和治疗, 门脉高压症诊断和治疗, 肝癌手术治疗, 胆管癌手术治疗, 肝内外胆管结石手术治疗, 肝癌外科治疗, 胆管癌外科治疗, 肝脏储备功能研究",该医生1986年毕业于原中山医科大学，随后分配到附属第一医院外科（肝胆外科）工作，至今已从事临床医疗、教学和科研工作36年多。从临床住院医生做起，到主治医生、副主任医师，再到主任医师，脚踏实地从事临床医疗工作至今超过36年。研究方向为肝癌和胆管癌的外科治疗以及肝脏储备功能的研究。近期在国内、外核心杂志上发表论著共10多篇，其中在国外发表SCI文章两篇，IF分别为5.228和2.741。参编10多本学术专著。,https://www.fahsysu.org.cn/sites/1h.prod.sysucloud1.sysu.edu.cn/files/styles/focal_point_480/public/2023-04/%E8%82%9D%E5%A4%96%E7%A7%91%20%E9%BB%8E%E4%B8%9C%E6%98%8E%20%E6%AD%A3%E9%AB%98.jpg?itok=KFL9bOHt,TRUE,0,,,,肝胆外科疾病诊断与手术治疗,1986年毕业于原中山医科大学，在中山大学附属第一医院肝胆外科工作超过36年，从住院医生逐步晋升至主任医师。研究方向为肝癌和胆管癌的外科治疗及肝脏储备功能研究，发表论著10多篇，其中SCI文章两篇，参编学术专著10余本。
9b506f4e-0b5b-4e68-9800-21057e3b6399,,李绍强,"主任医师, 教授",中山大学附属第一医院,肝外科,"肝、胆、胰腺和脾脏疾病的外科治疗, 肝癌的开腹或微创手术, 中晚期肝癌以靶向或免疫为基础的转化治疗, 复杂性肝内、外胆管结石外科治疗, 胆道恶性肿瘤和胰腺良、恶性肿瘤的外科治疗, 腹膜后肿瘤的外科治疗, 重症胰腺炎的外科治疗",该医生于1996年7月毕业于中山大学7年制专业，毕业后在中山大学附属第一医院工作至今。2009年12月晋升为主任医师，2015年转评为教授，2022年评为三级教授、二级主任医师。主要社会任职包括广东省医学会肝胆胰外科分会肝胆学组组长、广东省健康管理学会肝胆病学专委会主任委员、中国研究型医院学会肝胆胰外科分会肝癌学组委员、广东省肝病学会胆胰学组常委。主持包括国家自然科学基金、广东省自然科学基金等科研基金8项，以第一或通讯作者在Ann Surg、Br J Surg、Surgery、International Journal of Cancer等杂志发表论文30多篇。,https://www.fahsysu.org.cn/sites/1h.prod.sysucloud1.sysu.edu.cn/files/styles/focal_point_480/public/2023-04/%E8%82%9D%E5%A4%96%E7%A7%91%20%E6%9D%8E%E7%BB%8D%E5%BC%BA%20%E6%AD%A3%E9%AB%98.jpg?itok=HiVkkOq1,TRUE,0,,,,肝胆胰脾疾病外科治疗,中山大学7年制毕业，在中山大学附属第一医院工作至今，2009年晋升主任医师，2015年转评教授，2022年评为三级教授、二级主任医师。担任广东省医学会肝胆胰外科分会肝胆学组组长等社会职务，主持国家自然科学基金等8项科研项目，发表SCI论文30余篇。
b2544700-c7f0-40a0-ab9b-34843f9629a6,,沈顺利,主任医师,中山大学附属第一医院,肝外科,"开腹肝胆胰脾外科手术, 腹腔镜肝胆胰脾外科手术, 机器人肝胆胰脾外科手术, 肝脏良恶性病变外科治疗, 肝脏良恶性病变综合治疗, 原发性肝癌治疗, 转移性肝癌治疗, 肝囊腺瘤治疗, 肝囊腺癌治疗, 肝囊肿治疗, 胆道良恶性疾病治疗, 肝门部胆管癌治疗, 胆囊癌治疗, 壶腹癌治疗, 胆总管囊性扩张治疗, 梗阻性黄疸治疗, 胰腺良恶性疾病治疗, 胰腺癌治疗, 胰腺囊性肿瘤治疗, 胰腺神经内分泌瘤治疗, 肝胆管结石治疗, 肝内胆管结石治疗, 胆总管结石治疗, 胆囊结石治疗, 门静脉高压症外科治疗, 脾脏良恶性疾病外科治疗",该医生于1998年至2004年在山东大学医学院临床医学系攻读本科，2004年至2009年在中山大学附属第一医院肝胆外科完成硕博连读。自2009年7月起至今，一直在中山大学附属第一医院肝胆外科/肝外科工作，期间于2017年至2018年作为访问学者赴美国得州大学西南医学中心进修。在学术和社会任职方面，担任中国医师协会外科医师分会肝胆青年专家工作组副组长、国际肝胆胰协会中国分会首届青年委员会副主任委员、国家癌症中心国家肿瘤质控中心肝癌质控专家委员会秘书、广东省医学会肝胆胰外科学分会副主任委员、广东省医学会肝癌分会委员、广东省健康管理学会肝胆病学专业委员会副主任委员、广东省健康管理学会消化内镜MDT专业委员会副主任委员、广东省老年保健协会肝癌MDT专业委员会副主任委员、广东省健康管理学会胰腺疾病专业委员会常务委员，并任《岭南现代临床外科》编委和《中华细胞与干细胞杂志（电子版）》青年委员。在科研方面，以第一/通讯作者身份发表SCI论文36篇，主持包括国家自然科学基金、省企联合基金-重点项目、广东省自然科学基金等10项科研项目。曾荣获2024年第十届“羊城好医生”、2023年“中山一院好医生”和2022年广州日报“广东第二届实力中青年医生”等社会荣誉。,https://www.fahsysu.org.cn/sites/1h.prod.sysucloud1.sysu.edu.cn/files/styles/focal_point_480/public/093813.jpg?itok=gpLwKEiV,TRUE,0,,,,肝胆胰脾外科手术及良恶性疾病治疗,山东大学医学院本科，中山大学附属第一医院肝胆外科硕博连读，现任中山大学附属第一医院肝胆外科医生，曾赴美国得州大学西南医学中心访问。担任多项国家级和省级学术职务，发表SCI论文36篇，主持10项科研项目，荣获“羊城好医生”等荣誉。
87688e74-adea-42c9-b3b5-63875d623263,,周奇,主任医师,中山大学附属第一医院,肝外科,"原发性肝癌, 胆囊癌, 胆管癌, 胰腺癌, 肝血管瘤, 门脉高压, 上消化道出血, 肝内外胆管结石, 胆囊癌根治术, 肝门部胆管癌根治术, 复杂胆道结石手术, 胰头癌根治术, 胰体尾癌根治术, 微创肝切除, 微创胆囊切除, 肝癌射频消融术, 原发性肝癌侵袭转移治疗",该医生于2001年9月至2004年6月在中山大学外科学专业就读并获得博士学位。自2004年7月起至今，在中山大学附属第一医院肝胆外科工作，历任主治医师、副主任医师、主任医师。社会兼职方面，担任中国医药教育协会医疗装备工作委员会副主任委员、广东省健康管理学会肝胆胰微创专委会主任委员、广东省医学会肝胆胰外科学分会术中辅助诊断学组组长、广东省医师协会肝癌学组副组长。学术成果丰硕，主持省市基金12项，在国内外核心期刊发表论文60余篇，其中以第一作者或通讯作者发表SCI论文30余篇，并著有《肝胆胰脾外科并发症学》专著。曾获广东省高等学校“千百十工程”第五批人才培养对象、广东省健康管理协会先进个人、广东省医学科技成果二等奖等荣誉，并曾在美国ST-Vicent Hospital肝胆胰中心进行临床培训。,https://www.fahsysu.org.cn/sites/1h.prod.sysucloud1.sysu.edu.cn/files/styles/focal_point_480/public/112725.jpg?itok=L5PbWait,TRUE,0,,,,肝胆胰脾良恶性疾病外科治疗,中山大学外科学博士，现任中山大学附属第一医院肝胆外科主任医师。担任多项省级学会重要职务，主持省市基金12项，发表SCI论文30余篇，获广东省医学科技成果二等奖等荣誉，曾赴美国ST-Vicent Hospital肝胆胰中心临床培训。
cc11aad0-a130-4ab1-8d7a-08609d8a972a,,陈泽斌,副主任医师,中山大学附属第一医院,肝外科,"肝胆胰良恶性疾病的规范诊治, 腹腔镜微创手术, 机器人微创手术, 传统开放手术, 肝脏疾病诊治, 胆道疾病诊治, 胰腺疾病诊治",该医生本硕博均毕业于中山大学，在中山大学附属第一医院完成外科住院医师和专科医师规范化培训。围绕降低肝癌术后复发、减少围术期并发症开展多项研究，成果曾在欧洲肿瘤内科学会、美国临床肿瘤学会等国际权威会议进行口头报告。现以第一作者发表SCI论文11篇，主持省部级项目4项，协助参与《外科学》、《黄家驷外科学》编写，作为团队成员获得2019年广东省科技进步奖一等奖。专注临床教学与医师培养，现担任广东省健康管理学会肝胆病学专业委员会副秘书长、中山大学附属第一医院外科住培基地教学秘书、中山大学附属第一医院基础外科学院核心教官兼后勤组组长、中山大学附属第一医院执业医师技能培训组组长、广东省医学会微创外科学分会青年委员会委员。,https://www.fahsysu.org.cn/sites/1h.prod.sysucloud1.sysu.edu.cn/files/styles/focal_point_480/public/2025-04/%E8%82%9D%E8%83%86%E8%83%B0%E5%A4%96%E7%A7%91_%E9%99%88%E6%B3%BD%E6%96%8C_%E5%89%AF%E9%AB%98.jpg?itok=1WGo7j3R,TRUE,0,,,,肝胆胰疾病微创手术及规范诊治,中山大学医学博士，在中山大学附属第一医院完成外科规范化培训。围绕肝癌术后复发和围术期并发症开展研究，成果在ESMO、ASCO等国际会议报告。发表SCI论文11篇，主持省部级项目4项，参与编写《外科学》等专著，获广东省科技进步奖一等奖。担任多个教学和学术职务，包括广东省健康管理学会肝胆病学专业委员会副秘书长等。
e6c48b4b-7e12-4c84-b169-98b3965f6fd1,,吴健,副主任医师,中山大学附属第一医院,肝外科,"肝脏肿瘤, 肝内外胆管结石, 胆道肿瘤, 胰腺肿瘤, 门静脉高压症, 脾脏肿瘤, 腹腔镜, 胆道镜, 术中超声, 术中消融",该医生于2012年获得中山大学博士学位，毕业后一直在中山大学附属第一医院肝胆胰外科工作，历任住院医师、主治医师、副主任医师。现担任国际肝胆胰协会中国分会肝胆胰MDT专业委员会委员、广东省医师协会肿瘤外科医师分会肝胆肿瘤专业组组长、广东省医学会肝胆胰外科分会青年委员会委员、广东省健康管理学会肝胆胰微创外科分会青年委员会副主任委员、广东省健康管理学会消化内镜MDT专业委员会秘书长、广东省肝病学会胆胰专业委员会秘书长、广东省老年保健协会肝癌MDT专业委员会常委等学术职务。致力于预防原发性肝癌复发、转移的基础与临床研究，主持国家自然科学青年基金1项，参与国家及省级自然科学基金4项，在Cell Death & Differentiation、Advanced Science、Hepatology International、JAMA Surgery、Diagnostics等知名杂志发表SCI论文十余篇。荣获2025年“中山一院好医生”荣誉称号。,https://www.fahsysu.org.cn/sites/1h.prod.sysucloud1.sysu.edu.cn/files/styles/focal_point_480/public/032007.jpg?itok=Q2wRxREt,TRUE,0,,,,肝胆胰疾病微创治疗,中山大学医学博士，现任中山大学附属第一医院肝胆胰外科副主任医师，担任多项省级学术委员会职务，主持国家自然科学基金项目，在Cell Death & Differentiation、Advanced Science等知名期刊发表SCI论文十余篇，获2025年“中山一院好医生”称号。
14a79816-a604-4b24-8640-a84411d8aa18,,王恕同,副主任医师,中山大学附属第一医院,肝外科,"肝、胆、胰疾病诊疗, 肝癌精准治疗, 胆石症微创治疗, 单孔或双孔腹腔镜胆囊切除术, 经皮经肝胆道镜取石术, 磁导航荧光染色流域解剖肝切除, ERCP子母镜, 多镜联合微创手术, 肝癌的新辅助和辅助治疗",该医生于2008年起在中山大学附属第一医院肝胆外科攻读临床型硕士、博士，毕业后留院工作。担任广东省健康管理学会肝胆胰微创专业委员会常务委员、广东省健康管理学会肝胆病学专业委员会委员、广东省健康管理学会胰腺疾病专业委员会委员、广东省肝胆管结石联盟秘书。主持广东省科技计划基金，发表SCI文章多篇。,https://www.fahsysu.org.cn/sites/1h.prod.sysucloud1.sysu.edu.cn/files/styles/focal_point_480/public/2025-04/%E8%82%9D%E5%A4%96%E7%A7%91%E7%8E%8B%E6%81%95%E5%90%8C%E5%89%AF%E9%AB%98%28%E5%8E%8B%E7%BC%A9%29.jpg?itok=oNRc2yTx,TRUE,0,,,,肝胆胰疾病诊疗与微创手术,中山大学附属第一医院肝胆外科临床型硕士、博士，毕业后留院工作。担任广东省健康管理学会多个专业委员会职务，主持省级科研基金，发表多篇SCI文章。
17f3172b-bb17-4621-b067-6a304cc7c398,,谢文轩,副主任医师,中山大学附属第一医院,肝外科,"肝胆胰疾病微创手术, 肝胆胰疾病开腹手术, 肝细胞癌, 胆管细胞癌, 肝转移癌, 肝门部胆管癌, 胆总管下段癌, 胰腺癌, 胰腺实性假乳头状瘤, 胰腺神经内分泌肿瘤, 肝内外胆管结石, 胆囊癌, 胆囊结石, 胆囊息肉, 脾功能亢进",该医生于2014年毕业于中山大学临床医学八年制，获博士学位，毕业后一直在中山大学附属第一医院肝胆胰外科工作。目前担任中山大学硕士生导师，兼任广东省医学会肝胆胰质控中心秘书、广东省医学会肝胆胰外科学分会肝脏外科学组秘书、广东省健康管理学会肝胆病学专业委员会秘书长、广东省健康管理学会胰腺专业委员会常委。主持省级基金2项、校级基金2项，担任中山大学附属第一医院基础外科学院核心教官及动物外科培训组组长，多次以外科组教官身份带领学生获得国家级、省级临床技能比赛特等奖。临床工作尽心尽责，关心患者，曾获中国抗癌协会中青年专家协作组手术菁英奖荣誉，2024年获得“中山一院好医生”称号。,https://www.fahsysu.org.cn/sites/1h.prod.sysucloud1.sysu.edu.cn/files/styles/focal_point_480/public/2024-10/%E8%B0%A2%E6%96%87%E8%BD%A9-%E8%82%9D%E8%83%86%E8%83%B0%E5%A4%96%E7%A7%91-%E5%89%AF%E9%AB%98.jpg?itok=d9jSAaH4,TRUE,0,,,,肝胆胰疾病微创与开腹手术,中山大学临床医学博士，现任中山大学附属第一医院肝胆胰外科副主任医师、硕士生导师，兼任多个省级学会秘书及常委职务。主持多项基金项目，担任医院基础外科学院核心教官，带领学生多次获国家级、省级临床技能比赛特等奖，曾获中国抗癌协会手术菁英奖及“中山一院好医生”称号。
511ad397-8467-43a4-86dd-2595f03bd5ea,,陈伟,主任医师,中山大学附属第一医院,胆胰外科,"胆道肿瘤, 胰腺肿瘤, 肝脏肿瘤, 肝胆管结石, 门静脉高压症, 腹腔镜微创手术, 机器人辅助微创手术, 恶性肿瘤综合治疗",该医生于2004年获广州医科大学临床医学系学士学位，2009年获广州医科大学外科学硕士学位，2012年获中山大学外科学博士学位，期间获国家留学基金委公派美国哈佛大学进行博士联合培养。2012年博士毕业后一直在中山大学附属第一医院肝胆/胆胰外科工作，历任住院医师、主治医师、副主任医师、教学区长、大外科科研秘书。担任中国抗癌学会胆道肿瘤专业委员会青年委员会委员、中国医师协会外科医师分会机器人外科医师委员会青年委员会委员、中国研究型医院学会数字医学临床外科专业委员会ALPPS学组委员、广东省抗癌协会胆道肿瘤专业委员会青年委员会常务委员。研究方向包括肝胆胰脾肿瘤的外科治疗，以及胆道、胰腺、肝脏恶性肿瘤复发和转移的基础与临床研究，主持省级科研基金2项。发表SCI收录英文文章50余篇，其中以第一/通讯作者发表4篇，以第一作者发表中文临床论文近10篇，出版专著2部。获得专利1项，获广州市科技进步二等奖1项，并获中山一院优秀党务工作者、优秀教师等荣誉。,https://www.fahsysu.org.cn/sites/1h.prod.sysucloud1.sysu.edu.cn/files/styles/focal_point_480/public/102441.jpg?itok=lhRvHLhz,TRUE,0,,,,肝胆胰肿瘤微创手术及综合治疗,中山大学外科学博士，哈佛大学联合培养，现任中山大学附属第一医院肝胆/胆胰外科副主任医师。担任多个国家级和省级专业委员会委员，主持省级科研基金2项，发表SCI论文50余篇，出版专著2部，获专利1项和广州市科技进步二等奖。
e76ab5a5-0004-435a-95ae-719bee7d3406,,陈流华,主任医师,中山大学附属第一医院,胆胰外科,"肝脏疾病的外科诊治, 胆囊及胆管结石, 胰腺疾病, 血液脾等疾病的微创手术治疗, 肝脏、胆道疾病及胰腺疾病的诊断及微创治疗, 血液疾病性脾切除术治疗",该医生于1989年至1995年在第二军医大学临床医学系学习，1995年至2000年在广州军区157中心医院工作，1997年至2000年在中山医科大学附属第一医院攻读外科硕士研究生，2000年起在中山大学附属第一医院微创外科工作，2003年至2006年在中山大学附属第一医院攻读博士研究生。研究方向为肝脏、胆道疾病及胰腺疾病的诊断及微创治疗、血液疾病性脾切除术治疗，发表第一作者及通讯作者中文论著20多篇，SCI论著2篇。,https://www.fahsysu.org.cn/sites/1h.prod.sysucloud1.sysu.edu.cn/files/styles/focal_point_480/public/102139.jpg?itok=fJqn2-AH,TRUE,0,,,,肝脏、胆道、胰腺疾病微创治疗,第二军医大学临床医学系毕业，中山大学附属第一医院微创外科工作，拥有硕士和博士学位，研究方向为肝脏、胆道、胰腺疾病微创治疗，发表中文论著20多篇、SCI论著2篇。
23991ea3-61ad-4b69-8210-d156df6145d9,,陈东,主任医师,中山大学附属第一医院,胆胰外科,"肝癌诊断与治疗, 胰腺癌诊断与治疗, 胆管癌诊断与治疗, 门脉高压症脾功能亢进治疗, 肝内胆管结石治疗, 胆囊结石治疗, 肝胆胰脾外科复杂病处理, 肝胆胰脾外科疑难病处理, 围手术期处理, 肝后下腔静脉阻断肝切除, 右半肝切除, 胰腺巨大肿物切除, 开放手术, 微创手术, 腹腔镜肝切除, 胰体尾切除, 脾切除, 胆道镜手术, 分子靶向治疗, 免疫药物治疗",该医生本科、硕士、博士均毕业于中山大学（原中山医科大学），曾在美国哈佛大学麻省总院担任访问学者工作一年半。自博士毕业以来留院工作，从事肝胆胰外科临床工作近15年。历任中山大学附属第一医院肝胆外科住院医师、主治医师、讲师、副教授、副主任医师，现任中山大学附属第一医院胆胰外科主任医师。曾赴广西防城港市第一人民医院对口支援，担任院长助理、普外科副主任。在学术方面，在EJSO、BJS、Sci Rep、BMC Cancer等国内外杂志发表论著30余篇，主持国家自然、省自然基金共3项，主编专著2部，参编专著1部。获得多项教学奖励，包括中山大学优秀教师、中山大学临床教师教学技能大赛一等奖等。社会兼职包括中国医师协会胆道外科青年委员会委员、中国抗癌协会胰腺癌专委会青年委员会委员、广东省医学会肝胆胰分会胆道学组委员等，并担任中华肝脏外科手术学杂志编委。,https://www.fahsysu.org.cn/sites/1h.prod.sysucloud1.sysu.edu.cn/files/styles/focal_point_480/public/025108_0.jpg?itok=sbg2xQuQ,TRUE,0,,,,肝胆胰外科疾病诊断与治疗，擅长肝癌、胰腺癌、胆管癌,中山大学医学博士，现任中山大学附属第一医院胆胰外科主任医师，从事肝胆胰外科临床工作近15年。曾在美国哈佛大学麻省总院访问学者。发表学术论文30余篇，主持国家级、省级科研项目3项，主编专著2部。担任多个国家级和省级学术委员会委员，获多项教学和科研奖励。
124da891-e014-4564-a295-841b454e4607,,赖佳明,主任医师,中山大学附属第一医院,胆胰外科,"胆道肿瘤诊断与外科手术治疗, 胰腺肿瘤诊断与外科手术治疗, 肝脏肿瘤诊断与外科手术治疗, 肝胆管结石诊断与外科手术治疗, 门静脉高压症诊断与外科手术治疗, 肝胆胰脾疾病疑难重症处理, 传统开腹手术治疗肝胆胰疾病, 腹腔镜微创技术治疗肝胆胰疾病, 胆道镜微创技术治疗肝胆胰疾病, 十二指肠镜微创技术治疗肝胆胰疾病, 达芬奇机器人微创技术治疗肝胆胰疾病",该医生于1993年7月毕业于原中山医科大学医疗系，先后获得外科学医学硕士、博士学位，曾在香港大学玛丽医院和美国华盛顿大学医学院进修留学。从医以来在国内外有影响的杂志发表学术论文80余篇，主持省部级科研和教学基金8项，获得省部级科研成果3项，主编出版学术著作6部，参编6部。社会兼职包括广东省健康管理学会胰腺疾病专委会主任委员、广东省医学会肝胆胰外科分会胰腺学组组长、广东省抗癌协会胆道肿瘤专业委员会常委和全国委员、广东省医师协会胰腺外科医师分会常委、广东省器官医学与技术学会腹腔镜手术技术与培训专委会副主委、广东省医学会肠外肠内营养分会委员和代谢营养学组副组长、广东省肝脏病学会肝病微创治疗分会副主委、广东省医师协会毕业后医学教育工作委员会委员等。曾获南粤优秀教师、中山一院好医生、岭南名医等荣誉。,https://www.fahsysu.org.cn/sites/1h.prod.sysucloud1.sysu.edu.cn/files/styles/focal_point_480/public/2023-11/%E8%83%86%E8%83%B0%E5%A4%96%E7%A7%91%20%E8%B5%96%E4%BD%B3%E6%98%8E%20%E6%AD%A3%E9%AB%98%20%E7%99%BD%E5%BA%95.jpg?itok=ZAzVLrd0,TRUE,0,,,,肝胆胰脾外科疾病诊断与微创手术治疗,毕业于原中山医科大学医疗系，获外科学医学硕士、博士学位，曾在香港大学玛丽医院和美国华盛顿大学医学院进修留学。发表学术论文80余篇，主持省部级科研和教学基金8项，获得省部级科研成果3项，主编出版学术著作6部。担任广东省健康管理学会胰腺疾病专委会主任委员等多个社会兼职，荣获南粤优秀教师、中山一院好医生、岭南名医等荣誉。
58607206-40f5-4823-af12-394d853be58f,,梁力建,"教授, 博士生导师",中山大学附属第一医院,胆胰外科,"腹部外科, 肝胆胰脾外科疾病, 结石, 囊肿, 肿瘤, 肝硬化门脉高压症, 胰肿瘤, 肝肿瘤, 胆肿瘤, 胰腺肿瘤, 肝胆管结石, 肝癌侵犯大血管的手术治疗, 肝脏肿瘤切除, 胆管癌的根治切除",该医生1970年毕业于中山医学院临床医学专业，历任中山大学附属第一医院外科讲师、副教授、教授、硕士导师、博士导师、肝胆外科主任、外科教研室主任，现任中山大学附属第一医院教授、博士生导师、教研室主任、肝胆外科首席专家。曾任国际肝胆胰外科协会会员、中国区分会副主席，中华医学会外科学分会第十五届胆道外科学组副组长，中国抗癌协会胆道肿瘤专业委员会顾问，中国抗癌协会胰腺癌专业委员会常务委员，广东省医学会第七届理事会理事，广东省医学会首届肝胆胰外科学会主任委员，现任名誉主任委员，担任《中华肝胆外科》、《中华外科杂志》、《中华普通外科杂志》、《中华消化外科杂志》等17家杂志副主编或编委。主持获得教育部、省级科研成果4项，广东省教学成果2项，主持科研项目10项，专利1项，在国内外中英文医学杂志以第一作者和通讯作者发表论文300多篇，其中SCI收录论文近20多篇，主编专著4部，副主编专著4部，包括主编和参编十一五国家规划教材五年制、七年制、八年制《外科学》及《外科学考试常见错误与对策》、《外科症状鉴别诊断》、《普通外科特色诊疗技术》、《肝脏胆道肿瘤外科学》、《腹部外科学》、《胆道病学》等多部专著。,https://www.fahsysu.org.cn/sites/1h.prod.sysucloud1.sysu.edu.cn/files/styles/focal_point_480/public/%E6%A2%81%E5%8A%9B%E5%81%A5_0.jpg?itok=QtVz8RFo,TRUE,0,,,,肝胆胰脾肿瘤外科治疗及复杂肝胆管结石手术,1970年毕业于中山医学院临床医学专业，现任中山大学附属第一医院教授、博士生导师、肝胆外科首席专家。曾任国际肝胆胰外科协会中国区分会副主席、中华医学会胆道外科学组副组长等职，主持多项科研项目，发表论文300余篇，主编参编多部专著，获教育部、省级科研成果奖。
04a700a2-e35b-4959-998a-2fb5a49e5e66,,汪谦,"主任医师, 教授, 博士生导师",中山大学附属第一医院,胆胰外科,"肝胆胰腺肿瘤外科治疗, 胆道结石外科治疗, 肝硬化门脉高压症外科治疗, 脾脏疾病外科治疗, 肝癌诊治, 胆管癌诊治, 脾脏功能研究, 肝胆外科高难度复杂性手术, 巨大中央型肝癌手术, 特殊部位肝肿瘤手术, 复杂性肝内外胆管结石手术, 肝门部胆管癌切除, 胰十二指肠切除术, 疑难杂症手术干预, 危重病例围术期处理, 多学科先进技术应用",该医生1978年至1982年在蚌埠医学院获得学士学位，1985年至1988年在上海第二医科大学攻读硕士研究生，1992年至1995年在同济医科大学攻读博士研究生，1995年至1996年在中山医临床博士后流动站完成外科学博士后研究。曾在美国亚特兰大Morehouse医学院担任客座教授，并在美国Emory大学医学院附院、Texas大学医学院肿瘤研究所及附院进行访问学者和博士后研究。自2001年起在中山大学附院第一医院肝胆外科担任教授和博士生导师。担任国家重点学科普通外科主任、广东省医学会外科分会副主任委员、全国脾脏外科学组副组长，并兼任多个医学期刊编委及评审专家职务。主持完成国家自然科学基金和省部级基金项目近20项，在国内外医学杂志发表论文130余篇，其中SCI收录20余篇，最高影响因子7.4，组织编写15部专著，获省部级科技进步奖3项和国家发明专利2项。,https://www.fahsysu.org.cn/sites/1h.prod.sysucloud1.sysu.edu.cn/files/styles/focal_point_480/public/101532.jpg?itok=7jVSErPH,TRUE,0,,,,肝胆胰脾外科疾病诊治与高难度手术,蚌埠医学院学士、上海第二医科大学硕士、同济医科大学博士、中山医博士后，美国多所医学院访问学者。现任中山大学附院第一医院肝胆外科教授、博士生导师，国家重点学科普通外科主任。主持国家级科研项目近20项，发表论文130余篇，SCI收录20余篇，获省部级科技进步奖3项和发明专利2项，兼任多个学术组织职务。
1b22a2e2-2f25-42cb-a0fd-9bf411696802,,殷晓煜,"一级主任医师, 二级教授",中山大学附属第一医院,胆胰外科,"胰腺疾病诊治, 胆道疾病诊治, 肝脏疾病诊治, 疑难复杂病诊治, 机器人微创手术, 腹腔镜微创手术, 胰十二指肠切除术, 胰腺中段切除术, 肝门部胆管癌根治术, 肝中叶切除术, 右半肝切除术, 胰腺癌综合治疗, 胰腺神经内分泌肿瘤综合治疗, 胆管癌综合治疗, 肝癌综合治疗",该医生是第二届“广州十大名医”，在胰腺、胆道及肝脏疾病诊治方面经验丰富，是国内机器人肝胆胰手术领域的领军人物之一，已完成1200多例机器人肝胆胰手术，位居国内先进、华南地区领先地位。他主持5项国家自然科学基金及近10项省部级基金课题，研究方向包括胰腺恶性肿瘤、神经内分泌肿瘤、胆道恶性肿瘤和肝脏恶性肿瘤的临床与基础研究。担任中华医学会外科学分会胰腺外科学组委员、中国抗癌协会神经内分泌肿瘤专业委员会副主任委员、中国抗癌协会胆道肿瘤专业委员会常委、中国医师协会胰腺病学专业委员会常务委员、中国医师协会外科医师分会机器人外科专家工作组副组长、中国医药教育协会医疗机器人发展促进分会副主任委员、中国研究型医院学会胰腺病学委员会常委、中国研究型医院学会术后快速康复专业委员会常委、中国研究型医院学会智能医学专业委员会常委、国际肝胆胰协会中国分会胆道肿瘤专业委员会副主任委员、广东省医学会外科学分会副主任委员、广东省医学会肝胆胰外科学分会常务委员、广东省医师协会胰腺病学专业委员会副主任委员、广东省医疗行业协会肝胆胰外科管理分会主任委员、广东省临床医学学会肝胆胰外科专业委员会主任委员、广东省抗癌协会胰腺癌专业委员会副主任委员、广东省抗癌协会胆道肿瘤专业委员会主任委员，并担任《Gastroenterology Report》、《中华肝胆外科杂志》、《中华消化外科杂志》、《中华胰腺病学杂志》、《中华普通外科文献杂志》电子版等多家杂志编委。已在Advanced Science、ACS Nano、Cancer Communications、Cell Death and Differentiation、Molecular Therapy、Cancer Letters、Oncogene、Int J Biol Sci、Clin Trans Med、Applied Materials Today、Br J Surg等SCI杂志及《中华外科杂志》、《中华消化外科杂志》、《中华肝胆外科杂志》、《中国实用外科杂志》等国内核心期刊发表第一作者和（或）通讯作者论文140多篇，并参与专著《Hilar cholangiocarcinoma》的编写。,https://www.fahsysu.org.cn/sites/1h.prod.sysucloud1.sysu.edu.cn/files/styles/focal_point_480/public/2023-06/%E6%AE%B7%E6%99%93%E7%85%9C.jpg?itok=mbwe6N_r,TRUE,0,,,,肝胆胰疾病机器人微创手术及综合治疗,第二届“广州十大名医”，国内机器人肝胆胰手术领军人物，已完成1200多例机器人手术。主持5项国家自然科学基金，研究方向涵盖胰腺、胆道、肝脏恶性肿瘤。担任中华医学会、中国抗癌协会、中国医师协会等多个国家级和省级学术组织重要职务，发表SCI及核心期刊论文140多篇。
a1b478fc-72d3-4866-bb6d-4fc494f68670,,郑朝旭,主任医师,中山大学附属第一医院,胆胰外科,"肝胆胰脾疑难疾病诊治, 腹腔镜治疗肝胆胰脾疾病, 胆道镜治疗肝胆胰脾疾病, 胆囊疾病诊断治疗, 肝胆管结石诊断治疗, 血液疾病腹腔镜脾切除术治疗, 肝硬化门脉高压症腹腔镜脾切除术治疗, 肝脏肿瘤诊断手术治疗, 胆道肿瘤诊断手术治疗, 胰腺肿瘤诊断手术治疗, 肝胆胰脾良性疾病微创治疗, 肝胆胰脾恶性疾病微创治疗, 免疫性血小板减少性紫癜治疗, 遗传性球形红细胞增多症治疗",该医生于1988年9月至1995年6月在原中山医科大学七年制硕士班学习，1995年7月至2003年12月在中山一院历任住院医师、主治医师、讲师，2001年6月获中山大学外科博士学位，2001年10月至2001年12月在香港广华医院及联合医院外科进修，2003年12月至今在中山一院历任副主任医师、主任医师。社会兼职方面，担任中国抗癌协会肿瘤微创治疗专业委员会肿瘤外科微创分会委员、广东省肝脏病学会胆胰疾病专业委员会常务委员。学术研究方面，已在国内外有影响的专业杂志发表学术论文50余篇，主持省部级科研基金6项，参编学术著作4部。,https://www.fahsysu.org.cn/sites/1h.prod.sysucloud1.sysu.edu.cn/files/styles/focal_point_480/public/101909.jpg?itok=4ozY9bx0,TRUE,0,,,,肝胆胰脾疾病微创治疗与腹腔镜手术,中山大学外科博士，现任中山一院主任医师，拥有丰富临床经验。曾在香港广华医院及联合医院外科进修，担任中国抗癌协会肿瘤微创治疗专业委员会肿瘤外科微创分会委员等社会兼职，发表学术论文50余篇，主持省部级科研基金6项，参编学术著作4部。
687a56ca-21c1-4f15-9244-9d1159741c0e,,张昆松,主任医师,中山大学附属第一医院,胆胰外科,"肝脏肿瘤外科治疗, 胆道肿瘤外科治疗, 胰腺肿瘤外科治疗, 胆道系统良性疾病外科治疗, 门静脉高压症外科治疗, 脾脏疾病外科治疗, 腹腔镜微创手术治疗, 肝门部胆管癌外科综合治疗, 肿瘤复发转移精准防治",该医生于1999年进入中山医科大学临床医学七年制专业学习，2004年获学士学位后进入中山一院肝胆外科工作至今。师从著名肝胆胰外科专家梁力建教授，2006年获外科学硕士学位，2009年获外科学博士学位。2018年9月至12月在美国加州大学洛杉矶分校大卫格芬医学院进行访问学者学习，2020年9月入读阿联酋海湾医科大学卫生专业教育联合硕士。现任中国医学模拟教学联盟理事、广东省临床医学学会副秘书长、广东省抗癌协会胰腺癌专委会青年委员会副主任委员、广东省医师协会人文医学工作委员会委员、广东省医师协会外科医师分会第一届委员会委员、广东省临床医学学会肝胆胰外科专委会委员、中国研究型医院学会数字医学临床外科专业委员会委员。已在国内外核心期刊发表论著30多篇，参编专著5部。长期从事肝胆胰外科临床诊疗、教学及科研工作，承担毕业前、毕业后及继续医学教育工作，擅长模拟教学、医学人文教学、医患沟通及临床思维教学。长期担任中山大学国家临床技能大赛骨干教官、广东省医师协会住培师资培训班授课专家、中国医师协会住培师资培训班授课专家。多次获得院级、校级、省级教学奖励及优秀教师称号，获广东省教学成果奖特等奖1项、一等奖1项、二等奖2项，承担国家级一流本科课程1项、省级在线开放课程1项，主持省级、市级、校级教学改革项目6项。,https://www.fahsysu.org.cn/sites/1h.prod.sysucloud1.sysu.edu.cn/files/styles/focal_point_480/public/%E8%83%86%E8%83%B0%E5%A4%96%E7%A7%91%20%E5%BC%A0%E6%98%86%E6%9D%BE%20%E6%AD%A3%E9%AB%98.jpg?itok=3crIPMM5,TRUE,0,,,,肝胆胰肿瘤外科治疗及腹腔镜微创手术,中山医科大学临床医学七年制毕业，中山一院肝胆外科主任医师，师从梁力建教授，获外科学硕士、博士学位。曾赴美国加州大学洛杉矶分校访问学习，现任多个医学学会理事及委员。发表论著30余篇，参编专著5部，长期从事肝胆胰外科临床、教学及科研工作，获多项教学成果奖，主持多项教学改革项目。
3800d92f-35f0-4dfa-aa84-b9e463cd15c5,,蔡建鹏,副主任医师,中山大学附属第一医院,胆胰外科,"肝脏开放及微创手术, 胆道开放及微创手术, 胰腺开放及微创手术, 胆道结石微创治疗, 胰腺结石微创治疗, 胆道肿瘤微创治疗, 胰腺肿瘤微创治疗, 机器人手术, 腹腔镜手术, ERCP, SPYGlass, 胆道镜",该医生担任广东省健康管理学会消化内镜专委会秘书长、广东省医学会外科分会青年委员、中国抗肿瘤协会青年委员、广东省健康管理学会胰腺疾病专委会委员。发表SCI论文12篇，主持市级及省级科研项目8项。2018-2019年获国家留学基金委资助至美国匹兹堡大学机器人中心进修普外科机器人手术。,https://www.fahsysu.org.cn/sites/1h.prod.sysucloud1.sysu.edu.cn/files/styles/focal_point_480/public/2025-04/%E8%83%86%E8%83%B0%E5%A4%96%E7%A7%91_%E8%94%A1%E5%BB%BA%E9%B9%8F_%E5%89%AF%E4%B8%BB%E4%BB%BB%E5%8C%BB%E5%B8%88.jpg?itok=e1Rxbt4I,TRUE,0,,,,肝胆胰腺微创手术及消化内镜治疗,担任广东省健康管理学会消化内镜专委会秘书长等多个学术职务，发表SCI论文12篇，主持科研项目8项，曾赴美国匹兹堡大学进修机器人手术。
77b16c79-448a-4c14-aea2-243edb5f6b67,,黄晨松,副主任医师,中山大学附属第一医院,胆胰外科,"肝胆胰良恶性疾病的诊断和外科治疗,肝细胞癌,胆管细胞癌,肝转移癌,肝门部胆管癌,胆囊癌,胆总管下段癌,胰腺癌,胰腺神经内分泌肿瘤,胰腺囊性肿瘤,肝内外胆管结石,胆囊结石,胆囊息肉",该医生于2007年至2012年在中山大学攻读临床医学本科，2012年至2015年在中山大学附属第一医院攻读外科学硕士，2015年至2018年在该院攻读外科学博士。2018年至2020年在该院胆胰外科从事博士后研究，2018年至2021年担任医师，2022年至2023年任主治医师，2024年起任副主任医师。社会兼职包括广东省抗癌协会胆道肿瘤委员会委员兼秘书和广东省医学会外科学分会胰腺学组秘书。学术方面，已在Mol Ther、Adv Sci、ACS Nano、Clin Transl Med、Cancer Letters等SCI收录杂志发表论文26篇，累计影响因子达170分，其中以第一作者或通讯作者发表14篇，并主持国家自然科学基金青年项目1项、广东省自然科学基金能力提升项目1项、面上项目2项及广州市科技计划项目1项。,https://www.fahsysu.org.cn/sites/1h.prod.sysucloud1.sysu.edu.cn/files/styles/focal_point_480/public/2024-04/%E8%83%86%E8%83%B0%E5%A4%96%E7%A7%91%E9%BB%84%E6%99%A8%E6%9D%BE%20%E5%89%AF%E4%B8%BB%E4%BB%BB%E5%8C%BB%E5%B8%88%20%E7%99%BD%E5%BA%95%E4%BF%AE%E6%94%B9%E7%A8%BF.jpg?itok=ZPd9Ly87,TRUE,0,,,,肝胆胰良恶性疾病的外科治疗,中山大学临床医学博士，现任中山大学附属第一医院胆胰外科副主任医师。从事肝胆胰外科临床与研究工作，主持多项国家级和省级科研项目，发表SCI论文26篇，累计影响因子170分，担任广东省抗癌协会胆道肿瘤委员会委员兼秘书等社会兼职。
060c8373-f216-452a-aef8-735812c5e731,,黄力,副主任医师,中山大学附属第一医院,胆胰外科,"肝胆胰脾外科疾病, 肝内外胆管结石, 肝细胞癌, 胆道恶性肿瘤, 肝硬化合并门脉高压症, 壶腹周围肿瘤, 胰腺肿瘤, 复杂肝癌切除, 肝门部胆管癌根治性切除, 胆囊癌扩大切除, 胰头癌切除合并扩大淋巴结清扫, 肝胆胰肿瘤合并血管切除及重建, 联合肝脏离断和门静脉结扎的二步肝切除术",该医生师从我国著名肝胆胰外科专家梁力建教授，2001年至2008年在中山大学完成七年制临床医学专业学习，获学士和硕士学位，2008年至2011年在中山大学附属第一医院肝胆外科攻读博士学位，期间于2009年至2011年通过国家公派研究生项目进行联合培养。2011年起在中山大学附属第一医院工作，历任肝胆外科-胆胰外科住院医师、主治医师，自2017年起担任胆胰外科副主任医师。社会兼职方面，担任美国肝脏病研究会会员、广东省抗癌协会胆道肿瘤专业委员会青年委员会委员、广东省肝脏病学会综合治疗专业委员会委员、广东省医院协会肿瘤防治管理分会肿瘤分子靶向治疗专业委员会委员。学术研究方面，主要研究方向为肝癌、胆道结石、胆道恶性肿瘤及胰腺肿瘤的外科治疗，主持国家自然科学青年基金和广东省医学科研基金各1项，在《Dig Dis Sci》、《Lab Invest》、《Dig Liver Dis》、《Gastroenterology》、《Hepatology》、《Eur Surg》等SCI杂志及《中华实验外科杂志》、《中华肝胆外科杂志》等国内核心期刊发表论文10余篇，并参与编写《肝豆状核变性（Wilson病）》专著。,https://www.fahsysu.org.cn/sites/1h.prod.sysucloud1.sysu.edu.cn/files/styles/focal_point_480/public/084946.jpg?itok=_99YWM3V,TRUE,0,,,,肝胆胰脾外科疾病及肿瘤的外科治疗,中山大学临床医学硕士、博士，师从梁力建教授，现任中山大学附属第一医院胆胰外科副主任医师。研究方向为肝癌、胆道结石、胆道恶性肿瘤及胰腺肿瘤的外科治疗，主持国家自然科学青年基金和广东省医学科研基金各1项，发表SCI及核心期刊论文10余篇，参与编写专著，并担任多个专业学会委员。
f953d1e6-ef70-4e9a-bb85-17f387ec21a2,,黄锡泰,副主任医师,中山大学附属第一医院,胆胰外科,"胰腺肿瘤诊断与治疗, 胆道肿瘤诊断与治疗, 肝脏肿瘤诊断与治疗, 肝胆管结石诊断与治疗, 复杂疑难病例诊治, 围手术期管理, 腹腔镜微创手术, 机器人辅助微创手术, 肝胆胰恶性肿瘤综合治疗",该医生于2018年获中山大学外科学博士学位，博士毕业后一直于中山大学附属第一医院胆胰外科工作，历任住院医师、主治医师、副主任医师。研究方向为胰腺、胆道、肝脏肿瘤的基础与临床研究，以第一作者发表论文20余篇，其中SCI论文17篇，主持国家自然科学基金青年项目等4项科研项目。,https://www.fahsysu.org.cn/sites/1h.prod.sysucloud1.sysu.edu.cn/files/styles/focal_point_480/public/2024-05/%E8%83%86%E8%83%B0%E5%A4%96%E7%A7%91%20%E9%BB%84%E9%94%A1%E6%B3%B0%20%E5%89%AF%E4%B8%BB%E4%BB%BB%E5%8C%BB%E5%B8%88.jpg?itok=PUOKZAi4,TRUE,0,,,,肝胆胰肿瘤微创手术与综合治疗,中山大学外科学博士，现任中山大学附属第一医院胆胰外科副主任医师，研究方向为肝胆胰肿瘤基础与临床研究，以第一作者发表SCI论文17篇，主持国家自然科学基金青年项目等4项科研项目。
e25c8cca-ea3a-4c89-91dc-2d359f3b0b06,,彭洪,副主任医师,中山大学附属第一医院,胆胰外科,"肝胆胰肿瘤外科手术, 肿瘤微创治疗, 腹腔镜手术, 机器人手术, 影像引导下消融手术, 消化内镜手术, 肝胆胰脾良性疾病外科治疗, 胆石症, 肝硬化门静脉高压症, 脾大脾亢, 脾脏肿物",该医生自2014年起在中山大学附属第一医院工作，曾于2012-2013年赴美国德州大学西南医学中心留学深造。目前担任广东省医学会肝胆胰外科分会胰腺学组秘书长、广东省医师协会肝胆外科分会青年医师学组副组长、中华志愿者协会中西医肝胆外科学组常委兼秘书长、广东省健康管理学会胰腺疾病委员会常委兼秘书长、广东省健康管理学会消化内镜MDT委员会常委兼副秘书长、广东省医学会肝癌专业委员会委员、广东省健康管理学会肝胆外科委员会委员、广东省老年保健协会肝癌MDT专委会常委兼副秘书长、广东省肝病协会肝癌专业委员会青年委员会委员、广州市医师协会普外微创专业委员会委员、广州市抗癌协会消化肿瘤专业委员会委员。主要研究方向为肝胆肿瘤精准治疗及复发转移机制研究、肝组织再生/肝功能恢复的机制研究，主持国家自然科学基金（青年基金）一项，主要参与国家自然科学基金（面上项目）三项及数项省级科研基金，发表SCI论文十余篇，IF总计约200，获得2019年度广东省科技进步奖（团体）一等奖。,https://www.fahsysu.org.cn/sites/1h.prod.sysucloud1.sysu.edu.cn/files/styles/focal_point_480/public/2024-05/%E8%83%86%E8%83%B0%E5%A4%96%E7%A7%91%20%E5%BD%AD%E6%B4%AA%20%E5%89%AF%E9%AB%98.jpg?itok=bEMz2zJM,TRUE,0,,,,肝胆胰肿瘤外科及微创治疗,中山大学附属第一医院肝胆胰肿瘤MDT团队成员，自2014年在该院工作，曾赴美国德州大学西南医学中心留学。担任多个省级医学会和协会的秘书长、副组长、常委等职务，主持和参与多项国家级及省级科研项目，发表SCI论文十余篇，获2019年广东省科技进步奖一等奖。
ffe6f10c-031e-4140-a0e5-924eb389f265,,许琼聪,副主任医师,中山大学附属第一医院,胆胰外科,"肝胆胰脾外科疾病诊治,胰腺肿瘤诊治,胆道肿瘤诊治,肝脏肿瘤诊治,脾脏肿瘤诊治,肝胆管结石诊治,复杂疑难病例诊治,围手术期管理,肿瘤多模式诊疗,肝胆胰脾肿瘤外科手术,微创手术治疗",该医生2010-2015年就读于中山大学中山医学院临床医学专业，获得本科学位；2015-2018年师从中山大学附属第一医院肝胆胰外科专家赖佳明教授，获得硕士学位；2018-2021年师从中山大学附属第一医院肝胆胰外科专家殷晓煜教授，获得博士学位；2021-2023年在中山大学附属第一医院从事肝胆胰肿瘤诊疗及其复发耐药机制的博士后研究工作；博士毕业后一直于中山大学附属第一医院肝胆/胆胰外科工作至今，历任住院医师、主治医师、副主任医师。担任广东省临床医学学会肝胆胰外科专业委员会委员/秘书、广东省健康管理学会胰腺疾病专委会委员、中国胰腺病学会会员等社会职务。,https://www.fahsysu.org.cn/sites/1h.prod.sysucloud1.sysu.edu.cn/files/styles/focal_point_480/public/2025-04/%E8%83%86%E8%83%B0%E5%A4%96%E7%A7%91_%E8%AE%B8%E7%90%BC%E8%81%AA_%E5%89%AF%E9%AB%98.jpg?itok=yl-0Ns-6,TRUE,0,,,,肝胆胰脾肿瘤外科手术及微创治疗,中山大学临床医学博士，师从赖佳明、殷晓煜教授，在中山大学附属第一医院完成博士后研究并工作至今，现任副主任医师。担任广东省临床医学学会肝胆胰外科专业委员会委员/秘书等社会职务。
11c71133-c083-4d95-bf1a-c96b023aa46b,,陈剑辉,主任医师,中山大学附属第一医院,胃肠外科一科,"胃癌规范化诊疗, 结直肠癌规范化诊疗, 胃肠间质瘤规范化诊疗, 炎症性肠病规范化诊疗, 肛门良性疾病规范化诊疗, 腹腔镜下胃癌手术, 腹腔镜下结直肠癌手术, 直肠癌保功能根治术, 低位直肠癌保肛手术, 腹腔镜技术, 消化道内镜技术, 微创外科, 快速康复外科, 家庭营养治疗, 综合生态免疫营养",该医生任国际胃癌协会会员、中国抗癌协会胃癌专业委员会ERAS学组委员、中国医师协会结直肠肿瘤专委会单孔腹腔镜学组委员、广东省医学会胃肠外科分会青委会副主委、广东省医师协会ERAS青委会副组长、广东省医学会消化道肿瘤学青委会副主委、广东省生物工程学会加速康复外科分会副主委、广东省基层医药学会胃肠疾病专业委员会副主任委员、广东省医学会胃肠外科分会委员兼秘书、广东省医学会加速康复外科分会委员、广东省医师协会加速康复外科分会委员，曾作为访问学者在Dana-Farber Cancer Institute和Brigham and Women's Hospital进修学习，以第一或通讯作者在Cancer communications、Cancer Research、JECCR、Cancer Letter、Cell Death Dis、IJC等杂志发表SCI论文32篇，主持国家及省市基金10项。,https://www.fahsysu.org.cn/sites/1h.prod.sysucloud1.sysu.edu.cn/files/styles/focal_point_480/public/2025-04/%E8%83%83%E8%82%A0%E5%A4%96%E7%A7%91%E4%B8%80%E7%A7%91_%E9%99%88%E5%89%91%E8%BE%89_%E6%AD%A3%E9%AB%98.jpg?itok=JbAvTaph,TRUE,0,,,,胃肠外科疾病微创手术与快速康复治疗,该医生任国际胃癌协会会员及多个省级医学会委员，曾在美国Dana-Farber Cancer Institute和Brigham and Women's Hospital访问学习，发表SCI论文32篇，主持国家及省市基金10项。
aefcf303-9f77-4a43-ba2b-f0b353e4778d,,蔡世荣,"主任医师, 教授, 博士生导师",中山大学附属第一医院,胃肠外科一科,"食道肿瘤规范化手术治疗与综合治疗, 胃肿瘤规范化手术治疗与综合治疗, 胰腺肿瘤规范化手术治疗与综合治疗, 结直肠肿瘤规范化手术治疗与综合治疗, 胃肠间质瘤规范化手术治疗与综合治疗, 腹膜后肿瘤规范化手术治疗与综合治疗, 胃癌标准及扩大根治手术, 直肠癌标准及扩大根治手术, 保功能手术, 腹腔镜胃肠道疾病诊断和治疗, 消化道内镜胃肠道疾病诊断和治疗, 胸腹腔镜联合食道癌根治手术, 进展期胃癌腹腔镜下根治手术, 保留脾脏的胰体尾肿瘤切除, 机器人胃肠道肿瘤手术, 胃肠道肿瘤微创手术治疗, 胃肠间质瘤手术治疗和辅助治疗, 外科病人围手术期营养支持, 手术病人快速康复外科, 结直肠癌肝转移综合治疗, 胃癌淋巴结转移规律研究, 胃癌发病转移机制研究",该医生于2000年中山医科大学临床博士毕业，一直从事胃肠胰腺外科临床工作。1994年至1997年在中山医科大学附属第一医院攻读外科学硕士学位，1997年至2000年攻读外科学博士学位。2000年至2003年任讲师、主治医师，2003年至2009年任副教授、副主任医师、硕士研究生导师，2009年起任教授、主任医师、博士研究生导师。2010年赴美国加州大学（UTLC）、2012年赴美国德州大学（UT）西南医学中心参观学习。现任中山大学附属第一医院胃肠外科中心主任、胃肠外科专科主任，中山大学胃癌诊治研究中心副主任，中山大学附属第一医院胃肠间质瘤中心副主任。担任国际胃癌协会（IGCA）会员，中华医学会外科学分会全国胃肠外科学组委员，中华医学会肿瘤学分会胃肠肿瘤学组委员，中国抗癌协会胃癌专业委员会常委、外科学组副组长，中国抗癌协会胃肠间质瘤专业委员会委员，首届国家结直肠肿瘤质控专家委员会委员，中国医师协会结直肠肿瘤医师分会临床技能专委会副主任委员，中国医师协会外科学分会上消化道外科医师委员会委员，中国医疗保健国际交流促进会外科分会委员，中国研究型医院学会消化道肿瘤专业委员会委员，中国研究型医院学会机器人与腹腔镜外科专业委员会委员，中国成人教育协会医学继续教育专业委员会理事，广东省医学会胃肠外科学分会主任委员，广东省抗癌协会胃癌专业委员会副主任委员，广东省医师协会胃肠外科医师分会副主任委员，广东省中西医结合学会胃肠外科专业委员会副主任委员，广东省中西医结合学会围手术期专业委员会副主任委员，广东省医师协会外科学分会常务委员。担任《消化肿瘤杂志（电子版）》副主编兼编辑部主任，《中华实验外科杂志》编委，《中国实用外科杂志》特约编委，《中华医学杂志》通讯编委，国家自然科学基金评委、中华医学及华夏医学科技奖评审委员。主持国家自然科学基金4项、广东省自然科学基金5项，发表论文80余篇，其中SCI论著40余篇，培养硕士博士研究生20余人。主编人民卫生出版社《消化肿瘤诊断与治疗》、《胃癌淋巴转移》、《住院医师英语手册》，参编《胃癌外科学》、《胃肠外科学》。2019年获“胃癌个体化治疗关键技术的创新与推广应用”广东省科技进步奖一等奖，2018年获“胡润·平安中国好医生”，2016年获“羊城好医生”称号，2007年获“直肠癌保功能手术提高患者生存质量的系列研究”广东省科学技术一等奖，2009年获“进展期胃癌外科治疗及应用基础研究”广东省科学技术二等奖，2005年获“提高胃癌外科疗效的临床与基础研究”中华医学奖二等奖和广东省科技进步奖二等奖。,https://www.fahsysu.org.cn/sites/1h.prod.sysucloud1.sysu.edu.cn/files/styles/focal_point_480/public/043314.jpg?itok=RIfeZ_KK,TRUE,0,,,,胃肠胰腺肿瘤规范化手术与微创治疗,中山医科大学临床博士毕业，现任中山大学附属第一医院胃肠外科中心主任、教授、主任医师、博士生导师。从事胃肠胰腺外科临床工作20余年，担任多个国家级和省级学术组织重要职务，主持国家及省级科研项目9项，发表论文80余篇，培养研究生20余人，获多项省部级科技进步奖。
443203b0-7556-4d5d-9504-ac25efefe975,,侯洵,主任医师,中山大学附属第一医院,胃肠外科一科,"胃肠道肿瘤的外科治疗, 胃肠道肿瘤的综合治疗, 消化道内镜诊疗, 消化系统恶性肿瘤的临床与基础研究",该医生于2010年至2013年在中山大学附属第一医院攻读外科学博士学位。自2013年起，先后在该院胃肠外科中心担任住院医师、主治医师，并于2019年晋升为副主任医师至今。他目前承担国家自然科学基金和广东省自然科学基金各1项，担任中山大学附属第一医院基础外科学院顾问教官。在学术方面，他在国内外杂志发表中英文学术论文十余篇，并于2019年获欧洲医学教育联盟(AMEE) Specialist in Medical Education & Associate Fellow of AMEE称号。此外，他多次获得院级优秀教师、十佳教师称号，并于2013年获中山大学青年教师授课大赛全英组一等奖。,https://www.fahsysu.org.cn/sites/1h.prod.sysucloud1.sysu.edu.cn/files/styles/focal_point_480/public/034839_1.jpg?itok=iLwK_Zdp,TRUE,0,,,,胃肠道肿瘤外科治疗与内镜诊疗,中山大学外科学博士，现任中山大学附属第一医院胃肠外科中心副主任医师。承担国家及省级自然科学基金项目，担任医院基础外科学院顾问教官，发表学术论文十余篇，获欧洲医学教育联盟称号及多项教学奖项。
5f3096e2-732d-4277-9254-5f23d9bae905,,何裕隆,"主任医师, 教授",中山大学附属第一医院,胃肠外科一科,"胃癌外科治疗, 胃肠间质瘤外科和综合治疗, 结直肠肿瘤诊治, 结直肠息肉及息肉病诊治, 炎症性肠病诊治, 肛门良性疾病诊治, 胰腺疾病诊治, 腹膜后肿瘤诊治, 食道癌诊治, 食道良性疾病诊治, 达芬奇机器人手术, 腹腔镜手术, 消化道内镜诊断治疗",该医生1984年毕业于中山医科大学并留校工作，1996年赴香港大学进修，2001年至2002年在美国Utah大学从事博士后研究。1997年至2003年任中山医科大学附属第一医院外科副教授、副主任医师，2003年至今任中山大学附属第一医院外科教授、主任医师。历任中山大学附属第一医院院长办公室副主任、胃肠胰专科主任、外科主任、院长助理、胃肠外科中心主任，2008年起担任中山大学胃癌诊治研究中心主任。现任亚洲外科学会会员、中华医学会外科学分会委员、中华医学会外科学分会胃肠外科学组副组长、中国医师协会外科医师分会上消化道外科医师委员会副主任委员兼秘书长、中国抗癌协会胃癌专业委员会副主任委员、中国临床肿瘤学会胃肠间质瘤专家委员会副组长、中国医师协会第二届医学教育委员会委员，以及广东省医学会胃肠外科学分会主任委员等多个省级学术职务。担任《消化肿瘤杂志》主编、《中华胃肠外科杂志》副主编等10余种杂志编委。在Cancer Research、International Journal of Cancer等国际期刊发表论文350余篇，主编《胃癌淋巴转移》、《直肠癌保肛手术》等专著。曾获中华医学会医学科技进步二等奖、广东省科技进步一等奖等多项奖励。,https://www.fahsysu.org.cn/sites/1h.prod.sysucloud1.sysu.edu.cn/files/styles/focal_point_480/public/%E4%BD%95%E8%A3%95%E9%9A%86.jpg?itok=3RLuCptK,TRUE,0,,,,胃癌外科治疗、胃肠间质瘤综合治疗、结直肠肿瘤诊治,中山医科大学毕业，现任中山大学附属第一医院外科教授、主任医师、胃肠外科中心主任，兼任中山大学胃癌诊治研究中心主任。担任中华医学会外科学分会胃肠外科学组副组长、中国抗癌协会胃癌专业委员会副主任委员等国家级学术职务。发表SCI论文350余篇，主编多部专著，曾获中华医学会医学科技进步二等奖、广东省科技进步一等奖等多项奖励。
c5a416da-7b23-455b-9691-7ff7594f4657,,李引,主任医师,中山大学附属第一医院,胃肠外科一科,"胃肠胰外科, 疝外科, 消化道恶性肿瘤扩大根治性手术, 腔镜下微创手术治疗, 胰腺癌及神经内分泌肿瘤手术治疗, 腹膜后疑难恶性肿瘤手术治疗, 复杂腹壁缺损修补手术, 常见胃肠肛门良性疾病疑难病例手术治疗, 胃肠腺瘤性息肉内镜下诊治",该医生1991年至1996年在广州医科大学临床医疗系获得本科学历，1996年至2001年在广州医科大学附属荔湾医院外科担任住院医师并获主治医师资格，2001年至2004年在中山大学附属第一医院胃肠胰外科学习并获得硕士学位，2004年起在中山大学附属第一医院工作至今，2013年博士毕业，同年晋升为副主任医师，2024年晋升为主任医师。社会兼职包括广东省医学会外科学分会委员、广东省临床医学会结直肠外科专业常委、广东省保健协会肛肠保健分会常委、广东省健康管理学会胃肠病学专业常委、广州市医学会医疗事故技术鉴定和医疗损害鉴定专家库成员。以第一作者或通讯作者发表SCI及省级以上杂志论文10余篇。,https://www.fahsysu.org.cn/sites/1h.prod.sysucloud1.sysu.edu.cn/files/styles/focal_point_480/public/2025-04/%E8%83%83%E8%82%A0%E5%A4%96%E7%A7%91%E4%B8%80%E7%A7%91_%E6%9D%8E%E5%BC%95_%E6%AD%A3%E9%AB%98_%E6%9D%8E%E5%BC%95%E6%95%99%E6%8E%88%E5%8F%91%E6%9D%A5%E7%99%BD%E5%BA%95%E7%85%A7.jpg?itok=LVGyHJCU,TRUE,0,,,,胃肠胰外科和疝外科疾病诊治,广州医科大学本科毕业，中山大学硕士和博士，现任中山大学附属第一医院主任医师，从事胃肠胰外科和疝外科临床工作近30年，担任多个省级医学会常委和委员，发表SCI及省级以上论文10余篇。
0541410d-5a5c-43ad-a40a-e65d9bbe538d,,吴晖,"主任医师, 副教授",中山大学附属第一医院,胃肠外科一科,"食管癌规范手术及综合治疗, 胃癌规范手术及综合治疗, 结直肠肛管癌规范手术及综合治疗, 胃肠间质瘤规范手术及综合治疗, 炎症性肠病规范手术及综合治疗, 胃肠道肿瘤腹腔镜治疗, 胃肠道肿瘤内镜治疗, 食管恶性肿瘤及良性疾病治疗, 胃恶性肿瘤及良性疾病治疗, 小肠恶性肿瘤及良性疾病治疗, 结直肠恶性肿瘤及良性疾病治疗, 肛门恶性肿瘤及良性疾病治疗, 盆腹腔恶性肿瘤及良性疾病治疗, 腹膜后恶性肿瘤及良性疾病治疗, 复发性胃肠道肿瘤再手术治疗, 盆腔肿瘤再手术治疗, 胃肠道术后并发症再手术治疗",该医生于2001年至2004年在中山大学附属第一医院攻读硕士学位，2005年至2008年在同一医院攻读博士学位。2008年至2013年担任中山大学附属第一医院胃肠外科主治医师，2013年至今担任该院胃肠外科副教授、副主任医师。在学术研究方面，主要从事胃肠道恶性肿瘤的基础和临床研究、胃肠道及盆腔腹腔复发性肿瘤的外科临床研究、炎性肠病的外科临床研究。已发表多篇学术论文，包括在《J Surg Oncol》、《Med Oncol》、《中华外科杂志》、《中华医学杂志》等期刊上发表的代表性论著。参编了《胃癌淋巴结转移》、《外科临床手册》、《危重症患者的营养支持》、《普通外科特色诊疗技术》、《实用胃肠恶性肿瘤诊疗学》等专著。曾获得广东省科学技术二等奖（进展期胃癌外科治疗及应用基础研究）。,https://www.fahsysu.org.cn/sites/1h.prod.sysucloud1.sysu.edu.cn/files/styles/focal_point_480/public/115329.jpg?itok=KrC66Ic8,TRUE,0,,,,胃肠道肿瘤外科治疗及腹腔镜内镜技术,中山大学医学博士，现任中山大学附属第一医院胃肠外科副教授、副主任医师。长期从事胃肠道恶性肿瘤、复发性肿瘤及炎性肠病的外科临床研究，发表多篇SCI及核心期刊论文，参编多部专著，曾获广东省科学技术二等奖。
f9ac7278-1cb3-4046-98e8-dbe905764800,,李广华,副主任医师,中山大学附属第一医院,胃肠外科一科,"胃癌外科根治性手术及综合治疗, 结肠癌外科根治性手术及综合治疗, 直肠癌外科根治性手术及综合治疗, 食管癌外科根治性手术及综合治疗, 胃肠间质瘤外科根治性手术及综合治疗, 小肠肿瘤外科根治性手术及综合治疗, 遗传性家族性息肉病外科治疗, 林奇综合征外科治疗, 胃十二指肠溃疡疤痕梗阻治疗, 肠梗阻治疗, 腹股沟疝治疗, 腹壁疝治疗, 切口疝治疗, 食管裂孔疝治疗, 胃食管反流病微创外科治疗, 快速康复外科",该医生于2015年博士毕业于中山大学，一直从事外科临床工作，2020年获聘副主任医师。主要研究领域为消化道恶性肿瘤的发病机制及治疗，致力于胃癌侵袭转移，尤其是消化道肿瘤与炎症微环境相关方面的研究。在胃癌的炎症微环境及分子生物学等方面有比较丰富的研究经验。至今已主持1项国家自然科学青年基金及1项省部市级基金资助课题的研究，已在SCI收录杂志发表论文20余篇，其中第一作者或通讯作者论文12篇。曾获2013年度中山大学优秀研究生奖、2014年度国家优秀研究生奖学金、2015年广东省优秀博士毕业生，并获得中山大学附属第一医院青年人才支持项目。,https://www.fahsysu.org.cn/sites/1h.prod.sysucloud1.sysu.edu.cn/files/styles/focal_point_480/public/%E6%9D%8E%E5%B9%BF%E5%8D%8E_0.jpg?itok=eCOiNtLi,TRUE,0,,,,消化道肿瘤外科手术及微创治疗,中山大学博士，副主任医师，从事外科临床工作。主要研究消化道恶性肿瘤发病机制，主持国家及省部级基金项目，发表SCI论文20余篇，其中第一作者或通讯作者12篇。曾获国家优秀研究生奖学金、广东省优秀博士毕业生等荣誉。
88bf3cab-d2cd-4ee9-832a-7606d1e35c2d,,叶锦宁,副主任医师,中山大学附属第一医院,胃肠外科一科,"胃癌微创手术治疗, 结直肠癌微创手术治疗, 胃肠间质瘤外科手术, 腹膜后肿瘤联合脏器切除手术, 腹部良性疾病外科治疗, 胃癌与免疫调控研究, 胃肠道肿瘤临床研究",该医生毕业于北京大学医学部本博八年制（2003-2011年），现任中山大学附属第一医院胃肠外科中心副主任医师。曾在该院胃肠胰外科担任住院医师（2011-2014年）和胃肠外科中心主治医师（2015-2020年）。担任广东省医学会消化道肿瘤学青委会委员、广东省医学会教育协会普外委员会委员、广东省健康管理协会消化内镜MDT专业委员会常务委员、广东省健康管理学会胰腺疾病专业委员会委员等社会兼职。长期从事胃癌与免疫调控相关的基础与临床研究，重点探究胃癌的临床及基础研究，共发表第一作者或通讯作者SCI论文10余篇，参与多项国家自然科学基金项目。,https://www.fahsysu.org.cn/sites/1h.prod.sysucloud1.sysu.edu.cn/files/styles/focal_point_480/public/2022-06/%E8%83%83%E8%82%A0%E5%A4%96%E7%A7%91%E4%B8%80%E7%A7%91%20%E5%8F%B6%E9%94%A6%E5%AE%81%20%E5%89%AF%E9%AB%98.jpg?itok=UZNcrCWv,TRUE,0,,,,胃肠肿瘤微创手术及临床研究,北京大学医学部本博八年制毕业，现任中山大学附属第一医院胃肠外科中心副主任医师，从事胃肠外科临床工作十余年。担任多个省级医学会委员，长期从事胃癌与免疫调控研究，发表SCI论文10余篇，参与多项国家自然科学基金项目。
888f4f2a-5ce1-4a78-9e7e-d94746566a32,,翟二涛,副主任医师,中山大学附属第一医院,胃肠外科一科,"胃肠道恶性肿瘤临床与基础研究, 胃、小肠、结直肠等消化道常见肿瘤规范化手术及综合治疗, 腹膜后肿瘤规范化手术及综合治疗, 腹外疝（腹股沟疝、切口疝、白线疝等）诊疗, 肛瘘诊疗, 痔疮诊疗, Borrmann IV型或硬化性胃癌临床诊治",该医生于2016年至2018年在中山大学附属第一医院胃肠外科中心从事博士后研究工作，后留院从事胃肠外科临床工作至今，2024年获聘副主任医师。担任广东省基层医药学会胃肠病专委会常委。研究方向为胃肠道恶性肿瘤（胃癌、小肠癌、结直肠癌、胃肠道间质瘤）的基础与临床研究，以及Borrmann IV型或硬化性胃癌以外科手术为核心的临床研究。科研方面，主持国家自然科学基金项目1项、省部级科研项目3项、地厅级基金项目1项，并在IntJ Cancer、Oncogenesis、Cancer Commun等杂志发表多篇SCI学术论著。,https://www.fahsysu.org.cn/sites/1h.prod.sysucloud1.sysu.edu.cn/files/styles/focal_point_480/public/2024-07/%E8%83%83%E8%82%A0%E5%A4%96%E7%A7%91-%E7%BF%9F%E4%BA%8C%E6%B6%9B-%E5%89%AF%E4%B8%BB%E4%BB%BB%E5%8C%BB%E5%B8%88.jpg?itok=Fl7mUEfl,TRUE,0,,,,胃肠道恶性肿瘤及消化道疾病诊疗,中山大学附属第一医院胃肠外科中心博士后，2024年获聘副主任医师，担任广东省基层医药学会胃肠病专委会常委。研究方向为胃肠道恶性肿瘤的基础与临床研究，主持多项国家级及省部级科研项目，发表多篇SCI论文。
14184e9d-a05d-4b7f-a1b9-85d66c87dcc1,,陈创奇,主任医师,中山大学附属第一医院,胃肠外科二科/,"胃癌规范化手术治疗与综合治疗,胰腺肿瘤规范化手术治疗与综合治疗,结直肠肿瘤规范化手术治疗与综合治疗,胃肠间质瘤规范化手术治疗与综合治疗,腹腔镜/机器人胃癌根治术,腹腔镜/机器人结直肠癌根治术,胰十二指肠切除术,腹外疝诊治,肠梗阻诊治,消化道大出血诊治,炎性肠病并发症外科诊治,胃肠外科手术并发症诊治,肛瘘诊治,痔疮诊治",该医生于1987年至1993年在中山医科大学临床医疗系完成本科学习，1997年至1999年在中山医科大学附属第一医院攻读外科学硕士学位，1999年至2002年在中山大学附属第一医院攻读外科学博士学位。2002年至2005年在美国宾夕法尼亚大学医学院从事博士后研究，2009年在瑞典林雪萍大学医院进修胃肠胰外科。1993年至1999年在中山医科大学附属第一医院外科担任住院医师，1999年至2005年在中山大学附属第一医院胃肠外科担任主治医师，2005年至2010年在该院胃肠外科担任副教授，2010年至今在中山大学附属第一医院胃肠外科中心担任主任医师。现任中山大学《灾难医学》教研室主任、中山大学附属第一医院胃肠外科中心副主任兼结直肠外科主任，担任国际胃癌协会委员、全国卫生产业企业管理协会外科技术创新与推广分会加速康复外科专业委员会第一届主任委员、中国抗癌协会第五届胃癌专业委员会加速康复外科学组副组长、中国研究型医院学会数字医学临床外科专业委员会数字化微创学组副组长、国家结直肠癌质量控制委员会委员、中华结直肠外科学院第一届学术委员会委员、中国医疗保健国际交流促进会加速康复外科学分会加速康复外科胃肠学组委员、中国医药教育协会加速康复外科专业委员会委员、中国研究型医院学会加速康复外科专业委员会胃肠学组委员、中国医师协会外科医师分会结直肠外科医师、肛肠外科医师、加速康复外科委员会第一届委员会委员、粤港澳大湾区ERAS医师联盟第一届主任、广东省医师协会加速康复外科医师分会第一届主任委员、中国NOSES联盟广东分会副理事长、广东省抗癌协会大肠癌专业委员会副主任委员、广东省保健协会肛肠保健分会副主任委员、广东省医师协会加速康复外科医师分会第一届委员会青年专业组组长、广东省临床医学学会结直肠外科专业委员会副主任委员、广东省医学教育协会普通外科学专业委员会常务委员、广东省医学会结直肠肛门外科学分会常务委员，并担任《中山大学学报（医学版）》、《中华生物医学工程杂志》、《中华临床医师杂志(电子版)》、《消化肿瘤杂志（电子版）》、《机器人外科学杂志》等杂志编委或常务编委。在省级以上杂志发表第一作者或通讯作者论文68篇，其中SCI论文9篇，主编《外科学临床见习精要》、《现代灾难医学》、《实习医生临床技能手册》和《加速康复外科理念在胃肠外科中的临床应用最新进展》四部教材或专著，副主编教材《医科实习生临床技能手册》和《临床技能模拟训练教程》两部，副主译《消化道肿瘤诊断与治疗》一部。主持的“提高胃癌外科疗效的基础与临床研究”获2005年中华医学科技二等奖和2006年广东省科技进步二等奖，“直肠癌保功能手术提高患者生存质量的系列研究”获2006年广东省科技进步一等奖，“利用网络教学资源的外科学教学改革研究”获2008年中山大学校级教学成果奖一等奖，“胃癌个体化治疗关键技术的创新与推广应用”获2018年广东省科技进步奖一等奖，多次荣获医院“优秀教师”或“优秀教学管理人员”，并拥有实用新型专利“一种包皮环切吻合器”。,https://www.fahsysu.org.cn/sites/1h.prod.sysucloud1.sysu.edu.cn/files/styles/focal_point_480/public/042145.jpg?itok=zIB_Im9E,TRUE,0,,,,胃肠外科与结直肠外科疾病诊治,中山大学医学博士，美国宾夕法尼亚大学医学院博士后，现任中山大学附属第一医院胃肠外科中心主任医师、结直肠外科主任。长期从事胃肠外科临床与教学工作，担任国际胃癌协会委员、全国加速康复外科专业委员会主任委员等多项学术职务，发表论文68篇，主编专著4部，获中华医学科技奖、广东省科技进步奖等多项奖励。
4373db8b-9c47-4f73-a165-fcda5b5ff229,,马晋平,"主任医师, 教授, 博士生导师",中山大学附属第一医院,胃肠外科二科,"腹腔镜胃癌根治术, 胃肠间质瘤切除术, 结肠癌腹腔镜根治术, 直肠癌腹腔镜根治术, 肠癌保功能根治术, 机器人辅助胃肠肿瘤根治手术, 胰腺良恶性疾病外科治疗, 胰十二指肠切除术, 食管中下段癌根治术, 十二指肠良恶性肿瘤外科治疗, 腹股沟疝外科治疗, 切口疝外科治疗, 肛肠常见疾病治疗, 减重代谢手术",该医生1988年至1993年就读于山西医学院医疗系，1995年至1998年在中山医科大学附属第一医院攻读外科学硕士研究生，1997年获卫生部·日本第一制药优秀研究生和中山医科大学优秀研究生称号，毕业后以优异成绩留在中山大学附属第一医院胃肠外科工作至今。1999年获主治医师资格，2003年6月获中山大学临床医学博士学位，同年获广东省南粤优秀博士研究生奖学金。2000年赴麻省大学医学中心普通外科进修学习，2003年在香港大学玛丽医院外科学系进修学习。2005年晋升外科副教授，2013年晋升主任医师。2017年担任中山大学附属第一医院内镜中心副主任，2018年参与中山大学附属第一（南沙）医院筹建，担任该院副院长、胃肠外科执行主任。社会兼职包括广州市第十四届政协委员、民盟广东省委委员、中华医学会科学普及分会委员、中国医师协会医学科普分会常委、广东省医学会消化肿瘤分会副主任委员、广东省医学会医学科普分会候任主委等。担任《中华胃肠外科杂志》《中华结直肠外科电子杂志》等多家医学期刊编委，是知名健康科普平台“兰世亭”创始人。主编《胃肠健康那些事》等多部专著，发表多篇SCI论文，获国家专利27项，其中发明专利16项。曾获广东省科技进步二等奖、广东省医学科技奖科普奖、广州市优秀科普图书奖、广东省十大科学传播达人等多项荣誉。,https://www.fahsysu.org.cn/sites/1h.prod.sysucloud1.sysu.edu.cn/files/styles/focal_point_480/public/043040.jpg_.png?itok=gean5fSD,TRUE,0,,,,胃肠胰腺外科疾病微创手术及减重代谢手术,中山大学临床医学博士，现任中山大学附属第一医院胃肠外科主任医师、博士生导师，中山大学附属第一（南沙）医院副院长、胃肠外科执行主任。从事胃肠外科临床工作二十余年，曾赴美国麻省大学医学中心和香港大学玛丽医院进修。担任多项社会职务，包括广州市政协委员、多个医学会副主任委员等。主编多部医学专著，发表SCI论文多篇，获国家专利27项，荣获广东省科技进步二等奖、广东省医学科技奖科普奖等多项荣誉。
07f01422-318d-4d72-a7fb-d6537c090894,,宋新明,"主任医师, 教授, 博士生导师",中山大学附属第一医院,胃肠外科二科,"结直肠癌的微创外科手术, 超低位直肠癌的极限保肛手术, 胃癌的微创外科手术, 规范化外科手术治疗, 胃肠间质瘤的外科手术治疗, 胰腺肿瘤的外科手术治疗, 炎性肠病微创外科手术, 胃肠外科疑难病例处理, 腹腔巨大肿瘤联合脏器切除, 胃肠外科营养支持治疗",该医生于1980年至1988年在第三军医大学完成临床本科和外科学硕士学业，1994年至1997年在中山医科大学附一院胃肠外科获得博士学位。曾于2005年参加亚太微创外科技术培训（香港），2011年赴美国哈佛大学参观学习。1988年至2003年在广州军区广州总医院外科历任住院医师、主治医师、副主任医师，2003年至今担任副主任医师、主任医师、教授、博士生导师及专科副主任。现任广东省临床医学学会结直肠专委会主任委员、中国医师协会结直肠肿瘤专委会微创解剖学组委员、广东省健康管理学会理事及胃肠病分会副主任委员、广东省医疗行业协会结直肠肛门外科管理分会副主任委员、广东省胃肠外科学分会常委、广东省抗癌协会大肠癌专业委员常委、广东省医疗行业协会微创外科管理分会常委、粤港澳大湾区ERAS医师联盟第一届成员、中华创伤学会组织修复学委员会常委，并担任《中华普通外科手术学杂志》《中华普通外科文献》《消化肿瘤杂志》《世界华人消化杂志》《中华实验外科杂志》编委及《中华胃肠外科杂志》第二、三届编委。发表论文100余篇，其中SCI论文20余篇，参编《胃肠外科手术学》《胃癌外科学》等六部专著。获广东省科技进步一等奖、二等奖、三等奖各1项，军队科技进步二等奖、三等奖各2项，获国家自然基金1项、广东省科技计划重点项目1项、广东省自然基金5项，并荣获“羊城好医生”和“胡润·平安中国好医生”称号。,https://www.fahsysu.org.cn/sites/1h.prod.sysucloud1.sysu.edu.cn/files/styles/focal_point_480/public/042827.jpg?itok=4Z3DyMsn,TRUE,0,,,,胃肠外科微创手术及肿瘤综合治疗,第三军医大学临床本科及外科学硕士，中山医科大学附一院胃肠外科博士。现任广州军区广州总医院胃肠外科主任医师、教授、博士生导师及专科副主任，兼任广东省临床医学学会结直肠专委会主任委员等多项学术职务。发表论文100余篇（SCI 20余篇），参编专著六部，获多项省部级科技进步奖及基金项目，荣获“羊城好医生”等称号。
a6d5cef8-fc05-4666-ad4b-a5e1f6cac28e,,王昭,主任医师,中山大学附属第一医院,胃肠外科二科,"消化道恶性肿瘤外科处理, 结直肠癌规范化手术治疗, 胃癌规范化手术治疗, 消化系统神经内分泌肿瘤规范化根治手术和减瘤手术, 胰腺肿瘤手术, 胃肠间质瘤手术",该医生于1999年至2004年在四川大学华西临床医学院完成外科学硕博连读，获临床医学博士学位，期间获得“卫生部·日本第一制药”优秀研究生和“优秀博士研究生”称号。2004年至2006年在中山大学附属第一医院完成临床医学博士后工作，担任讲师/主治医师。2006年至2021年在该院任副教授/副主任医师，2021年至今晋升为主任医师。社会兼职包括国际胃癌协会会员、中国抗癌协会康复会胃肠肿瘤分会委员、广东省临床医学学会微创外科专业委员会常委、广东省抗癌协会神经内分泌肿瘤专业委员会常委、广东省医学会结直肠肛门外科分会委员、广东省医师协会胃肠外科医师工作委员会委员、广州市医学会普通外科学分会常务委员和广州市医学会加速康复外科分会常务委员。在学术方面，发表文章100余篇，包括在《Int J Cancer》、《Ann Surg Oncol》、《Cancer Research》、《Cancer Letter》等高影响因子SCI期刊及国内中华系列权威杂志上，并参与编写专业书籍《胃癌外科学》和《胃癌淋巴转移》。研究成果获得多项科技进步奖，如国家科技进步二等奖、四川省科技进步一等奖、广东省科技进步一等奖和二等奖以及中华医学科技三等奖。,https://www.fahsysu.org.cn/sites/1h.prod.sysucloud1.sysu.edu.cn/files/styles/focal_point_480/public/2024-06/%E8%83%83%E8%82%A0%E5%A4%96%20%E7%8E%8B%E6%98%AD%20%E4%BF%AE%E6%94%B9%E7%99%BD%E5%BA%95.jpeg?itok=QyVYd4i8,TRUE,0,,,,消化道恶性肿瘤外科治疗,四川大学华西临床医学院临床医学博士，中山大学附属第一医院临床医学博士后，现任该院主任医师。从事临床工作多年，在消化道肿瘤领域发表SCI论文100余篇，参与编写专业书籍，研究成果获国家科技进步二等奖等多项奖项，并担任多个学术组织委员。
4d9bc1a3-d6fa-48a7-9417-012ed9ca71ab,,陈志辉,副主任医师,中山大学附属第一医院,胃肠外科二科,"食道肿瘤, 胃肿瘤, 胰腺肿瘤, 结直肠肿瘤, 胃肠间质瘤, 腹膜后肿瘤, 炎症性肠病, 胃肠道疾病, 腹腔镜手术, 消化道内镜, 微创手术, 快速康复",该医生于2002年至2007年在中山大学中山医学院攻读临床医学本科，2007年至2009年在中山大学附属第一医院胃肠外科攻读硕士，2009年至2012年在该院攻读博士。2011年11月至2012年4月在英国牛津大学担任访问学者。自2012年7月起在中山大学附属第一医院胃肠外科工作，历任医师、主治医师，2018年12月起担任副主任医师。社会兼职包括国际胃癌协会会员、中国抗癌协会肿瘤支持专业委员会外科学组委员、广东省临床医学学会结直肠外科专业委员会常委、广东省抗癌协会大肠癌专业委员会委员、广东省医师协会减重与代谢病工作委员会委员、海峡两岸医药卫生交流协会消化道外科专业委员会委员。学术成果方面，参编《加速康复外科理念在胃肠外科中的临床应用新进展》和《普通外科围手术期管理及并发症处理》两部专著，主持和参与多项国家级及省级科研项目，包括国家自然科学基金、广东省自然科学基金、广东省科技计划项目和广东省中医药局课题。,https://www.fahsysu.org.cn/sites/1h.prod.sysucloud1.sysu.edu.cn/files/styles/focal_point_480/public/115444-1.jpg?itok=GiE3-iQ5,TRUE,0,,,,胃肠肿瘤微创手术与综合治疗,中山大学临床医学博士，现任中山大学附属第一医院胃肠外科副主任医师。曾在英国牛津大学访问学习，担任多个专业学会委员，参编专著2部，主持和参与多项国家级及省级科研项目。
31134193-1b83-4b26-961d-16d4c9660615,,彭建军,副主任医师,中山大学附属第一医院,胃肠外科二科,"食管良恶性疾病规范化治疗, 胃良恶性疾病规范化治疗, 结直肠良恶性疾病规范化治疗, 肛肠良恶性疾病规范化治疗, 胃癌手术, 结肠癌手术, 直肠癌手术, 十二指肠癌手术, 食管癌手术, 新辅助治疗, 辅助治疗, 转化治疗, 晚期肿瘤化疗, 复发肿瘤化疗, 靶向药物治疗, 生物免疫治疗, 胃肠肿瘤多学科治疗, 消化内镜诊断技术, 消化内镜治疗技术",该医生2001年本科毕业于郑州大学，2008年博士研究生毕业于中山大学，2008年起在中山大学附属第一医院工作至今。2010年曾作为访问学者赴澳大利亚墨尔本Peter MacCollum Cancer Centre进修。担任中国临床肿瘤学会青年专家委员会委员、中国抗癌协会靶向治疗专业委员会青年委员、中国医药教育协会常务理事、中国医疗保健国际交流促进会消化道肿瘤MDT分会委员、国家食品药品监督管理总局药物临床研究数据核查员、Annals of Oncology子刊Focus on GI tumors编委，并在广东省多个医学协会担任常务委员或委员。以第一或通讯作者发表中英文专业学术论文20余篇，其中SCI论文10篇，承担多项国家和省市科学基金，主持参与30余项国际、国内胃肠道肿瘤多（单）中心临床研究项目，参与的CLASSIC、RESOLVE研究成果被美国NCCN指南、欧洲ESMO指南、中国CSCO指南引用。参编《加速康复外科理念在胃肠外科中的临床应用新进展》（副主编）、《静脉输液港的植入与管理》、《胃癌外科学》、《胃癌淋巴转移》、《胃肠外科学》等专著。曾获2018年度广东省科技进步一等奖，2020年带领团队获得CSCO扬帆远航结直肠癌MDT比赛全国第二名，2013年带领学生参加全国医学生临床技能竞赛并获得全国总冠军，被授予中山大学优秀教官奖，并多次获得中山大学附属第一医院优秀党员、优秀职工等荣誉。,https://www.fahsysu.org.cn/sites/1h.prod.sysucloud1.sysu.edu.cn/files/styles/focal_point_480/public/%E8%83%83%E8%82%A0%E5%A4%96%E7%A7%91%E4%BA%8C%E7%A7%91%E5%BD%AD%E5%BB%BA%E5%86%9B%E5%89%AF%E9%AB%98.jpg?itok=uRSQYGjO,TRUE,0,,,,胃肠道肿瘤手术及综合治疗,中山大学博士，现任中山大学附属第一医院副主任医师。长期从事胃肠道肿瘤临床工作，担任多个国家级和省级医学协会委员，发表SCI论文10篇，主持参与30余项临床研究，研究成果被国际指南引用，曾获广东省科技进步一等奖。
e36b1d2e-6517-4532-b550-82e0d0e27c4c,,王志雄,副主任医师,中山大学附属第一医院,胃肠外科二科,"胃癌规范化手术治疗和综合治疗, 结直肠癌规范化手术治疗和综合治疗, 腹腔肿瘤规范化手术治疗和综合治疗, 腹外疝诊治, 切口疝诊治, 腹股沟疝诊治, 肠梗阻诊治, 肛瘘诊治, 痔疮诊治",该医生毕业于约翰霍普金斯大学联合培养博士项目，现任广州抗癌学会消化道肿瘤青委会委员。以第一作者在Clinical Cancer Research、Cancer Letters、Cancer等杂志上发表多篇SCI论文，主持国家自然基金、省自然基金多项。,https://www.fahsysu.org.cn/sites/1h.prod.sysucloud1.sysu.edu.cn/files/styles/focal_point_480/public/2023-07/%E8%83%83%E8%82%A0%E5%A4%96%E7%A7%91%20%E7%8E%8B%E5%BF%97%E9%9B%84%20%E5%89%AF%E9%AB%98%20%E8%BE%B9%E5%8A%A0%E5%AE%BD.jpg?itok=PPajgNyA,TRUE,0,,,,消化道肿瘤规范化手术治疗和综合治疗,约翰霍普金斯大学联合培养博士，广州抗癌学会消化道肿瘤青委会委员，以第一作者在Clinical Cancer Research、Cancer Letters、Cancer等杂志发表多篇SCI论文，主持国家自然基金、省自然基金多项。
0e1cb698-0d6c-4b9d-9a3e-b817e418afec,,杨世斌,副主任医师,中山大学附属第一医院,胃肠外科二科,"胃肠肿瘤腹腔镜微创手术治疗, 胃肠肿瘤综合性治疗（化疗、靶向、免疫治疗）, 胃肠间质瘤治疗, 良恶性腹部肿瘤治疗, 腹腔镜胃癌根治术, 超低位直肠癌保肛手术, 急诊及并发症处理, 腹股沟疝及各类疝手术, 肛门良性疾病常规治疗（痔疮、肛裂）, 胃肠道良恶性肿瘤膜解剖研究, 胃肠道肿瘤分子通路机制研究",该医生从事胃肠疾病诊治工作近二十年，先后获得中山大学附属第一医院胃肠外科硕士、博士学位，曾赴日本藤田医科大学访问学习腹腔镜微创技术及胃肠癌的综合治疗方案。担任中国医师协会外科医师分会结直肠外科医师委员会青年委员、中国医师协会外科医师分会肛肠医师分会功能疾病专业委员会委员、中国医师协会结直肠肿瘤专业委员会并发症管理委员会委员、广东省医师协会结直肠外科医师分会委员、广东省医疗行业协会胃肠外科管理分会委员、华南遗传性结直肠癌协作组委员、广东省医师协会加速康复外科医师分会委员。发表SCI文章及中文核心杂志多篇，主持/参与国自然、省级、市级科技基金等项目，参与《直肠癌保肛手术》、《结直肠癌术后并发症》等著作的撰写。曾获第六届羊城好医生、多届医院优秀带教老师、优秀教学管理人员等荣誉。,https://www.fahsysu.org.cn/sites/1h.prod.sysucloud1.sysu.edu.cn/files/styles/focal_point_480/public/041432_0.jpg?itok=YFuwWJFQ,TRUE,0,,,,胃肠肿瘤腹腔镜微创手术及综合治疗,中山大学附属第一医院胃肠外科博士，从事胃肠疾病诊治近二十年，曾赴日本藤田医科大学访问学习。担任多个国家级和省级医学会委员，发表多篇SCI论文，主持参与多项科研项目，参与专业著作撰写，曾获羊城好医生等荣誉。
642a4415-0d35-4c31-9d4e-5513d872bd4f,,余红兰,副主任医师,中山大学附属第一医院,胃肠外科二科,"胃肠疾病, 肛肠疾病, 甲状腺疾病, 乳腺疾病, 胃肠肿瘤, 肛肠肿瘤",该医生于1984年毕业，一直从事外科临床工作，1998年在中山医肿瘤防治中心腹部外科中心进修学习1年。目前担任中国抗癌协会肿瘤营养与支持治疗专业委员会委员及秘书、广东省抗癌协会肿瘤营养专业委员会委员、广东省医学会肠外肠内营养学分会老年营养学组副组长。参与编写《围手术期病理生理与临床》并担任副主编，参与多项临床研究工作，获省市级科研课题多项，科研项目《双歧杆菌在化疗引起的黏膜炎中对TLRs信号通路调节的研究》获第48届日本外科代谢与营养学年会优秀论文奖。,https://www.fahsysu.org.cn/sites/1h.prod.sysucloud1.sysu.edu.cn/files/styles/focal_point_480/public/010950.jpg?itok=A_uo7vLr,TRUE,0,,,,胃肠肛肠疾病及肿瘤诊治,1984年毕业，长期从事外科临床工作，1998年在中山医肿瘤防治中心腹部外科中心进修。现任中国抗癌协会肿瘤营养与支持治疗专业委员会委员及秘书、广东省抗癌协会肿瘤营养专业委员会委员、广东省医学会肠外肠内营养学分会老年营养学组副组长。参与编写《围手术期病理生理与临床》并担任副主编，获省市级科研课题多项，其科研项目获第48届日本外科代谢与营养学年会优秀论文奖。
945f1294-f85d-4150-b4ca-83e2283eb8bd,,崔冀,"主任医师, 副教授",中山大学附属第一医院,胃肠外科三科,"胃肠道肿瘤诊断及外科治疗, 胃癌规范化外科治疗, 结直肠肛门肿瘤诊断及规范化手术治疗, 结直肠肛门良性疾病诊断及外科治疗, 胰腺病变外科诊治, 各种疝及腹壁缺损诊断与外科治疗, 外科病人围手术期营养支持, 胃肠道手术后并发症处理",该医生1993年毕业于原中山医科大学（现中山大学医学院）临床医学专业，获学士学位，后获得中山大学胃肠外科学硕士学位和博士学位。长期在中山大学附属第一医院外科工作，经历住院医生培训至主治医师，再晋升至副教授。在国内外核心期刊发表论文20余篇，其中SCI论文3篇，作为主要成员获广东省科技进步奖二等奖和卫生部科技进步奖三等奖。,https://www.fahsysu.org.cn/sites/1h.prod.sysucloud1.sysu.edu.cn/files/styles/focal_point_480/public/080732.jpg?itok=wHzR-ecp,TRUE,0,,,,胃肠外科疾病诊治，尤其胃肠道肿瘤及疝外科治疗,1993年毕业于中山医科大学临床医学专业，获学士学位，后获中山大学胃肠外科学硕士和博士学位。长期在中山大学附属第一医院外科工作，从住院医师晋升至副教授。发表论文20余篇，其中SCI论文3篇，作为主要成员获广东省科技进步奖二等奖和卫生部科技进步奖三等奖。
075ceac1-3a3f-4598-85bf-fc312504ab57,,宋武,"主任医师, 教授, 博士生导师",中山大学附属第一医院,胃肠外科三科,"机器人及腹腔镜下消化道食管癌微创手术, 胃肠间质瘤微创手术, 胃及结直肠道肿瘤微创手术, 胰腺肿瘤微创手术, 减重代谢手术, 袖状胃手术, 胃旁路手术, 肥胖伴II型糖尿病手术, 胃癌扩大腹主动脉周围淋巴结手术, 直肠癌低位及极限ISR及ParK保肛手术, 单孔手术, 减孔手术, NOSES手术, 食管裂孔疝手术, 腹股沟疝切口疝等腹外疝手术, 胃癌综合治疗, 结直肠癌综合治疗, 胃肠间质瘤综合治疗, 食道疾病综合治疗",该医生1997年临床医学系本科毕业，一直从事外科临床及科研工作，后获得中山大学外科学硕士及博士学位。2014年获聘主任医师，2016年聘教授博士生导师至今，现任胃肠三科科主任，入选第一批广东省医学领军人才和杰出青年医学人才，入选胡润中国好医生等荣誉。担任中华医学会外科分会手术学组委员、中华医学会外科分会青委会委员、中国医师协会微无创分会胃肠外科专委会副主委、中国研究型医院协会结直肠肛门外科分会副主委、中国远程医疗与互联网专委会副主委、广东省医疗行业协会胃肠学组主委、广东省医学会减重代谢学组副主委、广东省医学会外科分会胃肠专病学组组长、广东省医师协会微创外科分会副主委、广东省抗癌协会腹腔热灌注副主委、广东省抗癌协会遗传性肠癌协作组副主委、中国抗癌协会胃癌专业委员会腹腔镜学组委员、中国临床肿瘤协会肿瘤微创委员会常委、中国医师协会外科分会微创外科委员会委员、中国医师协会外科分会肿瘤外科专家组成员、中国医师协会内镜医师分会腹腔镜外科专家组成员、中国医师协会专业信息传播和教育工作委员会专家组成员、中国研究型医院协会肿瘤委员会委员、中国老年保健医学研究会胃肠外科分会常委、中华外科青研社胃肠学组成员、中华消化外科菁英会胃肠学组成员。发表第一或通讯作者SCI论著近40篇，其中先后以第一作者及通讯作者在Lancet Oncology、Advanced Science、Cancer Letters、Journal of Translational Medicine、Biomaterials及Oncogene等期刊发表论著。主持国家自然科学基金两项，广东省自然科学基金、省科技计划项目、市科信局产学研重大项目，中山大学5010项目等，成立广东省难治性消化道疾病干细胞治疗工程研究中心，腹腔镜下腹主动脉旁淋巴结清扫获得广州市高新重大技术项目。参与《胃肠外科治疗学》、《胃癌的淋巴道转移》、《腹腔镜胃肠外科笔记》等多个专著编写。2009年度参与的“进展期胃癌外科治疗及应用基础研究”获广东省科学技术二等奖，2010年参与的“进展期胃癌外科治疗临床系列研究”获中华医学会科技进步三等奖，2016年参与“结直肠癌个体化治疗的研究和应用”获中华医学科技奖一等奖，2018年参与“胃癌个体化治疗关键技术的创新与推广应用”获得2018年度广东省科技进步奖一等奖。,https://www.fahsysu.org.cn/sites/1h.prod.sysucloud1.sysu.edu.cn/files/styles/focal_point_480/public/042639.jpg?itok=6e96Rv4r,TRUE,0,,,,胃肠外科微创手术、减重代谢手术及消化道肿瘤综合治疗,中山大学外科学博士，现任胃肠三科科主任、主任医师、教授、博士生导师，入选广东省医学领军人才。担任多个国家级和省级医学会委员，发表SCI论文近40篇，主持多项国家级和省级科研项目，获广东省科技进步奖一等奖等多项荣誉。
b17b314b-7b8c-45e0-96e2-bbd2d9a6c194,,谭敏,"主任医师, 教授",中山大学附属第一医院,胃肠外科三科,"消化道肿瘤诊断与手术治疗, 胃肠道良恶性肿瘤诊断与治疗, 胃癌D2根治术和扩大根治术, 结肠癌根治术, 直肠癌根治术, 家族性息肉病手术治疗, 消化道肿瘤微创手术, 腹腔镜及机器人手术系统胃癌根治术, 腹腔镜结肠癌根治术, 腹腔镜直肠癌根治术, 胃肠道良性疾病腹腔镜胃底折叠术, 2型糖尿病及单纯性肥胖减重手术, 食管裂孔疝手术, 腹股沟疝手术, 脐疝手术, 切口疝手术, 造口旁疝手术",该医生于1994年中山医科大学外科博士研究生毕业，毕业后一直在其附属第一医院外科工作，历任讲师、副教授、教授。现任胃肠外科中心副主任、结直肠肛门疝外科主任。1996年3月至6月在香港中文大学医学院威尔斯亲王医院外科、香港基督教联合医院外科及东区尤德夫人那打素医院外科进修。1997年至1998年作为高级访问学者在日本神户大学医学部附属病院外科学习。自1998年起在中山大学附属第一医院外科工作至今。,https://www.fahsysu.org.cn/sites/1h.prod.sysucloud1.sysu.edu.cn/files/styles/focal_point_480/public/054512.jpg?itok=G-wIeTE0,TRUE,0,,,,消化道肿瘤及疝外科手术治疗,1994年中山医科大学外科博士毕业，历任讲师、副教授、教授，现任胃肠外科中心副主任、结直肠肛门疝外科主任。曾赴香港和日本进修学习，长期在中山大学附属第一医院外科工作。
ddd96722-a67f-4f7d-a614-8a847d26cb05,,徐建波,"主任医师, 教授",中山大学附属第一医院,胃肠外科三科,"胃癌精准手术, 结肠癌精准手术, 直肠癌精准手术, 胃肠间质瘤精准手术, 腹腔镜手术, 机器人手术, 内镜腔镜联合手术, 腹腔镜辅助胃癌D2根治术, 晚期胃癌新辅助化疗, 胃癌D3根治手术, 结直肠肿瘤手术治疗, 家族性息肉病手术治疗, 炎症性肠病手术治疗, 肛门疾病手术治疗, 单孔腹腔镜手术, 减孔腹腔镜手术, NOSES手术, TaTME手术, 腹膜后肿瘤联合脏器切除手术, 盆腔肿瘤联合脏器切除手术, 加速康复外科理念, 围手术期管理, 营养支持",该医生毕业于华中科技大学同济医学院临床医学专业，获学士学位，后于同校攻读外科学硕士学位，并在中山大学附属第一医院获得博士学位。自2010年起在中山大学附属第一医院工作，历任住院医师、主治医师、副主任医师，2021年起担任主任医师。社会兼职包括中国研究型医院协会消化肿瘤分会委员、广东省医师协会胃肠外科分会委员、广东省医学会结直肠肛门外科分会青年委员。学术成果方面，以胃癌为主要方向的研究发表于Cancer Research、Cell Mol Gastroenterol Hepatol、Cancer Letters、Int J Cancer等权威期刊及国内顶级期刊，主持国家自然科学基金、广东省自然科学基金、广州市科技计划等多项研究项目，获得首批广东省杰出青年医学人才称号，并参与编写《胃癌淋巴结转移》、《消化道肿瘤的诊断与治疗》、《实用胃肠恶性肿瘤诊疗学》等专著，2018年获广东省科技进步一等奖。,https://www.fahsysu.org.cn/sites/1h.prod.sysucloud1.sysu.edu.cn/files/styles/focal_point_480/public/%E8%83%83%E8%82%A0%E5%A4%96%E7%A7%91%E4%B8%80%E7%A7%91%20%E4%B8%BB%E4%BB%BB%E5%8C%BB%E5%B8%88%20%E5%BE%90%E5%BB%BA%E6%B3%A2.jpg?itok=hwYh2wf4,TRUE,0,,,,胃肠外科疾病精准手术与微创治疗,华中科技大学同济医学院临床医学学士、外科学硕士，中山大学附属第一医院博士，现任该院主任医师。从事胃肠外科临床工作多年，历任住院医师至主任医师。担任中国研究型医院协会消化肿瘤分会委员等社会职务，主持多项国家级和省级科研项目，发表多篇高水平学术论文，参与编写多部专著，2018年获广东省科技进步一等奖。
616440f4-4efc-4d7a-9dc9-342e5e5f55cd,,张信华,主任医师,中山大学附属第一医院,胃肠外科三科,"腹腔软组织肿瘤, 腹膜后肿瘤, 胃肠间质瘤, 结直肠癌, 胃癌, 胰腺肿瘤, 疝, 腹腔软组织肉瘤, 机器人或腹腔镜微创手术, 广泛腹膜后淋巴结廓清, 超低位保留肛门的直肠癌根治术",该医生先后取得中山大学临床医学七年制硕士和外科学博士学位，2013年曾作为访问学者赴美国哈佛大学附属Dana-Farber癌中心和Brigham and Women's Hospital学习。2018年起担任胃肠外科三科副主任，2025年起担任肿瘤外科主任。社会兼职方面，担任中国抗癌协会胃肠间质瘤专委会副主任委员、中国临床肿瘤学会（CSCO）胃肠间质瘤专委会副主任委员、中国抗癌协会青年理事会理事、广东省抗癌协会胃肠间质瘤分会副主任委员、广东省精准医学应用学会胃肠间质瘤分会副主任委员、广东省医师协会结直肠外科医师分会委员、广东省健康管理学会胃肠病学专业委员会委员。学术成果方面，以第一作者或通讯作者在Clin Cancer Res、Eur J Nucl Med Mol Imaging、Int J Surg、Cancer、Eur Radiol、Oncologist、Eur J Surg Oncol等国际和国内期刊发表论文超过40篇，参与编写和修订中国临床肿瘤学会(CSCO)胃肠间质瘤诊疗指南、中国抗癌协会(CACA)胃肠间质瘤整合诊治指南、《胃肠间质瘤规范化外科治疗中国专家共识》、《酪氨酸激酶抑制治疗胃肠间质瘤不良反应及处理共识》等指南和专家共识，并参编人民卫生出版社第八版《外科学》本科教辅教材。曾获2018年广东省科技进步一等奖、2013年第七届全国胃癌学术会议青年医师手术比赛一等奖、2014-2019连续6年院级或校级优秀教师、2019年中山大学临床教学技能比赛一等奖、2023年度医院优秀病例大赛特等奖、2024年度医疗质量院长特别奖。,https://www.fahsysu.org.cn/sites/1h.prod.sysucloud1.sysu.edu.cn/files/styles/focal_point_480/public/043748.jpg?itok=vwDC9tbE,TRUE,0,,,,胃肠肿瘤外科治疗，擅长腹腔镜和机器人微创手术,中山大学临床医学硕士和外科学博士，美国哈佛大学访问学者。现任肿瘤外科主任，曾任胃肠外科三科副主任。担任中国抗癌协会胃肠间质瘤专委会副主任委员等多个学术职务。发表SCI论文40余篇，参与编写多项国家级诊疗指南，获广东省科技进步一等奖等多项荣誉。
8c656518-2681-45e7-9f40-f783cae1e83c,,戴伟钢,副主任医师,中山大学附属第一医院,胃肠外科三科,"胃肠外科常见病多发病诊治, 胃肠良恶性肿瘤开放或微创治疗, 直肠肛门良恶性疾病治疗, 腹壁疝和食管裂孔疝治疗, 低位或超低位直肠癌保肛手术, 复发直肠癌扩大手术, 胃肠肿瘤微创治疗和规范化全程管理, 腹壁疝腹股沟疝食管裂孔疝微创治疗, 复发直肠癌综合治疗, 外科营养治疗",该医生在中山大学附属第一医院胃肠外科先后取得临床医学外科学硕士和博士学位，2010年至今一直在该院胃肠外科工作。发表中华系列核心杂志期刊论文30余篇，其中SCI论著13篇，获国家发明专利和实用新型专利共5项，参编专著6本并副主编专著1本。担任广东省医学会消化肿瘤学会委员、广东省临床医学会结直肠分会委员、广东省肠道保健协会常委、广东省基层医药学会结直肠委员会委员、中山大学期刊联盟理事及消化肿瘤杂志（电子版）编审。曾获全国优秀病案奖、全国肿瘤营养学青年学者演讲比赛一等奖、中山大学附属第一医院青年教师授课大赛三等奖及全国结直肠精英团队技能邀请赛二等奖。,https://www.fahsysu.org.cn/sites/1h.prod.sysucloud1.sysu.edu.cn/files/styles/focal_point_480/public/2024-05/%E8%83%83%E8%82%A0%E5%A4%96%E7%A7%91%20%E6%88%B4%E4%BC%9F%E9%92%A2%20%E4%BF%AE%E6%94%B9%E7%99%BD%E5%BA%95.jpg?itok=KGN8w9Ir,TRUE,0,,,,胃肠外科疾病诊治，尤其擅长胃肠肿瘤微创治疗,中山大学附属第一医院胃肠外科博士，2010年起在该院工作，发表SCI论文13篇，获专利5项，参编专著7本，担任多个省级医学会委员，多次获得国家级和省级奖项。
28886691-5cd7-4172-b4cb-602a8c8ad005,,孙开宇,副主任医师,中山大学附属第一医院,胃肠外科三科,"胃肠道肿瘤的外科治疗, 胃肠道肿瘤的综合治疗, 胃肠道肿瘤的围手术期管理, 老年胃肠道肿瘤患者的围手术期管理, 复杂胃肠道肿瘤患者的围手术期管理, 胃肠道肿瘤患者的全程管控, 消化系统肿瘤围手术期精准决策治疗研究",该医生于2007年9月至2017年6月在中山大学中山医学院攻读临床医学（八年制）。2015年7月至2017年12月在中山大学附属第一医院胃肠外科担任住院医师，2017年12月至2021年12月在该院胃肠外科担任主治医师，2021年12月至今在该院胃肠外科担任副主任医师。在国内外杂志发表中英文学术论文十余篇，并主持多项基金。,https://www.fahsysu.org.cn/sites/1h.prod.sysucloud1.sysu.edu.cn/files/styles/focal_point_480/public/2022-06/%E5%AD%99%E5%BC%80%E5%AE%87%20%E7%85%A7%E7%89%872%20%282%29.jpg?itok=SzbCb66n,TRUE,0,,,,胃肠道肿瘤外科治疗与围手术期管理,中山大学临床医学（八年制）毕业，现任中山大学附属第一医院胃肠外科副主任医师，历任该院住院医师、主治医师。发表学术论文十余篇，主持多项基金。
f40672be-bc25-4598-aae8-9e3207e8994a,,谭进富,副主任医师,中山大学附属第一医院,胃肠外科三科,"结直肠癌微创及开放手术治疗, 胃癌微创及开放手术治疗, 胃肠间质瘤微创及开放手术治疗, 微创手术治疗肥胖症, 微创手术治疗肥胖性2型糖尿病, 腹股沟疝微创手术治疗, 切口疝微创手术治疗, 脐疝微创手术治疗, 食管裂孔疝微创手术治疗, 胃肠道肿瘤诊断及外科治疗, 胃肠道肿瘤达芬奇机器人手术, 腹腔镜减肥手术, 治疗肥胖性2型糖尿病手术",该医生于1996年至2001年在赣南医学院临床医学系获得学士学位，2001年至2006年在中山大学附属第一医院完成博士（硕博连读）学业。2006年7月起在中山大学附属第一医院工作，历任微创外科、疝与腹壁外科中心住院医师、主治医师，胃肠外科中心、胃肠外科三科主治医师、副主任医师。2012年和2013年分别在香港大学玛丽医院和香港东区尤德夫人那打素医院进行外科进修。社会兼职方面，担任英国爱丁堡皇家外科学院委员、香港外科学院委员、广东省临床医学会结直肠外科专委会常务委员兼秘书长、广东省医学会结直肠肛门外科学分会委员、广东省医学会微创外科学分会常务委员兼普外学组副组长、广东省医师协会减重与代谢病分会常务委员、广东省医师协会疝和腹壁外科医师分会常务委员兼青年医师专业组副组长、广东省医师协会疝和腹壁外科医师分会食管裂孔疝学组组员、粤港澳大湾区疝外科医师联盟委员。学术成果方面，参编或参译了《腹腔镜结直肠手术技巧》、《腹腔镜结直肠手术》、《Chassin结直肠肛门手术策略与操作图解》、《肝胆胰脾外科并发症学》、《加速康复外科理念在胃肠外科中的临床应用新进展》等专著或译著。,https://www.fahsysu.org.cn/sites/1h.prod.sysucloud1.sysu.edu.cn/files/styles/focal_point_480/public/041844.jpg_.png?itok=b45EuQIo,TRUE,0,,,,胃肠道肿瘤微创手术、肥胖症及疝病微创治疗,中山大学附属第一医院博士，现任该院胃肠外科中心副主任医师。曾在香港大学玛丽医院和香港东区尤德夫人那打素医院进修。担任英国爱丁堡皇家外科学院委员、香港外科学院委员及多个广东省医学会和医师协会的常务委员、秘书长等职务，参编多部腹腔镜手术专著。
67c92b4c-fac9-42a3-bd1f-f3c07cdb749c,,魏哲威,副主任医师,中山大学附属第一医院,胃肠外科三科,"消化道肿瘤诊断与外科治疗, 遗传性胃肠道肿瘤诊断与外科治疗, 胃癌规范化诊疗, 结直肠癌规范化诊疗, 肥胖及相关代谢疾病外科治疗, 胃肠间质瘤规范化诊疗, 胃肠胰神经内分泌肿瘤规范化诊疗, 炎症性肠病规范化诊疗, 腹股沟斜疝外科治疗, 腹股沟直疝外科治疗, 术后切口疝外科治疗, 造瘘口旁疝外科治疗, 腹壁缺损外科治疗, 肥胖症微创手术, 代谢性疾病微创手术, 外科营养治疗",该医生在中山大学先后取得临床医学学士、硕士及博士学位，毕业后长期在中山大学附属第一医院从事胃肠外科临床工作。以第一/通讯作者身份在国内外核心期刊发表论文20余篇，其中SCI论文20余篇。担任国家远程医疗与互联网医学中心胃肠肿瘤专家委员会委员、中国医药教学学会医学国家交流促进工作委员会委员、广东省医师协会临床精准工作委员会委员兼秘书、广东省医疗行业协会胃肠外科分会秘书长、广东省器官医学与技术学会胃肠微创分会常委、广东省医院协会减重代谢外科专委会委员、广东省医师协会结直肠外科医师分会器官功能保护专业组委员。其参与的《胃癌个体化治疗关键技术的创新与推广应用》获2018年广东省科技进步一等奖，为深圳市三名工程引进团队成员，并入选《中国普通外科青年学者》攀登计划。,https://www.fahsysu.org.cn/sites/1h.prod.sysucloud1.sysu.edu.cn/files/styles/focal_point_480/public/2022-07/%E9%AD%8F%E5%93%B2%E5%A8%81%20%E8%83%83%E8%82%A0%E5%A4%96%E7%A7%91%E4%B8%AD%E5%BF%83%20%E5%89%AF%E9%AB%98.jpg?itok=TJLICzce,TRUE,0,,,,消化道肿瘤、疝及腹壁缺损、肥胖代谢疾病外科治疗,中山大学临床医学博士，长期在中山大学附属第一医院从事胃肠外科临床工作。发表SCI论文20余篇，担任多个省级和国家级学术委员会委员。其参与的胃癌个体化治疗项目获广东省科技进步一等奖，入选《中国普通外科青年学者》攀登计划。
210d20b3-0429-4e51-9c94-7e2655f05a07,,袁凯涛,副主任医师,中山大学附属第一医院,胃肠外科三科,"各部位结肠癌、直肠癌、胃癌、胃肠间质瘤的微创根治性手术和规范化综合治疗,腹股沟疝、食管裂孔疝、切口疝、腹壁疝的微创手术治疗,腹膜后肿瘤的外科治疗,痔疮、肛瘘等肛周良性疾病的外科治疗,围手术期采用加速康复外科理念和营养支持治疗",该医生于2007年9月至2012年6月在中山大学附属第一医院胃肠外科完成硕博连读研究生学习。自2012年9月起在中山大学附属第一医院完成外科培训，历任住院医师、主治医师、副主任医师。在国内核心期刊和Clinical nutrition、Beneficial Microbes等SCI杂志发表论文20余篇，参编《围手术期病理生理与临床》、《肿瘤营养学》、《营养筛查与评估》等多本临床专业著作。担任中国抗癌协会肿瘤营养专业委员会委员和肿瘤代谢与营养电子杂志编委。2018年获华夏医学科技奖一等奖，2023年获广东省医学会加速康复外科学分会第一届华南ERAS病例大赛一等奖。,https://www.fahsysu.org.cn/sites/1h.prod.sysucloud1.sysu.edu.cn/files/styles/focal_point_480/public/2025-04/%E8%83%83%E8%82%A0%E4%B8%89%E7%A7%91_%E8%A2%81%E5%87%AF%E6%B6%9B_%E5%89%AF%E9%AB%98.jpg?itok=QKauGrVM,TRUE,0,,,,胃肠肿瘤微创手术及疝外科治疗,中山大学附属第一医院胃肠外科硕博连读毕业，现任该院副主任医师。发表SCI论文20余篇，参编多部临床著作，担任中国抗癌协会肿瘤营养专业委员会委员。曾获华夏医学科技奖一等奖和华南ERAS病例大赛一等奖。
5dae0ffb-e7b3-4beb-b0ac-5831357730ee,,袁玉杰,副主任医师,中山大学附属第一医院,胃肠外科三科,"内窥镜消化道诊查与治疗, 胃肠早期肿瘤, 腹内疝, 胃肠动力性疾病, 常见外科病内镜治疗, 单纯性肥胖症内镜治疗, 腹壁功能研究, 胃肠道肿瘤与免疫调控研究, 疝病微创手术治疗, 胃肠肿瘤微创手术治疗",该医生于2009年至2012年在南京大学医学院附属金陵医院普通外科研究所攻读博士学位，2012年至2014年在中山大学附属第一医院胃肠胰外科担任住院医师，2015年至2021年在该院胃肠外科中心担任主治医师，2022年起任副主任医师。他担任广东省消化外科分会和疝外科分会委员，是欧洲疝学会会员和美国外科医师协会助理院士，并担任多家学术杂志的审稿专家和客座编辑。他在学术研究方面成果丰硕，围绕疝、感染免疫、营养和消化肿瘤发表第一作者或通讯作者SCI论文50余篇，总引用次数超过2000次，主持两项国家自然科学基金项目，参与多项国家自然科学基金。此外，他还参编了《普通外科围术期管理及并发症处理经典病例解析》专著，曾获2018年香港外科学临床年会最佳大会发言奖和2014年中国解放军全军科技进步一等奖。,https://www.fahsysu.org.cn/sites/1h.prod.sysucloud1.sysu.edu.cn/files/styles/focal_point_480/public/2025-05/%E8%83%83%E8%82%A0%E5%A4%96%E7%A7%91_%E8%A2%81%E7%8E%89%E6%9D%B0.png?itok=oqA0yUre,TRUE,0,,,,胃肠肿瘤与疝病的微创内镜治疗,南京大学医学院博士，现任中山大学附属第一医院胃肠外科中心副主任医师。担任广东省消化外科分会和疝外科分会委员，欧洲疝学会会员，美国外科医师协会助理院士。发表SCI论文50余篇，总引用超2000次，主持国家自然科学基金2项，曾获全军科技进步一等奖。
0c28ce47-98d3-4153-91ff-659e0904ed48,,左继东,副主任医师,中山大学附属第一医院,胃肠外科三科,"胃肠道肿瘤诊断和治疗, 疝疾病诊断和治疗, 胃镜肠镜诊断和治疗胃肠道疾病, 腹腔镜减肥手术治疗肥胖症",该医生于1992年至1997年在南昌大学医学院临床医疗专业就读，获得临床医学学士学位。1997年至2002年在抚州市第二医院外科工作。2002年至2005年在中山大学附属第一医院攻读外科学临床硕士学位。2005年至2006年在江西省人民医院外科工作。2006年至2009年在中山大学附属第一医院攻读外科学临床博士学位。2009年至今在中山大学附属第一医院微创外科、胃肠外科工作。担任广东省医疗行业协会微创外科委员、广东省医学教育协会普通外科专业委员、南方（广东）微创胃肠外科联盟理事、广东省临床医学会结直肠外科专业委员等社会兼职。发表SCI论文17篇（其中第一作者或通讯作者6篇）、中文论文7篇，参与编写《腹腔镜结直肠手术技巧》和《腹腔镜结直肠手术学》专著。获得中山大学教改基金两项，荣获中山大学附属第一医院基础外科学院2017-2018年度优秀教官荣誉称号。积极响应援藏任务，从2021年8月起在边坝县医院开展医疗新技术三项。多次荣获华南及全国手术视频大赛奖项，包括2015年度广东省医疗行业协会微创外科管理分会腹股沟疝开放手术视频大赛一等奖、2019年首届“汪忠镐”杯胃食管反流病青年医师手术技能大赛华南区二等奖等。,https://www.fahsysu.org.cn/sites/1h.prod.sysucloud1.sysu.edu.cn/files/styles/focal_point_480/public/2022-05/%E8%83%83%E8%82%A0%E5%A4%96%E7%A7%91-%E5%B7%A6%E7%BB%A7%E4%B8%9C-%E5%89%AF%E9%AB%98.jpg?itok=bXew508W,TRUE,0,,,,胃肠外科疾病诊断与微创手术治疗,中山大学外科学临床博士，现任中山大学附属第一医院胃肠外科医生，从事临床工作20余年。担任多个省级学术团体委员，发表SCI论文17篇，参与编写两部腹腔镜手术专著。荣获多项手术视频大赛奖项及优秀教官称号，积极参与援藏医疗工作。
0fc8e40d-2936-4741-abf1-dbe0cb9a9836,,陈玉清,主任医师,中山大学附属第一医院,妇科,"微创诊治宫腔粘连, 子宫内膜息肉, 不孕, 子宫内膜异位症, 子宫腺肌症, 子宫肌瘤, 卵巢肿瘤, 子宫内膜癌, 宫颈癌, 压力性尿失禁, 子宫脱垂, 子宫纵隔, 阴道斜隔, 生殖道闭锁, 剖宫产疤痕憩室, 剖宫产切口疤痕妊娠, 宫颈机能不全, 子宫内膜增生, 月经病, 宫颈病变早期防治, 慢性盆腔痛, 宫腔和宫内膜病变, 女性生育力保护, 盆底功能重建, 妇科宫腹腔镜微创诊疗, 盆底治疗",该医生于1993年毕业于中山医科大学临床医学六年制本科，2003年获中山大学临床医学硕士学位。自1993年起在中山大学附属第一医院工作近三十年，负责及主讲中山大学国家级一流本科线上课程《小宫腔，大世界---宫腔常见疾病普教》。主持参与国家、省、市级基金十几项，在核心期刊发表文章60余篇，其中以第一或通讯作者在Fertility and sterility、Stem Cell Research & Therapy、JOURNAL OF OVARIAN RESEARCH、BMC、Women's Health、JMIG等杂志发表SCI文章十几篇。作为参与人获广州市科技进步二等奖1项，多次获优秀教师称号。社会兼职包括中国妇幼协会微创分会宫腔镜学组常委、广东省医学会妇产科学分会盆底组副组长、广东省医师协会宫腔镜学组副组长、广东省医师学会妇产科电生理医师分会副主任委员、广东省整形美容协会电生理健康促进分会副主任委员、广东省健康管理学会女性健康整体健康促进专委会副主任委员、广东省整形美容协会生殖整复分会常委、广东省健康管理学会生育力保护专委常委、广东省健康管理学会妇科学组常委等。,https://www.fahsysu.org.cn/sites/1h.prod.sysucloud1.sysu.edu.cn/files/styles/focal_point_480/public/2022-10/%E9%99%88%E7%8E%89%E6%B8%85.png?itok=ORiWuW6P,TRUE,0,,,,妇科微创诊疗、女性生育力保护、盆底功能重建,中山医科大学临床医学本科、中山大学临床医学硕士毕业，在中山大学附属第一医院工作近三十年。主持参与多项基金项目，发表核心期刊文章60余篇、SCI文章十几篇，获广州市科技进步二等奖及优秀教师称号。担任中国妇幼协会微创分会宫腔镜学组常委、广东省医学会妇产科学分会盆底组副组长等多个社会职务。
60be6186-8d1a-46c1-b644-61d11eeea675,,何勉,"主任医师, 教授",中山大学附属第一医院,妇科,"妇产科常见病、多发病及复杂疑难疾病诊断治疗, 子宫内膜异位症, 子宫脱垂, 子宫肌瘤, 妇科恶性肿瘤诊断与综合治疗, 妇科腹腔镜手术, 宫腔镜手术, 阴式手术, 微创手术技巧",该医生1986年毕业于中山医科大学，在中山大学附属第一医院妇产科从事临床、教学和科研工作20多年。担任中华医学会广东省妇产科学分会宫颈病变和阴道镜学组副组长、妇科肿瘤学组委员，广东省抗癌协会妇科肿瘤专业委员会常委，广东省妇幼安康工程子宫内膜癌防治项目专家，广东省女医师协会宫颈癌防治专家委员会委员。在《BJOG》、《Am J Pathol》、《AAPS J》、《BMC Cancer》等SCI收录杂志及中华妇产科杂志等国内核心期刊发表研究论文50多篇，参编《妇科肿瘤学》、《临床妇科腹腔镜诊疗学》、《妇产科检验诊断学》等专著8本。参与《腹腔镜在妇产科疾病诊治中应用的系列研究》，获得广东省科技进步奖二等奖，为主要完成者之一。,https://www.fahsysu.org.cn/sites/1h.prod.sysucloud1.sysu.edu.cn/files/styles/focal_point_480/public/114525.jpg?itok=ueS0_MP5,TRUE,0,,,,妇科恶性肿瘤诊断与综合治疗，妇科微创手术,1986年毕业于中山医科大学，在中山大学附属第一医院妇产科工作20多年。担任多个省级妇产科学会委员，发表SCI及核心期刊论文50余篇，参编专著8本，获广东省科技进步奖二等奖。
3c45d750-4c15-4b32-9706-bc6649947308,,柯珮琪,主任医师,中山大学附属第一医院,妇科,"妇产科常见病诊断治疗, 妇产科疑难病诊断治疗, 妇科肿瘤诊断治疗, 妇科肿瘤, 计划生育",该医生1983年毕业于中山医科大学，自1987年3月起在中山大学附属第一医院妇产科工作至今。作为第一负责人承担多项广东省自然基金项目，已培养硕士研究生十余名，发表学术论文50余篇，其中多篇发表在SCI及国内妇产科高水平期刊，参与《妇科肿瘤学》、《现代临床思维培养》、《临床妇科腹腔镜诊疗学》、《妇产科临床手册》等书的编写。参与“腹腔镜在妇科疾病诊治中应用的系列研究”获得广东省科技进步二等奖。担任广东省健康管理学会妇产科专委会委员、广东省围产医学会委员、广东省及广州市医疗鉴定委员会委员、广州抗癌协会妇瘤专委会常委、广州地区妇女儿童保健专家等社会兼职。荣获“2017年首届南粤好医生暨第三届羊城好医生”和“2020年岭南名医”称号。,https://www.fahsysu.org.cn/sites/1h.prod.sysucloud1.sysu.edu.cn/files/styles/focal_point_480/public/2022-10/%E6%9F%AF%E7%8F%AE%E7%90%AA.png?itok=Nd2zlrFd,TRUE,0,,,,妇科肿瘤诊断治疗,1983年毕业于中山医科大学，现任中山大学附属第一医院妇产科主任医师，从事妇产科工作30余年。承担多项省级科研项目，培养十余名硕士生，发表论文50余篇，参与多部专著编写，获广东省科技进步二等奖，并担任多个省级医学会委员，荣获南粤好医生和岭南名医称号。
3fc5db31-968d-4555-a180-23b668a10ae7,,刘军秀,主任医师,中山大学附属第一医院,妇科,"妇科常见病诊治, 妇科多发病诊治, 妇科疑难疾病诊治, 腹腔镜技术, 宫颈机能不全诊治, 子宫内膜异位症诊治, 子宫肌瘤诊治, 妇科肿瘤, 宫颈癌诊治, 宫颈癌前病变诊治, 子宫内膜癌筛查, 子宫内膜癌治疗, 卵巢癌手术治疗, 卵巢癌术后全程管理",该医生于1999年至2006年在中山大学完成临床医学七年制本硕连读，2004年至2006年在中山大学附属第一医院攻读妇产科学专业硕士研究生，2010年至2014年在该院攻读妇产科学专业博士研究生。自2006年起在中山一院妇产科工作，历任住院医师、主治医师、副主任医师，2021年12月起担任主任医师。2017年至2018年曾在美国佛罗里达医院作为妇产科学专业访问学者进修。在学术方面，担任广东省医学会妇科肿瘤学分会常务委员、广东省医学会妇产科分会妇科内镜学组副组长、中国医师协会妇产科医师分会青年委员等多个社会兼职，并担任《妇科与遗传（电子版）》青年编委。发表多篇学术论文，包括在Frontiers in Oncology、Journal of Biological Chemistry等期刊上以第一作者或共同通讯作者身份发表的研究，并参与编写《妇产科学》专著。曾获2017年全国中青年医师妇科内镜手术大赛冠军、2017年度GESEA妇科腔镜缝合大赛中国总冠军、2018年度青年医师妇科肿瘤病例征集全国总决赛冠军、2018年“广东省杰出青年人才”称号及2019年度中山大学附属第一医院优秀共产党员等荣誉。,https://www.fahsysu.org.cn/sites/1h.prod.sysucloud1.sysu.edu.cn/files/styles/focal_point_480/public/041021.jpg?itok=4r6rxQ-l,TRUE,0,,,,妇科肿瘤及腹腔镜微创手术治疗,中山大学临床医学本硕连读及博士毕业，现任中山一院妇产科主任医师。历任住院医师至主任医师，曾赴美国佛罗里达医院访问学习。担任多个医学会常务委员、副组长等职务，发表多篇SCI论文，获全国妇科内镜手术大赛冠军及“广东省杰出青年人才”称号。
2b372d5a-6fd5-4849-9d06-86b9d41ec90c,,沈宏伟,主任医师,中山大学附属第一医院,妇科,"妇科常见病诊治, 妇科肿瘤规范化治疗, 卵巢癌根治性手术, 子宫内膜癌根治性手术, 宫颈癌根治性手术, 外阴癌根治性手术",该医生1984年至1990年在原中山医科大学临床医学系攻读本科，2000年至2003年在中山大学附属第一医院攻读硕士学位。1990年7月起在中山医科大学附属第一医院担任住院医师，1997年1月晋升为主治医师，2008年1月至今在中山大学附属第一医院担任副主任医师。现任中华医学会妇科肿瘤学分会青年委员。近5年来主持省级科研项目2项，参与国家自然基金1项，以第一或通讯作者发表SCI论文1篇，参与编著《妇产科疾病临床诊断与治疗方案》1部。,https://www.fahsysu.org.cn/sites/1h.prod.sysucloud1.sysu.edu.cn/files/styles/focal_point_480/public/110916.jpg?itok=ZkkupJlQ,TRUE,0,,,,妇科肿瘤规范化治疗及根治性手术,中山大学附属第一医院副主任医师，中华医学会妇科肿瘤学分会青年委员。拥有原中山医科大学本科和中山大学硕士学位，从事妇科临床工作30余年。主持省级科研项目2项，参与国家自然基金1项，发表多篇学术论文并参与专著编写。
3e974504-5044-430d-80cc-abd9bea6df4d,,沈慧敏,主任医师,中山大学附属第一医院,妇科,"妇科微创手术, 妇科肿瘤诊治, 子宫内膜异位症诊治, 宫颈机能不全诊治, 子宫肌瘤诊治, 卵巢囊肿诊治, 宫颈病变诊治, 子宫内膜癌诊治, 宫颈癌诊治, 卵巢肿瘤诊治, 腹腔镜手术, 开腹手术, 子宫峡部环扎治疗",该医生于1993年至2000年在中山医科大学攻读临床医学妇产科学专业硕士学位，2007年至2011年在中山大学攻读临床医学妇产科专业博士学位。2000年至2013年在中山大学附属第三医院妇产科工作，历任医师、主治医师、副主任医师；2013年至2015年在中山大学附属第一医院妇产科任副主任医师；2015年至今在中山大学附属第一医院妇产科任主任医师。社会兼职方面，担任广东省医师协会妇产科医师分会副主任委员、青年医师专业组组长、毕业后医学教育工作组副组长，广东省健康管理学会妇科学专业委员会副主任委员、生育力保护专业委员会副主任委员，广东省医学会妇产科学分会妇科肿瘤学组副组长，广东省医师协会妇科内镜医师分会常务委员，中华医学会妇科肿瘤学分会第五届委员会青年委员，中国抗癌协会妇科肿瘤专业委员会第二届青年委员会委员，广东省医师协会妇产科医师分会妇科肿瘤专业组委员。学术成果包括发表多篇SCI论文，如《Development of a multi-gene-based immune prognostic signature in ovarian Cancer》等。曾获2016年西藏自治区计生委授予第一批“组团式”援藏工作优秀管理者奖、林芝市委授予“优秀援藏干部”、林芝市人民医院授予“优秀援藏工作者”，2017、2018、2020年中山大学附属第一医院优秀共产党员，2021年中山大学优秀共产党员，2022年中山大学附属第一医院院长特别奖。,https://www.fahsysu.org.cn/sites/1h.prod.sysucloud1.sysu.edu.cn/files/styles/focal_point_480/public/2023-10/%E6%B2%88%E6%85%A7%E6%95%8F%20%E8%A3%81%E5%89%AA%E7%99%BD%E5%BA%95.jpg?itok=8MZotXQi,TRUE,0,,,,妇科肿瘤、子宫内膜异位症、宫颈机能不全的微创手术治疗,中山医科大学硕士、中山大学博士，现任中山大学附属第一医院妇产科主任医师。历任中山大学附属第三医院和第一医院妇产科医师、主治医师、副主任医师。担任广东省医师协会妇产科医师分会副主任委员等多个社会兼职，发表多篇SCI论文，曾获援藏工作优秀管理者奖、优秀共产党员等荣誉。
d490a6ce-e235-449a-94d8-d402f36442bf,,王宁宁,主任医师,中山大学附属第一医院,妇科,"妇产科常见疾患诊治, 子宫内膜异位症, 妇科腔镜, 不孕症, 早孕相关诊治, 妇科内分泌, 生殖内分泌, 妊娠及相关疾病诊治",该医生于1995年从原中山医科大学七年制本科硕士连续培养研究生毕业，主攻妇科腔镜，毕业后留本院妇产科临床工作。2004年获得中山大学医学博士学位，专业为生殖内分泌，主攻子宫内膜异位症的发病机制研究。自2001年起先后到新加坡、瑞典、英国等地进修与合作研究。主持及参与完成国家级、省部级、市级及校级研究课题18项，其中主持完成国家自然科学基金、广东省自然科学基金等16项课题。发表国内外论文69篇，其中第一作者和通讯作者47篇，SCI论著6篇。参编专著《临床妇科腹腔镜诊断与治疗》和《妇产科疾病临床诊断与治疗方案》。获得省级科技进步成果二等奖一项。社会兼职包括中华医学会广东妇产科分会会员、广东临床医学学会华南名医专家委员会会员、国家自然科学基金委员会项目评议人、教育部科技评审专家、广东省科技咨询专家库成员、广州市科技专家库成员、广州市卫生局专家委员会评审专家、广州市医学会医疗事故技术鉴定专家，并担任《解放军医学杂志》与《生物医学工程与临床》杂志地方编委，为《Gene Therapy》《中华显微外科杂志》等审稿人。曾获中山一院优秀教师、中山大学优秀研究生、广东省南粤优秀研究生、广东省科技进步二等奖、中山一院床边教学技能大赛一等奖、中山一院青年教师授课大赛三等奖等荣誉。,https://www.fahsysu.org.cn/sites/1h.prod.sysucloud1.sysu.edu.cn/files/styles/focal_point_480/public/%E7%8E%8B%E5%AE%81%E5%AE%81.jpg?itok=9fOEseGV,TRUE,0,,,,妇科腔镜、子宫内膜异位症、不孕症诊治,1995年原中山医科大学七年制硕士毕业，2004年获中山大学医学博士学位，主攻妇科腔镜和生殖内分泌。主持完成国家自然科学基金等16项课题，发表论文69篇，参编专著两部，获省级科技进步二等奖。社会兼职广泛，包括国家自然科学基金委员会项目评议人等。
2dffd6c1-c733-484a-856e-394c2ef2f74a,,徐成康,主任医师,中山大学附属第一医院,妇科,"妇科疑难杂症诊治, 子宫内膜异位症, 子宫肌瘤, 子宫腺肌症, 宫颈HPV感染, 宫颈癌变防治, 卵巢肿瘤, 多囊卵巢, 复发性自然流产, 腹腔镜手术, 宫颈机能不全环扎手术, 不孕症输卵管疏通术",该医生1982年至1988年在中山医科大学攻读本科，1994年至1997年在中山医科大学附属第一医院获得妇科肿瘤硕士学位。1988年至2002年在中山大学附属第一医院担任住院及主治医师，2002年至2014年晋升为副主任医师，2014年至今担任主任医师。社会兼职方面，担任广东省行业协会自然流产分会副主任委员和广东省自然医学会产后康复专委会副主任委员。学术成果包括发表30多篇论著，参与编写《妇科肿瘤临床实践》及《妇产科疾病诊断与治疗方案》，并参与《腹腔镜在妇产科疾病诊治中应用系列研究》获得广东省科技进步二等奖。,https://www.fahsysu.org.cn/sites/1h.prod.sysucloud1.sysu.edu.cn/files/styles/focal_point_480/public/2022-04/%E5%A6%87%E7%A7%91%20%E5%BE%90%E6%88%90%E5%BA%B7%20%E6%AD%A3%E9%AB%98.jpg?itok=qJ3wKkPM,TRUE,0,,,,妇科疑难杂症诊治与腹腔镜手术,中山医科大学本科及妇科肿瘤硕士毕业，现任中山大学附属第一医院主任医师，从事妇科临床工作30余年。担任广东省行业协会自然流产分会副主任委员，发表论著30多篇，参与编写专著2部，并获得广东省科技进步二等奖。
eed8d8ca-11ad-4b96-88cf-a6ab465de7a4,,谢洪哲,主任医师,中山大学附属第一医院,妇科,"腹腔镜诊断和治疗妇科疾病, 妇科肿瘤治疗, 女性不孕治疗, 妇科盆底疾病阴式手术, 腹腔镜不孕症诊治, 子宫肌瘤手术, 妇科盆底手术, 阴式剖宫产疤痕妊娠切除术, 疤痕憩室切除术",该医生1982年本科毕业，1990年于中山医科大学获硕士学位，对妇科腹腔镜有深入的研究和丰富的临床经验。在《J Minim Invasive Gynecol》及《中华妇产科杂志》等国内核心期刊发表文章四十余篇，著有《临床妇科腹腔镜诊疗学》。主持完成多项省级科技项目，参与主编国内最早的妇科腹腔镜书籍，参与获得广东省科技成果二等奖。,https://www.fahsysu.org.cn/sites/1h.prod.sysucloud1.sysu.edu.cn/files/styles/focal_point_480/public/2022-10/%E8%B0%A2%E6%B4%AA%E5%93%B2.png?itok=2QyO0Wrt,TRUE,0,,,,妇科腹腔镜手术、不孕症及盆底疾病治疗,1982年本科毕业，1990年获中山医科大学硕士学位，主任医师。在妇科腹腔镜领域有深入研究和丰富临床经验，发表核心期刊文章四十余篇，著有《临床妇科腹腔镜诊疗学》，主持省级科技项目，参与主编国内最早的妇科腹腔镜书籍，获广东省科技成果二等奖。
8c010bc9-60ea-4643-81a1-c759cf97634b,,杨国奋,"主任医师, 教授, 博士生导师",中山大学附属第一医院,妇科,"妇科常见病、多发病和疑难病的诊断和治疗, 腹腔镜、宫腔镜、开腹、阴式等途径的手术操作, 不孕症、子宫内膜异位症、生殖道炎症、子宫肌瘤、宫颈病变、卵巢囊肿、妇科恶性肿瘤（卵巢癌、子宫内膜癌、宫颈癌等）及妇女保健, 卵巢癌防治, 难治性和复发性卵巢癌诊疗, 针状腹腔镜在卵巢癌早期诊断的应用",该医生1987年毕业于中山医科大学临床医学专业，1999年获中山医科大学妇科肿瘤专业硕士学位，2009年在美国阿肯色州大学医学院访问学习。1987年起在中山医科大学附属第一医院（后为中山大学附属第一医院）工作，历任住院医师、主治医师、副主任医师，2011年起任主任医师，2013年起任教授。2002年起担任硕士生导师，2014年起担任博士生导师。现任广东省医院协会肿瘤防治管理分会肿瘤分子靶向治疗专业委员会常务委员。发表第一/通讯作者SCI和国内核心期刊论著50多篇，参与编写《妇产科临床手册》、《实用妇产科症状鉴别诊断》、《子宫肿瘤》等专著。2011年“卵巢癌分子标志物应用基础研究”获广东省科学技术奖（第一完成人）。主持国家自然科学基金2项、广东省科技厅基金3项、广州市科委重点项目1项。承担中山大学多层次教学任务，培养硕士21名、博士6名、博士后4名。,https://www.fahsysu.org.cn/sites/1h.prod.sysucloud1.sysu.edu.cn/files/styles/focal_point_480/public/2022-10/%E6%9D%A8%E5%9B%BD%E5%A5%8B.png?itok=p2xW03e2,TRUE,0,,,,妇科疾病诊疗，尤其卵巢癌防治与手术技术,中山医科大学临床医学本科、妇科肿瘤硕士毕业，美国访问学者。现任中山大学附属第一医院主任医师、教授、博士生导师，广东省医院协会肿瘤防治管理分会常务委员。从事妇科临床与科研工作30余年，主持国家级、省级科研项目多项，发表SCI及核心期刊论文50余篇，获广东省科学技术奖，培养硕博研究生30余名。
5cb18c5d-edc6-40e2-8a8e-c05d11e293e9,,姚书忠,"主任医师, 教授",中山大学附属第一医院,妇科,"妇科内镜手术, 良恶性妇科肿瘤治疗, 子宫恶性肿瘤腹腔镜手术, 深部浸润型子宫内膜异位症腹腔镜手术, 腹腔镜下广泛子宫切除, 盆腔及腹主动脉旁淋巴结清扫, 肠道子宫内膜异位症切除及肠管吻合, 泌尿系子宫内膜异位症病灶切除, 输尿管端端吻合, 输尿管膀胱种植, 腹腔镜子宫峡部环扎术治疗宫颈机能不全",该医生是国内率先开展腹腔镜子宫峡部环扎术治疗宫颈机能不全的专家之一。,https://www.fahsysu.org.cn/sites/1h.prod.sysucloud1.sysu.edu.cn/files/styles/focal_point_480/public/2023-06/%E5%A7%9A%E4%B9%A6%E5%BF%A0-%E7%99%BD%E5%A4%A7%E8%A4%82.jpg?itok=L5efLD2N,TRUE,0,,,,妇科内镜手术与妇科肿瘤治疗,国内率先开展腹腔镜子宫峡部环扎术治疗宫颈机能不全的专家之一。
c855322b-f75f-47dc-abcf-f2e90a5cfe28,,游泽山,主任医师,中山大学附属第一医院,妇科,"子宫脱垂诊治, 尿失禁诊治, 子宫肌瘤诊治, 不孕症诊治, 月经病诊治, 子宫内膜息肉诊治, 宫腔粘连诊治, 生殖道畸形诊治, 子宫内膜异位症诊治, 子宫腺肌症诊治, 宫颈病变防治, 子宫器质性病变防治, 卵巢肿瘤性疾病防治, 妇科疑难杂症诊断与治疗",该医生1984年毕业于中山医科大学医疗系，1992年受聘讲师，1998年受聘副教授，2004年受聘主任医师。曾任广东省优生优育协会会长、中山大学附属第一医院东院副院长、广东省医学会计划生育分会副主任委员，现任广东医学教育协会妇产科分会副主任委员、广东精准医学妇产科分会副主任委员。先后发表医学专业论文70多篇，担任和参与多项国家级及省部级科研课题，参编医学专著多部，获医学进步奖一项，国家专利三项。,https://www.fahsysu.org.cn/sites/1h.prod.sysucloud1.sysu.edu.cn/files/styles/focal_point_480/public/2022-09/%E6%B8%B8%E6%B3%BD%E5%B1%B1%E6%95%99%E6%8E%88.jpg?itok=eo3_BIOG,TRUE,0,,,,妇科疾病诊治与疑难杂症治疗,1984年毕业于中山医科大学医疗系，2004年受聘主任医师。曾任广东省优生优育协会会长、中山大学附属第一医院东院副院长，现任广东医学教育协会妇产科分会副主任委员。发表论文70多篇，参与多项国家级及省部级科研课题，获医学进步奖一项、国家专利三项。
528849c6-d0fd-4272-a1f4-f5db70a6cc80,,陈明,副主任医师,中山大学附属第一医院,妇科,"妇科良恶性肿瘤微创手术,妇科恶性肿瘤手术及化疗,宫颈癌,子宫内膜癌,卵巢癌,子宫肌瘤宫腔镜治疗,宫腔粘连宫腔镜治疗,宫颈病变阴道镜检查,宫颈病变阴道镜治疗,子宫脱垂手术治疗,张力性尿失禁手术治疗",该医生于2000年至2008年在中山大学获得学士及硕士学位，2012年至2015年在北京协和医学院妇科肿瘤专业获得博士学位。自2015年7月起在中山大学附属第一医院工作，历任主治医师、副主任医师。曾参加欧洲内镜学会GESEA腔镜手术技能培训和中国阴道镜及宫颈病理学会阴道镜技能培训。担任广东省基层医药学会妇科肿瘤专委会副主任委员、广东省精准医学应用学会女性盆底疾病分会常委、广东省医师协会妇科内镜分会常委、广东省医学会妇产科学分会秘书、广东省医学会宫颈疾病与阴道镜学组成员、中国临床肿瘤学会（CSCO）成员，并任《中国病理生理杂志》特约审稿专家。主要研究方向受国家自然科学青年基金、省自然科学基金及多项国家横向课题基金资助，发表多篇SCI论文。曾获2023年广东省『叶任高-李幼姬』夫妇优秀临床医学中青年教师奖、2023年中山一院教师教学竞赛一等奖、2020年阿斯利康第十二届子宫内膜异位症规范化手术大赛全国冠军。,https://www.fahsysu.org.cn/sites/1h.prod.sysucloud1.sysu.edu.cn/files/styles/focal_point_480/public/2022-10/%E9%99%88%E6%98%8E.png?itok=Cxj_9NVp,TRUE,0,,,,妇科良恶性肿瘤微创手术及恶性肿瘤化疗,北京协和医学院妇科肿瘤专业博士，现任中山大学附属第一医院副主任医师。担任多个省级学会副主任委员、常委等职务，发表多篇SCI论文，获多项教学及手术奖项，包括2020年子宫内膜异位症规范化手术大赛全国冠军。
c5eedb3f-ec99-4d3c-b0a4-0ca846a2a737,,曹铁凤,副主任医师,中山大学附属第一医院,妇科,"妇科恶性肿瘤多学科诊疗、化学治疗、免疫治疗, 妇科良性肿瘤规范化诊疗、单孔腹腔镜手术、微创手术、开腹手术、药物治疗, 子宫内膜病变宫腔镜手术治疗、长期管理, 宫颈病变阴道镜检查、治疗",该医生于2008年至2016年在中山大学完成临床医学八年制博士教育，2017年至2019年在美国耶鲁大学妇产科担任访问学者。自2016年起在中山大学附属第一医院工作，历任住院医师、主治医师，现任副主任医师。研究方向主攻妇科肿瘤特别是卵巢癌的发病机制、转移机制及精准治疗，主持国家自然科学基金、省部级、市厅级、校级基金四项，以第一作者在Nature Communication、Oncogene等杂志发表卵巢癌领域临床及基础论文十余篇。曾获得中山一院柯麟新苗计划、柯麟新星人才计划支持，并在2024年中山大学附属第一医院青年医师授课大赛（英文组）中获得一等奖。,https://www.fahsysu.org.cn/sites/1h.prod.sysucloud1.sysu.edu.cn/files/styles/focal_point_480/public/2024-05/%E5%A6%87%E7%A7%91%20%E6%9B%B9%E9%93%81%E5%87%A4%20%E5%89%AF%E9%AB%98.jpg?itok=KZRFIumA,TRUE,0,,,,妇科良恶性肿瘤诊疗、微创手术及综合治疗,中山大学临床医学八年制博士，美国耶鲁大学访问学者，现任中山大学附属第一医院副主任医师。主攻妇科肿瘤特别是卵巢癌的发病机制及精准治疗，主持多项国家级及省部级基金，发表SCI论文十余篇，包括Nature Communication等高水平期刊，曾获多项人才计划支持及教学比赛奖项。
6787b9a7-2bb2-4119-b99f-c756a9ade7dd,,黄佳明,副主任医师,中山大学附属第一医院,妇科,"妇科微创手术,深部浸润性子宫内膜异位症微创诊治及术后长期管理,开腹及腹腔镜下良性疾病手术,子宫肌瘤,子宫腺肌症,卵巢囊肿,单孔腹腔镜手术,妇科恶性肿瘤手术,宫颈癌根治术,子宫内膜癌分期手术,卵巢肿瘤细胞减灭术,盆腔淋巴结清扫术,腹主动脉旁淋巴结清扫术,宫颈病变诊治",该医生于2004年至2009年在中山大学中山医学院完成本科学习，2009年至2014年在中山大学附属第一医院攻读博士学位。2014年至2016年在该院担任住院医师，2017年至2021年任主治医师，2021年至今任副主任医师。社会兼职包括广东省医学会妇产科分会妇科内镜学组秘书、广东省医师协会妇产科分会青年委员会秘书、广东省健康管理学会妇科肿瘤多学科协作专业委员会委员、广东省卫生信息网络协会理事、广东省药学会妇科肿瘤专业委员会常委、广东省基层医药学会妇科专委会常委。学术成果方面，在国内外核心期刊发表论文20余篇，其中以第一作者或通讯作者发表10余篇，并副主译《子宫内膜异位症诊断和治疗实用指南》。获得国家自然科学基金、广东省自然科学基金及中山大学5010计划培育项目资助，曾获爱惜捷妇科腔镜视频秀全国三等奖及“非我莫属”子宫内膜异位症优秀病例演讲比赛第一名。,https://www.fahsysu.org.cn/sites/1h.prod.sysucloud1.sysu.edu.cn/files/styles/focal_point_480/public/2023-04/1%E9%BB%84%E4%BD%B3%E6%98%8E%E8%81%8C%E4%B8%9A%E7%85%A7%E7%89%87.jpg?itok=3opiRtQ-,TRUE,0,,,,妇科微创手术及恶性肿瘤诊治,中山大学医学博士，现任中山大学附属第一医院副主任医师。担任多项省级医学会及协会职务，发表核心期刊论文20余篇，副主译专著一部，获得国家级及省级科研项目资助，并在妇科腔镜及病例演讲比赛中获奖。
4f68032b-d919-41e5-85b3-5af61e44ad28,,何科,副主任医师,中山大学附属第一医院,妇科,"腹腔镜微创手术,宫腔镜微创手术,子宫肿瘤诊治,卵巢肿瘤诊治,妇科良恶性疾病诊治,宫颈癌诊治,子宫肌瘤诊治,子宫内膜癌诊治,卵巢囊肿诊治,卵巢癌诊治,子宫内膜病变诊治,子宫内膜息肉诊治,子宫内膜增生诊治,子宫脱垂诊治,阴道脱垂诊治,张力性尿失禁诊治,盆底功能障碍性疾病诊治,异常子宫出血诊治,围绝经期疾病诊治,月经相关妇科内分泌疾病诊治,宫颈病变诊治,妇科肿瘤,围绝经期疾病,宫颈病变",该医生于2003年毕业于中山医科大学临床医学七年制专业，长期从事妇产科临床工作。2003年6月至2005年12月在中山大学附属第一医院妇产科担任住院医师，2006年1月至2017年12月在该院妇科担任主治医师，2008年7月至2013年6月攻读中山大学附属第一医院妇产科博士学位，2018年1月至今担任中山大学附属第一医院妇科副主任医师。社会兼职方面，担任广东省医学会妇产科分会绝经学组副组长、广东省健康管理学会妇产科专业委员会秘书长、广东省女医师协会女性内分泌专业委员会秘书、中国医师协会妇产科分会女性生育调控专业委员会委员。学术成就方面，在国内外专业杂志发表多篇研究论文，包括数篇SCI文章，主要研究方向为妇科肿瘤、围绝经期疾病和宫颈病变。,https://www.fahsysu.org.cn/sites/1h.prod.sysucloud1.sysu.edu.cn/files/styles/focal_point_480/public/2022-10/%E4%BD%95%E7%A7%91.jpg?itok=euGqb5x1,TRUE,0,,,,妇科良恶性疾病微创手术诊治,中山医科大学临床医学七年制毕业，现任中山大学附属第一医院妇科副主任医师，从事妇产科临床工作多年。担任广东省医学会妇产科分会绝经学组副组长等社会职务，发表多篇SCI论文，研究方向为妇科肿瘤、围绝经期疾病和宫颈病变。
711ed954-2201-4b17-8783-fae07ed73a15,,何伟鹏,副主任医师,中山大学附属第一医院,妇科,"妇科微创手术, 妇科恶性肿瘤诊治, 妇科常见疾病诊治, HPV感染和宫颈病变防治, 子宫内膜异位症长期管理, 腹腔镜手术, 宫腔镜手术, 开腹手术, 阴式手术",该医生2010年毕业于中山大学，毕业后在中山大学附属第一医院妇科工作至今。发表SCI论著20余篇，其中以第一作者或通讯作者发表的SCI论著10余篇。参译《子宫内膜异位症诊断和治疗实用指南》。主持和参与多项省级和国家级科研项目。,https://www.fahsysu.org.cn/sites/1h.prod.sysucloud1.sysu.edu.cn/files/styles/focal_point_480/public/2023-07/%E5%A6%87%E7%A7%91--%E4%BD%95%E4%BC%9F%E9%B9%8F--%E5%89%AF%E9%AB%98.jpg?itok=wWGl_apy,TRUE,0,,,,妇科微创手术与恶性肿瘤诊治,2010年毕业于中山大学，在中山大学附属第一医院妇科工作至今。发表SCI论著20余篇，参译专著，主持参与多项省级和国家级科研项目。
fda96d26-f057-4944-9390-5f64762f4f6f,,梁明懿,副主任医师,中山大学附属第一医院,妇科,"妇产科疾病诊断治疗, 中止妊娠方法应用, 避孕方法选择应用, 子宫内膜异位症诊治",该医生于1989年毕业于广州医学院本科，毕业后一直从事妇产科临床工作20余年。,https://www.fahsysu.org.cn/sites/1h.prod.sysucloud1.sysu.edu.cn/files/styles/focal_point_480/public/010400.jpg?itok=xU1TTiC4,TRUE,0,,,,妇产科疾病诊治与避孕技术,1989年广州医学院本科毕业，从事妇产科临床工作20余年，具有丰富的妇产科疾病诊治经验。
c1714612-82ff-4efe-90ad-02262a47d8cd,,刘兴阳,副主任医师,中山大学附属第一医院,妇科,"妇科常见病诊治, 妇科疑难病诊治, 妇科腹腔镜手术, 宫腔镜手术, 开腹手术, 阴式手术, 不孕症治疗, 子宫内膜异位症治疗, 宫腔粘连治疗, 生殖道炎症治疗, 子宫肿瘤治疗, 宫颈病变治疗, 卵巢肿瘤治疗, 子宫脱垂治疗, 阴道前后壁膨出治疗, 子宫切口疤痕妊娠治疗, 月经病治疗, 妇女保健, 微创妇科, 妇科肿瘤防治",该医生于1986年至1991年在广州医科大学攻读临床医疗本科，2002年至2004年在中山大学中山医学院完成在职研究生结业。1991年至2006年在广州市东山区人民医院妇产科担任副主任医师，2006年至今在中山大学附属第一医院妇产科担任副主任医师。2016年至2020年兼任中山大学附属一院中大惠亚医院妇产科副主任，2020年至今兼任中山大学附属一院中大惠亚医院妇科副主任。社会兼职包括广东省基层医药学会妇科常务委员、广东省医师协会母胎医学医师分会第一届委员、广东省惠州市医师协会妇产科医师分会常务委员、广东省惠州市生殖健康协会惠州市妇科单孔腹腔镜技术分会常务委员。在国内外核心期刊发表论文10余篇，其中SCI文章2篇，并于2019年获得惠州市“三八红旗手”称号。,https://www.fahsysu.org.cn/sites/1h.prod.sysucloud1.sysu.edu.cn/files/styles/focal_point_480/public/2023-12/%E5%88%98%E5%85%B4%E9%98%B3.jpg?itok=hwOaGsN3,TRUE,0,,,,妇科常见病、疑难病诊治及微创手术,广州医科大学临床医疗本科毕业，中山大学中山医学院在职研究生结业。从事妇产科临床工作30年，现任中山大学附属第一医院妇产科副主任医师，兼任中山大学附属一院中大惠亚医院妇科副主任。担任多个省级和市级医学会委员，发表论文10余篇（含SCI 2篇），2019年获惠州市“三八红旗手”称号。
546e864a-91ab-47a0-b285-e77ef3f8d54b,,梁炎春,副主任医师,中山大学附属第一医院,妇科,"子宫内膜异位症,子宫腺肌病,子宫肌瘤,宫腔内疾病,妇科常见病,多发病,宫腔镜微创手术,腹腔镜微创手术,卵巢巧克力囊肿,深部浸润型子宫内膜异位症,卵巢良恶性肿瘤,宫颈良恶性病变,子宫内膜相关性疾病,宫腔粘连,胚胎组织物残留,剖宫产疤痕憩室,子宫脱垂,开腹手术技术,子宫腺肌症保留子宫手术",该医生于2014年获得中山大学临床医学（八年制）博士学位，此后一直在中山大学附属第一医院妇科工作至今。担任妇产科教研室副主任，从事妇产科临床工作7年余，具有扎实的理论知识基础和丰富的临床经验。在临床工作的同时，担任中山大学临床五年制、八年制理论大课《妇产科学》的授课老师，并负责临床医学五年制、八年制、MBBS留学生及外国交流生的见习、实习带教工作。积极参与指导本科学生参与和申请多项省级和校级的大学生科研基金，指导学生发表多篇高质量专业论文，指导硕士研究生4人。主持科研基金项目包括国家级2项、省级7项、市级1项、校级11项，2021年入选中山大学附属第一医院柯麟新星人才计划。在国内外核心期刊发表论文40余篇，其中以第一作者或通讯作者发表SCI文章8篇，副主译专著《子宫内膜异位症诊断和治疗实用指南》。社会兼职包括广东省医学会妇产科学分会委员会子宫内膜异位症学组副组长、中国优生科学协会妇科加速康复外科专业委员会委员、中国研究型医院学会妇产科学专业委员会青年委员、中国妇幼保健协会妇幼微创专业委员会妇科腹腔镜学组青年委员、《妇产与遗传（电子版）》杂志编委。积极参与各级教学改革研究活动，多次获得医院和学校嘉奖，包括2016年中山大学“叶任高-李幼姬”夫妇临床医学优秀中青年教师奖-优秀临床带教教师奖、2018年中山大学附属第一医院本科教学“优秀教师”、2019年中山大学附属第一医院本科教学“优秀教师”、2020年中山大学附属第一医院本科教学“先进教育工作者”、2021年中山大学“叶任高-李幼姬”夫妇临床医学优秀中青年教师奖-优秀临床带教老师、2021年中山大学校级教学成果奖一等奖（第三完成人）、2021年中山大学附属第一医院本科教学“优秀教师”、2022年中山大学附属第一医院住院医师规范化培训“优秀指导老师”。其他荣誉包括2017年博福-益普生（天津）制药有限公司“菲我莫属”子宫内膜异位症优秀病例演讲比赛全国总决赛二等奖、2018年复旦科技园临床生物样本库研究中心“银杏叶青年学者奖”、2019年中国妇幼保健协会第二届“曼医妙术”妇科腔镜手术精英赛全国总决赛二等奖。,https://www.fahsysu.org.cn/sites/1h.prod.sysucloud1.sysu.edu.cn/files/styles/focal_point_480/public/2022-10/%E6%A2%81%E7%82%8E%E6%98%A5.png?itok=7aB_K9pB,TRUE,0,,,,妇科疾病微创手术，尤其擅长子宫内膜异位症和子宫腺肌病,中山大学临床医学博士，现任中山大学附属第一医院妇科副主任医师、妇产科教研室副主任。从事妇产科临床工作7年余，主持国家级、省级等科研基金项目21项，发表论文40余篇（SCI 8篇），副主译专著1部。担任多个学术组织委员，多次获得教学和临床奖项，包括中山大学校级教学成果奖一等奖。
736379f2-5459-4421-af75-5cc89de26f8a,,牛刚,"副主任医师, 副教授, 硕士生导师",中山大学附属第一医院,妇科,"子宫肌瘤, 不孕症, 子宫腺肌症, 卵巢良性肿瘤, 宫颈机能不全, 子宫内膜异位症, 宫腔粘连, 子宫畸形, 疤痕憩室, 粘膜下肌瘤, 内膜息肉, 盆腔器官脱垂, 宫颈病变, 盆腔炎性疾病, 妇科微创手术",该医生1993年毕业于中山医科大学临床医学专业，获学士学位，后在中山大学附属第一医院妇产科工作近30年，历任住院医师、主治医师、副教授、副主任医师。2006年获得临床医学硕士学位，同年评聘为副教授、副主任医师，2007年获硕士生导师资格。2013年起担任中山大学八年制临床医学博士研究生全程导师。曾于2006年至2007年援藏，任西藏林芝地区妇幼保健院副院长。社会兼职包括中国医药教育协会专业委员会委员、广东省优生优育协会专家委员会委员、广东省妇幼保健协会专家委员会委员。学术成果方面，参与发表多篇SCI及核心期刊论文，并担任《现代灾难医学》和《临床输血》编委。2009年获广东省科学技术二等奖，2021年荣获“第七届羊城好医生暨第五届南粤好医生”评选的“最佳人气奖”。,https://www.fahsysu.org.cn/sites/1h.prod.sysucloud1.sysu.edu.cn/files/styles/focal_point_480/public/2023-10/%E7%89%9B%E5%88%9A%20%E8%A3%81%E5%89%AA%E7%99%BD%E5%BA%95.jpg?itok=T2t-ohhW,TRUE,0,,,,妇科疾病微创诊治，尤其擅长子宫肌瘤、不孕症及子宫内膜异位症,中山医科大学临床医学学士，中山大学临床医学硕士，在中山大学附属第一医院妇产科工作近30年，历任住院医师、主治医师、副教授、副主任医师。2007年获硕士生导师资格，2013年起担任中山大学八年制临床医学博士研究生全程导师。曾援藏任西藏林芝地区妇幼保健院副院长。社会兼职多项，参与发表多篇SCI论文，2009年获广东省科学技术二等奖。
21a82170-388c-42da-a9c4-19852caa9149,,谭金凤,副主任医师,中山大学附属第一医院,妇科,"子宫肌瘤,子宫内膜异位症,子宫腺肌病,月经病,不孕症,流产,宫颈HPV感染,宫颈癌前病变,宫颈癌,卵巢肿瘤,子宫内膜息肉,宫腔粘连,子宫内膜增生,子宫内膜癌,盆底功能障碍性疾病,子宫脱垂,张力性尿失禁,宫腔镜微创手术,腹腔镜微创手术,高强度聚焦超声微无创手术",该医生于2005年毕业留校工作，一直在中山大学附属第一医院妇产科工作至今。担任广东省医学会计划生育学学组分会第六届委员会流产后关爱成员。在国内外核心期刊发表论文20余篇，其中以第一作者或通讯作者发表的SCI文章有11篇。参与科研基金项目多项，包括国家级3项、省级5项、市级2项，主持校级基金1项。参与《子宫内膜异位症诊断和治疗实用指南》翻译和《实习医生手册》编写。2023年获“谁与争锋”妇科宫腔镜知识全国总决赛一等奖。,https://www.fahsysu.org.cn/sites/1h.prod.sysucloud1.sysu.edu.cn/files/styles/focal_point_480/public/2025-04/%E5%A6%87%E7%A7%91-%E8%B0%AD%E9%87%91%E5%87%A4-%E5%89%AF%E9%AB%98%EF%BC%88%E5%A4%A7%E4%B8%80%E5%AF%B8%EF%BC%8C%E7%99%BD%E5%BA%95%EF%BC%89.jpg?itok=dwgKGDAH,TRUE,0,,,,妇科疾病诊治及宫腔镜、腹腔镜微创手术,2005年毕业留校工作，一直在中山大学附属第一医院妇产科工作至今。担任广东省医学会计划生育学学组分会第六届委员会流产后关爱成员。发表论文20余篇，其中SCI文章11篇。参与多项科研基金项目，包括国家级3项。参与专业指南翻译和手册编写。2023年获妇科宫腔镜知识全国总决赛一等奖。
9c98acf7-18b1-459a-94d2-93e493735c5e,,王伟,副主任医师,中山大学附属第一医院,妇科,"妇科良恶性肿瘤规范化微创化诊疗, 子宫内膜异位症规范化微创化诊疗, 腹腔镜及腹式妇科良恶性肿瘤手术治疗, 深部浸润性子宫内膜异位症手术治疗, 宫颈癌根治术, 子宫内膜癌分期手术, 卵巢癌肿瘤细胞减灭术, 腹腔镜下盆腔深部浸润型子宫内膜异位症根治性切除术",该医生师从全国著名妇科内镜手术专家、妇科肿瘤专家姚书忠教授，2012年至2015年在中山大学攻读博士学位，2015年至今在中山大学附属第一医院工作。担任广东省医学会妇科肿瘤分会委员、中国抗癌协会腔镜与机器人外科分会委员等社会兼职。在学术研究方面，主要从事宫颈癌淋巴转移分子机制研究，发表多篇高水平学术论文，包括在ONCOGENE、CELL DEATH DIS、THERANOSTICS等国际期刊发表论文，并参与编写《子宫内膜异位症诊断和治疗实用指南》专著。曾获得第二届中欧妇科腔镜手术视频大赛全国总决赛冠军、第六届中国妇产科网手术视频大赛全国总决赛亚军、2018年爱惜捷妇科腔镜视频大赛全国总决赛亚军等荣誉。,https://www.fahsysu.org.cn/sites/1h.prod.sysucloud1.sysu.edu.cn/files/styles/focal_point_480/public/%E5%A6%87%E7%A7%91%20%20%E7%8E%8B%E4%BC%9F%20%20%E5%89%AF%E4%B8%BB%E4%BB%BB%E5%8C%BB%E5%B8%88.jpg?itok=sb89YRbC,TRUE,0,,,,妇科良恶性肿瘤及子宫内膜异位症的微创手术治疗,中山大学博士，师从姚书忠教授，现任中山大学附属第一医院医生。担任广东省医学会妇科肿瘤分会委员等社会兼职，主要从事宫颈癌淋巴转移分子机制研究，发表多篇高水平SCI论文，曾获第二届中欧妇科腔镜手术视频大赛全国总决赛冠军等多项荣誉。
bf62dd62-ae2a-4e46-a199-659c51d3c7ec,,徐漫漫,"副主任医师, 硕士研究生导师",中山大学附属第一医院,妇科,"腹腔镜微创技术, 宫腔镜微创技术, 妇科良性疾病治疗, 妇科恶性肿瘤治疗, 子宫肌瘤治疗, 卵巢囊肿治疗, 子宫内膜异位症治疗, 子宫内膜癌治疗, 宫颈机能不全治疗, 妇科肿瘤规范化治疗, 妇科肿瘤精准治疗, 宫颈病变筛查与管理, 肿瘤遗传咨询",该医生毕业于中山医科大学临床医学专业，获学士学位，后在中山大学附属肿瘤医院攻读硕士学位，并于中山大学附属第一医院获得博士学位。自2012年7月起在中山大学附属第一医院妇产科工作，历任主治医师、副主任医师。2023年4月至2024年4月，参加广东省医疗卫生人才‘组团式’紧密型帮扶项目，挂职惠东县人民医院妇产科主任及妇产科学科带头人。曾担任广东省肿瘤性疾病医疗质量控制中心卵巢癌专家委员会委员兼秘书、广东省药学会妇科肿瘤专委会委员等多个社会兼职。参与《中国妇科肿瘤学》等专业著作的编写及《子宫内膜异位症 诊断和治疗实用指南》的翻译工作，并获得广东省柯麟医学教育基金会临床医学专业优秀中青年教师奖、中山大学附属第一医院优秀教师等多项荣誉。,https://www.fahsysu.org.cn/sites/1h.prod.sysucloud1.sysu.edu.cn/files/styles/focal_point_480/public/2024-05/%E5%A6%87%E7%A7%91%20%E5%BE%90%E6%BC%AB%E6%BC%AB%20%E5%89%AF%E9%AB%98.jpg?itok=DqZEfncr,TRUE,0,,,,妇科肿瘤微创治疗与规范化精准治疗,中山医科大学临床医学学士，中山大学附属肿瘤医院硕士，中山大学附属第一医院博士。现任中山大学附属第一医院妇产科副主任医师，从事妇产科工作20余年。曾挂职惠东县人民医院妇产科主任及学科带头人，担任多个省级妇科肿瘤专委会委员，参与专业著作编写与翻译，获多项教学与临床奖项。
e349e2c7-25f3-4222-a06d-bb93c41f8c58,,袁林静,副主任医师,中山大学附属第一医院,妇科,"妇科恶性肿瘤规范化与个体化治疗, 妇科良恶性肿瘤治疗, 腹腔镜下妇科良恶性疾病手术治疗, 宫颈病变早诊早治与规范化管理",该医生于2005年9月至2010年7月在中山大学中山医学院获得学士学位，2010年9月至2015年7月在中山大学肿瘤防治中心获得博士学位。2015年至今在中山大学附属第一医院妇科工作，依次晋升为主治医师、副主任医师。担任广东省临床医学学会肿瘤学专业委员会妇科学组青年委员和广东省临床医学学会妇产科学专业委员会青年委员。科研方面主持广东省自然科学基金1项和国家自然科学基金青年基金1项，发表SCI论文及中文核心期刊论文十余篇，其中第一作者SCI论文5篇、第一作者中文核心期刊论文1篇。,https://www.fahsysu.org.cn/sites/1h.prod.sysucloud1.sysu.edu.cn/files/styles/focal_point_480/public/2024-05/%E5%A6%87%E7%A7%91%2B%E8%A2%81%E6%9E%97%E9%9D%99%2B%E5%89%AF%E9%AB%98.jpg?itok=qWNqFX4U,TRUE,0,,,,妇科良恶性肿瘤治疗与腹腔镜手术,中山大学肿瘤防治中心博士，现任中山大学附属第一医院妇科副主任医师。担任广东省临床医学学会肿瘤学专业委员会妇科学组青年委员，主持国家自然科学基金青年基金等科研项目，发表SCI论文十余篇。
611f6f61-ab17-4138-99b8-ab93cd9f7777,,赵云荷,"副主任医师, 硕士研究生导师",中山大学附属第一医院,妇科,"妇科腹腔镜微创手术, 宫腔镜微创手术, 阴式微创手术, 妇科良恶性肿瘤微创治疗, 子宫内膜异位症微创治疗, 不孕症微创治疗, 子宫脱垂微创治疗, 宫颈癌诊治, 卵巢癌诊治, 子宫内膜癌诊治, 妇科肿瘤手术, 妇科肿瘤化疗, 妇科肿瘤个体化靶向治疗, 妇科肿瘤长期管理",该医生毕业于北京大学临床医学专业，先后获得中山大学妇产科硕士和妇科肿瘤学博士学位。自2008年起在中山一院妇产科工作，从住院医师晋升至主治医师、副主任医师，扎根妇科肿瘤临床实践10余年。2017年起担任中山一院东院妇产科副主任，兼任东院妇产科教学主任和硕士研究生导师。担任广东省基层医药学会妇科专业委员会委员，曾承担全国医学生临床技能大赛国赛妇产科教官，带教团队获全国特等奖。医学专业英语能力突出，曾带教英国格拉斯哥大学交换生，熟练使用英语进行涉外门诊交流。发表代表性论著《PARP inhibitors in breast and ovarian cancer with BRCA mutations: a meta-analysis of survival》，并荣获2021年度羊城青年好医生称号。,https://www.fahsysu.org.cn/sites/1h.prod.sysucloud1.sysu.edu.cn/files/styles/focal_point_480/public/2022-06/%E8%B5%B5%E4%BA%91%E8%8D%B7%E7%99%BD%E5%BA%95%E7%85%A7%E7%89%87.png?itok=2tJI91NT,TRUE,0,,,,妇科肿瘤微创手术及综合治疗,北京大学临床医学专业毕业，中山大学妇科肿瘤学博士，现任中山一院东院妇产科副主任、硕士研究生导师。从事妇科肿瘤临床工作10余年，担任广东省基层医药学会妇科专业委员会委员，曾获2021年度羊城青年好医生称号，发表高水平SCI论文，并具备突出的医学英语教学和交流能力。
ad52aa4f-1853-4bf5-aa15-9beb08193bbf,,陈海天,主任医师,中山大学附属第一医院,产科,"围产医学, 母胎医学, 妊娠合并症和并发症的诊治, 双胎妊娠, 剖宫产后再次妊娠的全程管理, 妊娠合并内科疾病, 糖尿病, 高血压, 高脂血症, 免疫性疾病, 甲状腺疾病, 产程管理, 产后出血治疗, 产科手术, 助产技术",该医生2007年毕业于中山大学中山医学院临床医学七年制专业并留院工作至今，一直从事妇产科医教研工作，2014年取得博士学位。担任广东省健康管理学会母胎医学专业委员会副主任委员、广东省医学会围产学会青委委员和妊娠期糖尿病学组组员、广东省妇幼保健协会高危妊娠管理专业委员会常委。发表学术论文20多篇，参编专著2部。,https://www.fahsysu.org.cn/sites/1h.prod.sysucloud1.sysu.edu.cn/files/styles/focal_point_480/public/2022-05/%E4%BA%A7%E7%A7%91%20%E9%99%88%E6%B5%B7%E5%A4%A9%20%E5%89%AF%E9%AB%98.jpg?itok=wKQn6gCe,TRUE,0,,,,围产医学、母胎医学及妊娠合并症诊治,中山大学临床医学七年制毕业，2014年获博士学位，从事妇产科医教研工作近20年。现任广东省健康管理学会母胎医学专业委员会副主任委员等社会兼职，发表论文20余篇，参编专著2部。
03db4a9d-06ea-45ac-90c9-82f578e42b85,,罗艳敏,"主任医师, 教授",中山大学附属第一医院,产科,"优生咨询, 介入性产前诊断, 宫内治疗, 胎儿先天性疾病诊治, 多胎妊娠并发症诊治, 遗传病产前诊断, 胎盘异常与母胎疾病关系",该医生于1993年至2000年在中山医科大学临床医学系7年制（英语班）学习，获硕士学位；2002年至2005年在中山大学附属第一医院妇产科学习和工作，获博士学位；2011年至2013年在美国德州大学西南医疗中心进行博士后培训；2014年在香港中文大学威尔斯亲王医院妇产科进修。社会兼职包括广东省医学会围产医学分会青年委员、广东省优生优育协会胎儿医学专业委员会秘书、广东省妇幼保健协会产前诊断培训专家、中华围产医学杂志通讯编委。,https://www.fahsysu.org.cn/sites/1h.prod.sysucloud1.sysu.edu.cn/files/styles/focal_point_480/public/2025-10/%E4%BA%A7%E7%A7%91_%E7%BD%97%E8%89%B3%E6%95%8F%28%E5%8E%8B%E7%BC%A9%29.jpeg?itok=EcsEtOHw,TRUE,0,,,,妇产科优生咨询、产前诊断与胎儿疾病诊治,中山医科大学硕士、中山大学博士，美国德州大学西南医疗中心博士后，香港中文大学威尔斯亲王医院进修。现任主任医师、教授，担任广东省医学会围产医学分会青年委员、广东省优生优育协会胎儿医学专业委员会秘书等社会职务。
590ad9e4-c4db-428d-aa5b-e17acc152677,,刘斌,"主任医师, 博士生导师",中山大学附属第一医院,产科,"妇产科常见多发病诊治, 产科相关疾病综合治疗, 妊娠合并内外科疾病, 瘢痕子宫, 前置胎盘, 双胎妊娠, 妊娠期糖尿病早期筛查和机制研究, 产程管理, 胎儿围分娩期安全监护, 安全助产技术及工具改进和研发",该医生本科毕业于中山大学中山医学院，博士毕业于中山大学附属第一医院，博士期间受国家公派至加拿大西安大略大学联合培养。博士毕业后一直留院工作至今，历任医师、主治医师、副主任医师、主任医师、博士研究生导师，现任妇产科副主任、妇产科教研室副主任。2019年获广东省杰出青年医学人才称号，2020年作为中山一院驰援武汉抗击新冠疫情医疗队队员参加一线抗疫工作。社会兼职为广东省医学会妇产科学分会委员，以第一、通信作者在本领域有影响力的杂志发表SCI论文多篇，并获一项国家实用新型专利授权。,https://www.fahsysu.org.cn/sites/1h.prod.sysucloud1.sysu.edu.cn/files/styles/focal_point_480/public/092620.jpg?itok=y_6E-4f1,TRUE,0,,,,产科疾病综合治疗与安全助产技术,中山大学医学博士，现任某医院妇产科副主任、主任医师、博士生导师，历任医师至主任医师。曾公派至加拿大西安大略大学联合培养，获广东省杰出青年医学人才称号，参与武汉抗疫一线工作，担任广东省医学会妇产科学分会委员，发表多篇SCI论文并获得专利。
55815348-d60a-44f2-a591-8663551437ab,,王子莲,"主任医师, 教授",中山大学附属第一医院,产科,"高危妊娠, 母胎监护, 多胎妊娠, 妊娠期糖尿病, 妊娠合并内外科疾病",该医生现任中山大学附属第一医院妇产科主任，担任中华医学会妇产科分会产科学组成员、广东省妇产科分会常委及产科学组成员、广东省医师协会妇产科分会副主任委员、广东省营养学会妇幼专业委员会副主任委员、广东省围产医学会妊娠糖尿病学组组长、中华产科急救杂志副主编、中华围产医学杂志编委、广州市妇女儿童保健专家组副组长、广东省优生优育协会围产保健专家组成员、广东省医学会医疗事故技术鉴定专家库成员、第三届广东省继续医学教育委员会学科组成员、中国DOHaD联盟成员、《妇产与遗传》杂志常务编委、《现代妇产科进展》杂志编委、《中华临床医师杂志》电子版审稿人、《中山大学学报医学科学版》审稿人等社会兼职。在中外专业医学杂志上发表各类论著、专家笔谈等一百多篇，主编《妇产科疾病临床诊断与治疗方案》，参与编写《内科医生会诊指南》《现代临床思维培养》《胎儿窘迫与新生儿窒息复苏》《妊娠期和哺乳期用药》《剖宫产热点问题解读》《中华围产医学》《妇产科急危重症救治》《母胎医学循证指引》等专著。2009年获中山大学优秀党员、广东省南粤优秀教师，2010年获教育部宝钢优秀教师奖，2011年获中山大学教学名师奖，2012年获“叶任高李幼姬夫妇临床医学优秀中青年教师奖教金”。,https://www.fahsysu.org.cn/sites/1h.prod.sysucloud1.sysu.edu.cn/files/styles/focal_point_480/public/2023-06/%E7%8E%8B%E5%AD%90%E8%8E%B2.jpg?itok=fhz9qAfy,TRUE,0,,,,围产医学、高危妊娠、妊娠期糖尿病,现任中山大学附属第一医院妇产科主任，担任中华医学会妇产科分会产科学组成员、广东省妇产科分会常委及产科学组成员、广东省医师协会妇产科分会副主任委员、广东省围产医学会妊娠糖尿病学组组长等多项社会兼职。发表论著一百多篇，主编及参编多部专著，曾获中山大学优秀党员、广东省南粤优秀教师、教育部宝钢优秀教师奖、中山大学教学名师奖等荣誉。
8a2b7c7f-e7f9-4560-95a4-737193587f73,,周祎,主任医师,中山大学附属第一医院,产科,"高危妊娠监护, 优生咨询, 早中孕产前筛查与产前诊断, 宫内治疗, 多胎妊娠诊治, 超声评估, 胎儿异常的诊治, 胎儿发育生物学, 复杂性多胎的临床管理与研究, 胎儿超声",该医生1997年毕业于北京医科大学，2002年获中山大学医学博士学位，2007年至2009年由国家公派在英国King's College Hospital接受规范的胎儿医学高级医师培训并进行博士后研究。现任英国胎儿医学基金会评审员及培训员、中国影像技术学会妇产超声分会委员、中华围产医学分会胎儿医学学组成员及产前诊断学组副组长、中华妇产科分会产科学组青年委员。发表多篇学术论文，包括《中国胎儿医学，现状及展望》《比较基因组杂交技术在产前诊断领域的应用》等，并翻译《威廉姆斯产科学》及英国胎儿医学基金会系列教程。多次获得年度考核优秀、优秀教师奖及中英文教学大赛奖项。,https://www.fahsysu.org.cn/sites/1h.prod.sysucloud1.sysu.edu.cn/files/styles/focal_point_480/public/032309_0.jpg?itok=92GiDcmM,TRUE,0,,,,母胎医学、高危妊娠监护、产前诊断与宫内治疗,北京医科大学本科、中山大学医学博士，英国King's College Hospital胎儿医学高级培训及博士后。现任英国胎儿医学基金会评审员、中国影像技术学会妇产超声分会委员、中华围产医学分会胎儿医学学组成员及产前诊断学组副组长。发表多篇学术论文，翻译专业著作，多次获教学奖项。
9d19763c-4bf7-4182-9bb1-7d84d816e8ef,,蔡坚,副主任医师,中山大学附属第一医院,产科,"围产医学, 高危妊娠监护, 围生期并发症, 病理产科, 早产, 妊娠期高血压疾病, 胎儿监护",该医生于1988年至1995年在中山医科大学完成七年制本硕连读，1995年起在中山大学附属第一医院妇产科工作，历任住院医师、主治医师、讲师，2006年晋升为副主任医师并工作至今。2011年曾赴美国辛辛那提大学医院妇产科及胎儿医学中心学习。担任广东优生优育协会第五届理事会专家委员会委员、广东省医学会围产医学分会第五届委员会产科早产及复发性流产学组成员、广东省医学会妇幼保健学分会委员、广东省妇幼健康教育专业委员会委员。发表多篇学术论文，如《体外受精－胚胎移植后宫内宫外复合妊娠的诊治探讨》《抗感染在早产治疗中的作用探讨》等，并担任《妇产科临床诊断与治疗方案》副主编。,https://www.fahsysu.org.cn/sites/1h.prod.sysucloud1.sysu.edu.cn/files/styles/focal_point_480/public/043731.jpg?itok=DDPHzNcZ,TRUE,0,,,,围产医学、高危妊娠监护与病理产科,中山医科大学七年制本硕连读毕业，现任中山大学附属第一医院妇产科副主任医师，从事妇产科临床工作近30年。曾赴美国辛辛那提大学医院进修，担任多个省级医学会委员，发表多篇学术论文并参与专著编写。
6f1e6bd7-8bdc-4d83-ba7f-baeab64fa112,,陈汉青,副主任医师,中山大学附属第一医院,产科,"高危妊娠监护及处理, 产科急危重症, 产后出血, 难产, 妊娠期糖尿病监护及处理, 孕期活动, 孕期营养",该医生于2006年毕业于中山大学中山医学院，毕业后一直在中山一院妇产科工作至今。担任广东省健康管理学会母胎医学专委会副秘书长，在国内外发表论文30余篇。,https://www.fahsysu.org.cn/sites/1h.prod.sysucloud1.sysu.edu.cn/files/styles/focal_point_480/public/2022-09/%E4%BA%A7%E7%A7%91%20%E9%99%88%E6%B1%89%E9%9D%92%20%E5%89%AF%E9%AB%98.jpg?itok=6pHJr0Dl,TRUE,0,,,,高危妊娠、产科急危重症处理,2006年毕业于中山大学中山医学院，毕业后一直在中山一院妇产科工作至今，担任广东省健康管理学会母胎医学专委会副秘书长，发表论文30余篇。
b620c8a0-6a42-4a19-bc8c-12c9c4bc28bf,,黄林环,副主任医师,中山大学附属第一医院,产科,"优生咨询, 介入性产前诊断, 宫内治疗, 高危妊娠孕前咨询和诊断, 孕期用药咨询, 遗传病产前诊断, 胎儿疾病诊治, 复杂性双胎临床诊治, 母胎血型不合, 胎儿宫内评估及宫内治疗, 多胎妊娠减胎, 快速羊水减量, 羊膜腔灌注, 宫内输血",该医生2003年毕业于中山大学临床医学专业，同年免试就读中山大学附属第一医院妇产科硕士，2006年毕业后留院工作至今，2014年获中山大学医学博士学位，从事产科临床工作15年。现任广州市母胎医学会青年委员、广东优生优育协会胎儿医学专委会秘书、广东省医师协会围产医学分会委员会委员、广东省妇幼保健协会脐带血应用专业委员会委员。发表与母胎医学、胎儿发育异常相关的文章30余篇，其中SCI第一作者论著4篇，中华系列第一作者论著5篇，参编《实用产科手术学》和《临床基本技能操作手册》。多次年度考核优秀，获优秀教师、优秀中国共产党员称号，在多次教学大赛中获奖。,https://www.fahsysu.org.cn/sites/1h.prod.sysucloud1.sysu.edu.cn/files/styles/focal_point_480/public/2024-08/img_0670.jpeg?itok=3qiEZzxo,TRUE,0,,,,胎儿宫内诊断与治疗、高危妊娠管理,中山大学医学博士，现任中山大学附属第一医院妇产科副主任医师，从事产科临床工作15年，专长于胎儿宫内诊断与治疗，每年完成近千例手术。担任多个母胎医学相关学会委员，发表学术论文30余篇，参编专业著作2部，多次获得优秀教师等荣誉。
04d08870-ac44-4f7a-a1b0-49c25904faf1,,黄轩,副主任医师,中山大学附属第一医院,产科,"优生遗传咨询, 胎儿疾病的产前筛查, 产前诊断, 宫内治疗, 复杂性双胎的诊治, 胎盘发育的转录表达及转录调控, 胎儿肢体发育短小的遗传学病因",该医生2002年毕业于华中科技大学同济医学院，2002年至2004年在江西省妇幼保健院优生遗传科工作，2007年于中山大学附属第一医院妇产科胎儿医学硕士毕业并留院工作至今，2015年获妇产科胎儿医学博士学位。2017年1月至2019年1月，公派赴美在德州大学西南医学中心完成博士后培训，并在Parkland Memorial Hospital访问学习。发表第一或并列第一作者论文10篇，其中SCI论文3篇，2次在国际会议上做口头报告，论文发表于PRENATAL DIAGNOSIS、JOURNAL OF CELLULAR AND MOLECULAR MEDICINE、PLoS One、中华妇产科学杂志、中华围产医学杂志、中华遗传医学杂志等国内外期刊。曾获评中山一院“优秀见习带教老师”和“我最喜爱的实操培训教官”，教学测试考评结果为“优秀”。,https://www.fahsysu.org.cn/sites/1h.prod.sysucloud1.sysu.edu.cn/files/styles/focal_point_480/public/030326.jpg?itok=N0imOsiY,TRUE,0,,,,优生遗传咨询与胎儿疾病诊治,华中科技大学同济医学院毕业，中山大学附属第一医院妇产科胎儿医学博士，留院工作至今。公派赴美在德州大学西南医学中心完成博士后培训，并在Parkland Memorial Hospital访问学习。发表第一或并列第一作者论文10篇，其中SCI论文3篇，2次在国际会议上做口头报告。曾获评优秀教学奖项。
6667aa00-52c6-4157-b3e0-02a393589eef,,何志明,副主任医师,中山大学附属第一医院,产科,"胎儿医学, 胎儿疾病诊治, 多胎妊娠, 生长受限, 结构异常, 贫血, 水肿, 遗传性疾病诊断, 遗传咨询, 辅助生育PGT评估, 罕见病遗传因素探索, 生育指导, 产前诊断取材, 宫内治疗技术",该医生2005年毕业于中山大学，2010年获得中山大学博士学位，随后进入中山大学附属第一医院产科胎儿医学中心工作。担任广东省优生优育协会胎儿医学专委会秘书及广州市母胎医学会青年委员。参编多本重点专著及教材，包括国家住院医师规范化培训教材《医学遗传学》第一、二版、《产前遗传病诊断》和《实用产科手术学》。曾获2020年广东省首届遗传咨询质控大赛第一名。,https://www.fahsysu.org.cn/sites/1h.prod.sysucloud1.sysu.edu.cn/files/styles/focal_point_480/public/%E4%BD%95%E5%BF%97%E6%98%8E%20%E7%9B%B8%E7%89%872021-%E7%99%BD%E5%BA%95.jpg?itok=B7ArhHso,TRUE,0,,,,胎儿医学、遗传咨询及产前诊断,中山大学博士，现任中山大学附属第一医院产科胎儿医学中心医生，担任广东省优生优育协会胎儿医学专委会秘书及广州市母胎医学会青年委员，参编多部医学专著，曾获2020年广东省首届遗传咨询质控大赛第一名。
5db933b1-8c8b-48c6-a199-5d53de9b9711,,刘立群,副主任医师,中山大学附属第一医院,产科,"危急重症孕产妇抢救, 围产医学, 高危妊娠管理, 难产处理, 复发性流产, 宫颈机能不全诊治, 月经不调内分泌紊乱诊治, 围绝经期综合征诊治, 更年期激素替代治疗, 妊娠合并子宫内膜异位症诊治, 妊娠合并子宫肌瘤诊治, 妊娠合并卵巢肿瘤诊治, 复杂剖宫产术, 难产接生, 宫颈环扎术",该医生从事妇产科专业临床工作20多年，具有扎实的专业知识和丰富的临床经验。现任中山大学附属第一医院东院产科负责人，主持产科工作10年，东院作为黄埔区孕产妇重症救治中心，为黄埔区孕产妇救治工作做出了突出贡献。担任广东省医师协会围产医学分会委员、广东省健康管理协会母胎医学专业委员会委员、广东省医学教育协会妇产科学专业委员会委员、广东省临床医学协会产科专委会委员等社会职务。在国内外刊物上发表论文十多篇。,https://www.fahsysu.org.cn/sites/1h.prod.sysucloud1.sysu.edu.cn/files/styles/focal_point_480/public/2023-11/%E4%BA%A7%E7%A7%91%20%E5%88%98%E7%AB%8B%E7%BE%A4%20%E5%89%AF%E4%B8%BB%E4%BB%BB%E5%8C%BB%E5%B8%88.jpg?itok=RTzt774d,TRUE,0,,,,妇产科危急重症救治、高危妊娠管理及各类产科手术,从事妇产科临床工作20多年，现任中山大学附属第一医院东院产科负责人，主持产科工作10年，担任多个省级专业委员会委员，发表论文十多篇。
4322f251-674a-4631-b1a1-ff049fdf1217,,李珠玉,副主任医师,中山大学附属第一医院,产科,"优生咨询, 产前筛查与产前诊断, 妊娠期糖尿病, 妊娠期高血压疾病, 胎儿生长受限, 剖宫产术后妊娠管理, 辅助生殖受孕后妊娠管理, 妊娠合并甲状腺疾病, 妊娠合并系统性红斑狼疮, 产科手术, 助产技术",该医生2008年毕业于中山大学中山医学院，后免试推荐攻读中山大学附属第一医院妇产科研究生，2011年毕业后留院从事产科临床工作至今，2024年至今攻读香港中文大学母胎医学理学硕士课程。担任广东省医学会生殖免疫与优生学分会青年委员会副主任委员、广东省医师协会母胎医学医师分会常务委员、广东省健康管理学会母胎医学专业委员会常务委员、广东省医学会围产医学分会妊娠期糖尿病学组成员兼秘书、广东省医学会妇产科学分会多胎妊娠与早产学组秘书。以第一作者及通讯作者发表SCI论著10篇，主持或参与国家自然科学基金及省市级课题多项。,https://www.fahsysu.org.cn/sites/1h.prod.sysucloud1.sysu.edu.cn/files/styles/focal_point_480/public/2025-07/%E4%BA%A7%E7%A7%91_%E6%9D%8E%E7%8F%A0%E7%8E%89_%E5%89%AF%E9%AB%98.jpg?itok=93qOoBwm,TRUE,0,,,,母胎医学、产科疾病诊治与手术,中山大学医学背景，长期在中山大学附属第一医院从事产科临床工作，攻读香港中文大学母胎医学硕士。担任多个省级医学会委员，发表SCI论文10篇，参与多项国家级及省市级科研项目。
612ac2e4-9caf-44c7-8f26-c50a67676560,,彭田玉,副主任医师,中山大学附属第一医院,产科,"妇产科常见病多发病诊治, 妇产科疑难急危重病例诊治, 妇科手术（腹式全子宫切除术、卵巢癌根治术、阴式全子宫切除及阴道前后壁修补术、非脱垂阴式全子宫切除）, 计划生育手术, 宫腔镜腹腔镜下手术, B超检查, 高危妊娠诊治, 产程处理及并发症处理, 内科疾病合并妊娠处理, 产科手术",该医生1989年毕业于湖南医科大学医疗系，获学士学位。毕业后分配至湖南湘潭市中心医院工作，1992年调入广州市东山区人民医院从事妇产科临床工作，1996年聘为妇产科主治医师。曾先后在中山大学附属第一医院进修妇产科B超、妇产科临床及妇科腹腔镜，在佛山市第一人民医院进修宫腔镜技术，并在中山大学完成妇产科专业研究生课程学习。2002年获得妇产科副主任医师资格，2004年正式聘任。2008年参加院本部妇产科住院总工作，2009年起一直在院本部产科工作，2010年起参加院本部三值值班。2012年7月起参加顺德容奇医院的临床工作。,https://www.fahsysu.org.cn/sites/1h.prod.sysucloud1.sysu.edu.cn/files/styles/focal_point_480/public/025400.jpg?itok=QCbSIst6,TRUE,0,,,,妇产科临床诊治及宫腔镜腹腔镜手术,1989年毕业于湖南医科大学医疗系，学士学位。先后在湖南湘潭市中心医院、广州市东山区人民医院工作，1996年聘为妇产科主治医师，2002年获得妇产科副主任医师资格。曾在中山大学附属第一医院、佛山市第一人民医院进修学习，并在中山大学完成研究生课程。2009年起在院本部产科工作，2012年起参加顺德容奇医院临床工作。
57179fae-fcdd-4da1-af3d-b1aa48757457,,王冬昱,副主任医师,中山大学附属第一医院,产科,"围产医学, 母胎医学, 高危妊娠, 母胎监护, 妊娠期糖尿病, 妊娠期高血压疾病, 产前产后出血, 妊娠合并内外科疾病, 妊娠期内分泌疾病",该医生于2002年毕业于中山大学临床医学专业本科，2015年获得中山大学妇产科学博士学位，从事妇产科临床工作近20年。教育经历包括中山大学临床医学学士、广州医科大学妇产科学硕士和中山大学妇产科学博士。工作经历方面，自2015年7月起在中山大学附属第一医院妇产科担任主治医师和副主任医师，此前于2002年7月至2012年8月在广州市第一人民医院妇产科担任住院医师和主治医师。社会兼职包括担任广东省临床医学学会产科学专业委员会委员兼秘书、广东省医学会围产医学分会营养学组成员以及广东省营养学会妇幼营养专业委员会委员。学术成就方面，作为第一及通讯作者发表了多篇SCI论著，主要研究领域涉及妊娠期糖尿病、高危妊娠和产后出血等，并曾获得广东省科技进步三等奖和广州市科技进步二等奖各一项。,https://www.fahsysu.org.cn/sites/1h.prod.sysucloud1.sysu.edu.cn/files/styles/focal_point_480/public/113350.jpg?itok=RVX3NqDi,TRUE,0,,,,围产医学、母胎医学及高危妊娠诊治,中山大学妇产科学博士，现任中山大学附属第一医院妇产科副主任医师，从事妇产科临床工作近20年。拥有中山大学临床医学学士、广州医科大学妇产科学硕士和中山大学妇产科学博士学位。曾在广州市第一人民医院妇产科工作，现任广东省临床医学学会产科学专业委员会委员兼秘书等社会职务。发表多篇SCI论著，研究方向包括妊娠期糖尿病和高危妊娠，曾获广东省科技进步三等奖和广州市科技进步二等奖。
17385737-8d42-48e6-8065-27bc9825e43d,,王晶,副主任医师,中山大学附属第一医院,产科,"围产医学保健, 妊娠期高血压, 妊娠期糖尿病, 多胎妊娠, 高龄/高危妊娠, 早产, 母胎监护, 妊娠合并内外科疾病诊治, 子痫前期, 胎儿生长受限, 高龄孕产妇围产期保健",该医生现任中山大学附属第一医院副主任医师，曾在该院担任住院医师和主治医师。师从著名妇产科专家王子莲教授和何勉教授，从事产科危重症患者的临床诊疗及围手术期救治研究。2021年至2022年派驻香港中文大学威尔斯亲王医院担任访问学者，师从潘昭颐教授，从事子痫前期的临床研究工作。担任《中山大学学报》及多种SCI杂志审稿人，年主刀手术量曾获院区前十表彰。主持国家自然科学基金、广东省自然科学基金等多个科研项目，参与国家、省部级科研项目十余项。以第一/通讯作者发表高水平SCI论文多篇，包括IF＞10的论文4篇，中文核心期刊论文8篇，并获得国家发明专利授权3项，荣获多项政府发明转化奖励。,https://www.fahsysu.org.cn/sites/1h.prod.sysucloud1.sysu.edu.cn/files/styles/focal_point_480/public/2025-04/%E4%BA%A7%E7%A7%91_%E7%8E%8B%E6%99%B6_%E5%89%AF%E9%AB%98.jpg?itok=1KuLRvTj,TRUE,0,,,,围产医学保健、产科危重症诊疗,现任中山大学附属第一医院副主任医师，从事产科危重症临床诊疗及研究。师从王子莲教授和何勉教授，曾赴香港中文大学威尔斯亲王医院担任访问学者。主持多项国家级和省级科研项目，发表高水平SCI论文多篇，获得国家发明专利3项及多项政府奖励。
35b4702b-4930-4281-bad5-6a99c418a449,,吴艳欣,"副主任医师, 硕士研究生导师",中山大学附属第一医院,产科,"妇产科常见疾病诊治, 妊娠及妊娠并发症诊治, 母胎监护技术, 产程管理, 妊娠期糖尿病, 妊娠合并肥胖, 妊娠期高血压疾病, 胎儿生长受限, 剖宫产术后再次妊娠, 妊娠合并子宫肌瘤, 孕期体重管理, 妊娠合并内外科疾病, 产科手术, 助产技术",该医生于2017年获得中山大学妇产科学博士学位，2010年至今在中山大学附属第一医院妇产科工作，2018年公派赴美国哈佛大学医学院参与博士后培训，现任副主任医师、硕士研究生导师。担任肝病专科医师分会妊娠肝病专业组委员，以第一作者或通讯作者在妇产科相关权威杂志发表SCI论文及中文核心期刊论文近20篇，主持或参与国家自然科学基金及省市级课题多项。,https://www.fahsysu.org.cn/sites/1h.prod.sysucloud1.sysu.edu.cn/files/styles/focal_point_480/public/2022-06/%E4%BA%A7%E7%A7%91%20%E5%90%B4%E8%89%B3%E6%AC%A3%20%E5%89%AF%E9%AB%98.jpg?itok=OgU154tw,TRUE,0,,,,妇产科疾病诊治、妊娠并发症管理及产科手术,中山大学妇产科学博士，现任中山大学附属第一医院妇产科副主任医师、硕士研究生导师。2018年公派赴美国哈佛大学医学院参与博士后培训，担任肝病专科医师分会妊娠肝病专业组委员，发表SCI及核心期刊论文近20篇，主持或参与多项国家级及省市级课题。
fe572bc9-4b05-4ff9-8443-ca0aa13822c9,,祝彩霞,副主任医师,中山大学附属第一医院,产科,"高危妊娠监护, 围生期并发症, 病理产科, 子痫前期, 胎儿医学, 产科相关疾病综合治疗, 母胎监护, 产程管理, 妊娠合并内外科疾病, 胎儿生长受限, 高危妊娠孕前咨询和诊断, 孕期用药咨询, 遗传病生育指导",该医生于2006年至2014年在华中科技大学同济医学院攻读临床医学博士学位，2014年至今在中山大学附属第一医院妇产科工作，2018年至2020年在德国慕尼黑工业大学从事博士后研究。现任广东省健康管理学会母胎医学专委会副秘书长，曾获林芝市人民医院优秀援藏工作者、中山大学附属第一医院优秀教师、十佳优秀教师、优秀住培轮科导师以及中山大学叶任高-李幼姬夫妇优秀临床医学中青年教师奖等荣誉。主持国家自然科学基金青年科学基金项目、广东省自然科学基金面上基金项目和区域联合基金项目，近5年发表SCI论文8篇。,https://www.fahsysu.org.cn/sites/1h.prod.sysucloud1.sysu.edu.cn/files/styles/focal_point_480/public/2025-04/%E4%BA%A7%E7%A7%91-%E7%A5%9D%E5%BD%A9%E9%9C%9E-%E5%89%AF%E4%B8%BB%E4%BB%BB%E5%8C%BB%E5%B8%88.jpeg?itok=-a1M8qWg,TRUE,0,,,,高危妊娠监护、子痫前期和胎儿医学,华中科技大学同济医学院临床医学博士，现任中山大学附属第一医院妇产科医生，德国慕尼黑工业大学博士后，广东省健康管理学会母胎医学专委会副秘书长。主持多项国家级和省级科研项目，近5年发表SCI论文8篇，多次获得优秀教师和援藏工作者等荣誉。
ee50fa3f-e0d0-4bc0-bcd6-1f56e1e11f3a,,张颖,副主任医师,中山大学附属第一医院,产科,"围产医学, 母胎监护, 妊娠合并内、外科疾病, 妊娠各种并发症, 肿瘤性疾病, 血管和血栓性疾病, 神经科疾病, 子宫肌瘤合并妊娠, 宫颈机能不全, 甲状腺疾病, 糖尿病, 产科手术, 剖宫产, 分娩及助产",该医生1993年毕业于中山医科大学本科，2001年获得中山医科大学硕士学位，2008年赴香港大学玛丽医院进修。长期在中山大学附属第一医院妇产科工作，从事临床、教学和科研工作近30年。担任广东省医师协会围产分会委员，在国内外期刊发表文章30余篇，参编专著2部，曾获多年优秀教师和先进工作者称号。,https://www.fahsysu.org.cn/sites/1h.prod.sysucloud1.sysu.edu.cn/files/styles/focal_point_480/public/034203.jpg?itok=net9_4kk,TRUE,0,,,,围产医学、母胎监护及妊娠合并症处理,1993年中山医科大学本科毕业，2001年获硕士学位，2008年香港大学玛丽医院进修。长期在中山大学附属第一医院妇产科工作近30年，担任广东省医师协会围产分会委员，发表文章30余篇，参编专著2部，获多年优秀教师和先进工作者称号。
6cf6aac4-48c3-4692-9e84-29a10a33cf27,,陈明晖,主任医师,中山大学附属第一医院,生殖医学中心,"不孕症诊治, 月经病诊治, 辅助生殖技术应用, 女性生殖系统生物钟研究, 多囊卵巢综合征发病机制研究, 子宫腺肌症助孕治疗, 不孕症合并妇科肿瘤助孕治疗",该医生于2005年在中山大学中山医学院获得临床医学硕士学位，2012年在中山大学获得妇产科专业博士学位。自2005年起在中山大学附属第一医院妇产科从事临床工作，2017年开始担任副主任医师。以第一作者在BJOG、Fertility and sterility等杂志发表多篇论著，主持及参与多项国家、省级基金项目。,https://www.fahsysu.org.cn/sites/1h.prod.sysucloud1.sysu.edu.cn/files/styles/focal_point_480/public/041056.jpg?itok=bv-FdhN7,TRUE,0,,,,不孕症、辅助生殖技术及妇科内分泌疾病诊治,中山大学妇产科博士，自2005年起在中山大学附属第一医院妇产科工作，2017年晋升副主任医师。发表多篇SCI论文，主持参与多项国家级、省级科研项目。
f2d4cfbb-5436-4125-8c83-f77f93e5edbb,,麦庆云,主任医师,中山大学附属第一医院,生殖医学中心,"卵巢低储备妇女辅助生殖助孕治疗措施的个体化制定, 多囊卵巢综合征患者的辅助生育与内分泌调节的综合治疗, 提高反复胚胎种植失败患者的成功率, 改善子宫内膜容受性",该医生于2000年至2005年在中山大学附属第一医院攻读生殖内分泌博士学位，随后在该院生殖中心工作，历任主治医师、副教授、副主任医师，自2017年12月起担任主任医师。2013年至2015年在美国西南医学中心从事生殖生理博士后研究。现任广东省医师协会生殖医学会常委，并担任《生殖医学杂志》和《中国计划生育与妇产科杂志》编委。在学术研究方面，发表了多篇高水平论文，包括在《Cell Research》、《Human Reproduction》、《American Journal of Obstetrics and Gynecology》等期刊上发表的关于人类胚胎干细胞、辅助生殖技术和卵巢功能调节的研究成果。,https://www.fahsysu.org.cn/sites/1h.prod.sysucloud1.sysu.edu.cn/files/styles/focal_point_480/public/025502.jpg?itok=Y0SHvUfW,TRUE,0,,,,辅助生殖技术、卵巢功能调节与子宫内膜容受性,中山大学附属第一医院生殖内分泌博士，美国西南医学中心博士后，现任中山大学附属第一医院生殖中心主任医师。长期从事生殖医学临床与科研工作，在辅助生殖技术领域有深入研究，发表多篇高水平学术论文，包括在《Cell Research》等顶级期刊上的研究成果。担任广东省医师协会生殖医学会常委及多个专业期刊编委。
b281badf-2ad8-4f87-862d-866f2df69583,,王琼,"主任医师, 教授",中山大学附属第一医院,生殖医学中心,"反复妊娠丢失, 复发性流产, 反复胚胎种植失败, 生殖内分泌疾病",该医生长期从事生殖医学临床、教学及科研工作，历任妇产科各区区长，具有临床医学博士后经历。曾任英国谢菲尔德大学妇产科学系研究助理及美国哈佛医学院附属布莱根妇女医院生殖医学中心副研究员。现任中山大学附属第一医院妇产科副主任、临床教学主任。担任中国女医师协会生殖医学分会主任委员、广东省健康管理学会生殖医学分会主任委员、广东省女医师协会女性内分泌专业委员会主任委员、广东省医学会生殖免疫与优生分会后任主任委员、广东省生殖医学分会常委兼临床学组组长，并担任《中华生殖与避孕杂志》、《现代妇产科进展》、《妇产与遗传》杂志编委。在国内外专业杂志发表论著70余篇，其中第一作者和通讯作者论著50余篇，副主编高等教育出版社教材，参编专著十余部。获得国家自然科学基金、国家留学基金委、省自然科学基金等项目资助，参与获得两项省科技进步二等奖。,https://www.fahsysu.org.cn/sites/1h.prod.sysucloud1.sysu.edu.cn/files/styles/focal_point_480/public/044153.jpg?itok=inK1Xrkk,TRUE,0,,,,反复妊娠丢失与生殖内分泌疾病诊治,中山大学附属第一医院妇产科副主任、临床教学主任，具有临床医学博士后经历，曾任英国谢菲尔德大学和美国哈佛医学院附属布莱根妇女医院研究员。担任多个国家级和省级生殖医学分会主任委员，发表论著70余篇，获得多项国家级和省部级基金资助及科技进步奖。
c4344282-3724-456d-9b48-89b0b773dade,,徐艳文,"主任医师, 教授",中山大学附属第一医院,生殖医学中心,"生殖内分泌, 月经病, 不孕症, 辅助生殖技术",该医生于1996年毕业于中山医科大学七年制硕士专业，2000年获中山医科大学生殖内分泌博士学位，此后一直在中山大学附属第一医院妇产科工作。2001年至2002年曾在美国纽约大学做访问学者。在学术任职方面，担任中华医学会生殖医学分会青年委员会副主任委员、中华医学会生殖医学分会实验室学组副组长以及广东省医学会生殖医学分会委员。学术成果丰硕，在国内核心期刊发表文章二十余篇，发表SCI文章十篇，并参与编写《临床内分泌学》、《现代辅助生育技术》、《临床遗传咨询》和《主治医生丛书》等专著。此外，2001年获得广东省科技进步三等奖，2010年获得中华医学论文（妇产科领域）三等奖。,https://www.fahsysu.org.cn/sites/1h.prod.sysucloud1.sysu.edu.cn/files/styles/focal_point_480/public/081620.jpg?itok=4OsF7Nl1,TRUE,0,,,,生殖内分泌与不孕症诊治,中山医科大学生殖内分泌博士，长期在中山大学附属第一医院妇产科工作，曾赴美国纽约大学访问学者。担任中华医学会生殖医学分会青年委员会副主任委员等学术职务，发表SCI论文十余篇，获广东省科技进步三等奖等荣誉。
f41c7ae4-0422-49fc-84c3-b8099d893288,,周灿权,"主任医师, 教授",中山大学附属第一医院,生殖医学中心,"辅助生殖技术, 体外受精-胚胎移植技术, 单精子卵母细胞浆内显微注射技术, 胚胎植入前遗传学诊断技术, 经阴道超声引导下减胎术, 生殖内分泌疾病诊治, 多囊卵巢综合征诊治, 生殖中心建设和管理, 生殖力保存和保护, 人胚胎干细胞建系, 核移植技术",该医生于1977年至1983年在中山医学院获得学士学位，1985年至1988年在中山医科大学攻读生殖生理学硕士学位，1996年在澳大利亚新南威尔士大学进修，2005年至2006年作为德国波恩大学访问学者。1996年至2001年担任中山大学附属第一医院副教授，1997年至2004年任妇产科学科主任，1998年至2009年任生殖医学专科主任，2002年至今任教授，2005年至今任妇产科学首席专家和学术带头人，2009年至今任副院长。现任中华医学会第二届生殖医学分会主任委员、广东省医学会生殖医学分会主任委员、中华医学会第五届全国计划生育专科学会委员、广东省医学会妇产科分会委员，同时担任国家重点实验室评选专家、生殖医学国家重点实验室建设期学术委员会委员、广东省医学重点专科（生殖医学）学科带头人，以及《中国实用妇科与产科杂志》副主编、《中华妇产科杂志》和《生殖医学》杂志编委。在国内核心期刊发表文章一百余篇，SCI文章三十余篇，主编或参编《现代辅助生殖技术》、《实用计划生育学》、《临床生殖内分泌学》等多部专著，并参与全国高校教材《妇产科学》和《生理学》的编写工作。曾获卫生部科学技术进步二等奖、广东省科学技术奖二等奖等多项奖励。,https://www.fahsysu.org.cn/sites/1h.prod.sysucloud1.sysu.edu.cn/files/styles/focal_point_480/public/%E5%91%A8%E7%81%BF%E6%9D%83.jpg?itok=r-qNK-oW,TRUE,0,,,,辅助生殖技术、生殖内分泌疾病诊治,中山医学院学士、中山医科大学生殖生理学硕士，澳大利亚新南威尔士大学进修，德国波恩大学访问学者。现任中山大学附属第一医院副院长、教授、妇产科学首席专家，曾任生殖医学专科主任。中华医学会生殖医学分会主任委员，广东省医学会生殖医学分会主任委员。发表核心期刊文章百余篇、SCI文章三十余篇，主编多部专著，获卫生部科技进步二等奖等多项奖励。
f426eb72-52be-4661-a27f-e573894b2e17,,钟依平,主任医师,中山大学附属第一医院,生殖医学中心,"体外受精与胚胎移植, 宫腔内人工授精, 女性不孕症诊治, 生殖内分泌, 生殖免疫, 自身免疫抗体异常, 反复胚胎移植失败及疑难复杂患者诊治, 试管婴儿妊娠率提高",该医生1987年毕业于中山医科大学本科，2001年于中山医科大学研究生毕业。自2002年起在中山大学附属第一医院生殖医学中心出教授门诊至今，长期从事生殖医学（人类辅助生殖技术）的临床、科研和教学工作。主持过多项基金项目，担任《American Journal of Reproductive Immunology》及中山大学学报（医学版）等杂志审校人，是广东省人类辅助生殖技术管理专家成员。社会兼职包括国家妇幼健康研究会生殖免疫学专业委员会常委、广东省医疗行业协会生殖医学管理委员会副主任委员、广东省保健协会生殖健康分会副主任委员、广东省医学会生殖免疫与优生学分会第二届委员会常委、广东省免疫学会生殖免疫学专业委员会常委。在国内外期刊发表论文50多篇，其中SCI论文20篇，参与编写《现代辅助生育技术》、《临床内分泌学》等6部专著。2017年被评为“首届南粤好医生”和“第三届羊城好医生”，2010年其研究成果“低剂量GnRH-a可控性超排卵方案在体外授精-胚胎移植中的应用”获广东省科学技术奖三等奖。,https://www.fahsysu.org.cn/sites/1h.prod.sysucloud1.sysu.edu.cn/files/styles/focal_point_480/public/041108.jpg?itok=v45jiUCZ,TRUE,0,,,,生殖医学、辅助生殖技术、不孕不育诊治,中山医科大学研究生毕业，自2002年起在中山大学附属第一医院生殖医学中心工作，长期从事生殖医学临床、科研和教学。主持多项基金项目，担任多个学术期刊审校人及省级专家成员，兼任多个生殖医学相关学会常委或副主任委员。发表论文50余篇，其中SCI论文20篇，参与编写6部专著，曾获“南粤好医生”、“羊城好医生”称号及广东省科学技术奖三等奖。
a3aebf79-32d2-4c05-a8f2-5cd89722bf35,,高军,副主任医师,中山大学附属第一医院,生殖医学中心,"PCOS患者促排卵治疗, 卵巢储备功能低下患者的助孕治疗, 促排卵剂量的调整, 促排卵方案适应症的掌握, 生殖内分泌, 月经病, 不孕症",该医生本科及硕士均就读于南京东南大学医学院，2007年博士毕业于中山大学附属第一医院，专业为生殖内分泌。2010年晋升为主治医师和讲师，2014年12月晋升为副主任医师。社会兼职方面，担任广东省医学会生殖医学分会临床学组秘书。学术成就方面，发表SCI论著6篇，国内核心期刊中文论著5篇，并作为编者参与《辅助生殖技术疑难病例讨论》的编著。教学方面，获得“我最喜爱的见习带教老师”、“实习生心目中最喜爱老师”和“2013中山大学医科优秀临床带教老师”等称号。,https://www.fahsysu.org.cn/sites/1h.prod.sysucloud1.sysu.edu.cn/files/styles/focal_point_480/public/114329.jpg?itok=DdVWMvpa,TRUE,0,,,,生殖内分泌、不孕症及辅助生殖技术,南京东南大学医学院本科及硕士毕业，2007年中山大学附属第一医院生殖内分泌博士毕业。2010年晋升主治医师和讲师，2014年晋升副主任医师。担任广东省医学会生殖医学分会临床学组秘书，发表SCI论文6篇、核心期刊论文5篇，参与编著《辅助生殖技术疑难病例讨论》，多次获得教学奖项。
7ab358d8-64bc-4b01-8f27-b6a7711d0998,,古芳,副主任医师,中山大学附属第一医院,生殖医学中心,"月经病诊治, 复发性子宫内膜息肉诊治, 不孕症诊治, 辅助生殖技术治疗",该医生于2010年从中山大学临床医学（本硕连读）专业毕业，2017年获博士学位，毕业后一直在妇产科和生殖中心工作。曾赴美国印第安纳大学、香港中文大学及比利时布鲁塞尔生殖中心进修学习。担任全国妇幼健康研究会生殖内分泌专业委员会委员、广东省医师协会生殖医学分会青年组副组长、广东省临床医学会生殖医学青委会副主任委员、《Human Reproduction Update 中文版》青年编委。以第一作者身份在Fertility & Sterility及Human Reproduction等权威杂志上发表论文8篇。曾获2011年中山大学医科青年教师授课大赛（全英组）一等奖、2011年中山大学青年教师授课大赛总决赛全英组二等奖、2019年中山一院十佳优秀教师。,https://www.fahsysu.org.cn/sites/1h.prod.sysucloud1.sysu.edu.cn/files/styles/focal_point_480/public/%E7%94%9F%E6%AE%96%E4%B8%AD%E5%BF%83-%E5%8F%A4%E8%8A%B3-%E5%89%AF%E9%AB%98.jpg?itok=sdwz0hO0,TRUE,0,,,,月经病、子宫内膜息肉、不孕症及辅助生殖技术,中山大学临床医学博士，长期在妇产科和生殖中心工作，曾赴美国、香港、比利时进修。担任多个生殖医学专业委员会委员，发表SCI论文8篇，多次获得教学奖项。
c4640e4a-5859-44e5-8529-0cf145b8f2ff,,黄珈,副主任医师,中山大学附属第一医院,生殖医学中心,"不孕症诊疗, 月经病诊疗, 辅助生殖技术应用, 人工授精, 体外受精-胚胎移植, 子宫内膜异位症助孕治疗, 卵巢低储备助孕治疗, 反复种植失败助孕治疗, 生殖内分泌",该医生毕业于中山大学医学院临床医学系七年制，长期从事妇产科及生殖医学的医教研工作。2011年赴英国伦敦帝国理工大学生殖与发育研究所做访问学者，2016年赴美国约翰·霍普金斯大学进行博士后研究。主持及参与国家自然科学基金和省市级科研项目多项，以第一及通讯作者发表SCI等论著多篇。现任中国女医师协会生殖医学专委会秘书长及常务委员、广东省女医师协会女性内分泌专业委员会委员。,https://www.fahsysu.org.cn/sites/1h.prod.sysucloud1.sysu.edu.cn/files/styles/focal_point_480/public/2025-07/%E7%94%9F%E6%AE%96%E5%8C%BB%E5%AD%A6%E4%B8%AD%E5%BF%83_%E9%BB%84%E7%8F%88_%E5%89%AF%E9%AB%98_%E7%99%BD%E5%BA%95.jpg?itok=yzyQmzXP,TRUE,0,,,,生殖医学、不孕症诊疗及辅助生殖技术,中山大学医学院临床医学系七年制毕业，长期从事妇产科及生殖医学医教研工作。曾赴英国帝国理工学院和美国约翰·霍普金斯大学访学及博士后研究，主持参与多项国家级科研项目，发表多篇SCI论文。现任中国女医师协会生殖医学专委会秘书长及常务委员。
b28911b1-aa27-41b0-994c-b44a612db113,,胡晓坤,"副主任医师, 硕士生导师",中山大学附属第一医院,生殖医学中心,"生育力保护和卵巢早衰的早期临床干预和助孕技术, 多囊卵巢综合征的内分泌治疗和辅助生育, 子宫内膜异位症所致不孕症的个体化综合治疗",该医生于2005年至2013年在中山大学临床医学八年制专业完成学士和博士教育。自2013年起在中山大学附属第一医院工作，历任住院医师、主治医师，2022年至今担任该院生殖医学中心副主任医师。作为中山大学硕士生导师，主持广东省自然科学基金面上项目1项，参与多项国家自然科学基金，以第一作者或共同第一作者发表SCI论文7篇、中文核心期刊2篇。,https://www.fahsysu.org.cn/sites/1h.prod.sysucloud1.sysu.edu.cn/files/styles/focal_point_480/public/2022-06/%E7%94%9F%E6%AE%96%E5%8C%BB%E5%AD%A6%E4%B8%AD%E5%BF%83%20%E8%83%A1%E6%99%93%E5%9D%A4%20%E5%89%AF%E4%B8%BB%E4%BB%BB%E5%8C%BB%E5%B8%88.jpg?itok=9LwqsKtH,TRUE,0,,,,不孕不育症诊治、辅助生殖技术,中山大学临床医学博士，现任中山大学附属第一医院生殖医学中心副主任医师、中山大学硕士生导师。主持省级科研项目，参与国家级项目，发表多篇SCI论文，专注于生殖医学临床与研究工作。
516a2f33-33b4-477c-896f-42cada5c82c5,,罗璐,副主任医师,中山大学附属第一医院,生殖医学中心,"妇科生殖内分泌, 辅助生殖技术, 不孕症, 多囊卵巢综合征, 自然流产, 月经失调疾病, 体外受精-胚胎移植技术",该医生为中山大学医学博士，毕业后一直就职于中山大学附属第一医院妇产科生殖医学中心。担任广东省免疫学会生殖免疫学专业委员会委员、广东省医学会生殖免疫与优生学分会委员、广东省女医师协会女性内分泌专业委员会委员及秘书等社会职务。同时担任国内核心期刊《中华生殖与避孕》杂志通讯编委及欧洲妇产科杂志《European journal of obstetrics and gynecology》审稿专家。以第一作者或通讯作者身份发表SCI论著7篇、核心期刊论著12篇，主持国家自然科学基金一项及中华医学会专项发展基金项目一项。,https://www.fahsysu.org.cn/sites/1h.prod.sysucloud1.sysu.edu.cn/files/styles/focal_point_480/public/035226-1.jpg?itok=F-VkvbYG,TRUE,0,,,,妇科生殖内分泌疾病与辅助生殖技术,中山大学医学博士，现任中山大学附属第一医院妇产科生殖医学中心副主任医师。担任多个省级专业委员会委员及期刊编委、审稿专家，发表SCI及核心期刊论文19篇，主持国家级及学会基金项目各一项。
9dd6702d-370f-45f4-a4de-86398d865f80,,李宇彬,副主任医师,中山大学附属第一医院,生殖医学中心,不孕症、辅助生殖技术、女性生殖力保存、复发性流产、生殖内分泌治疗、生殖伦理,该医生于1997年至2002年在中山大学（北校区）临床医学系本科学习，获学士学位；2002年至2007年在中山大学附属第一医院生殖专科硕博连读，获博士学位。2007年7月就职于中山大学附属第一医院生殖中心，2010年12月获聘主治医师，2015年12月获聘副主任医师。社会兼职包括广东省医学会生殖医学分会伦理学组副组长、广东省人类辅助生殖技术质量控制中心伦理学专业组员、广东省健康管理学会妇科肿瘤多学科协作专业委员会第1届委员会委员、华医学会计划生育学分会肿瘤生殖专科学组委员、中国优生科学协会生殖医学和生殖伦理学分会青年委员。长期从事辅助生殖技术与不孕症临床研究，曾主持国家自然科学基金、广东省自然科学基金以及校级基金等多项，并参与973、863、行业基金等省部级科研基金多项，发表第一作者/通讯作者专业学术论著30余篇，是我国最早进行人类卵巢组织超低温冷冻生殖力保存的研究者之一。,https://www.fahsysu.org.cn/sites/1h.prod.sysucloud1.sysu.edu.cn/files/styles/focal_point_480/public/084318.jpg?itok=KxG5Eoqc,TRUE,0,,,,不孕症与辅助生殖技术,中山大学医学博士，现任中山大学附属第一医院生殖中心副主任医师。长期从事辅助生殖技术与不孕症临床研究，主持多项国家级和省级科研基金，发表学术论著30余篇，是我国最早进行人类卵巢组织超低温冷冻生殖力保存的研究者之一。
b060b74b-6463-4990-bfca-be861cd1fc5a,,苗本郁,副主任医师,中山大学附属第一医院,生殖医学中心,"辅助生殖技术, 不孕症治疗, 试管婴儿技术, 促排卵方案, B超监测排卵",该医生于1997年毕业于中山医科大学临床医学系七年制（本硕连读），获硕士学位，之后在中山大学附属第一医院妇产科生殖中心工作至今。2000年至2001年间在香港大学玛丽医院生殖中心工作，2006年获临床医学博士学位。在国内核心期刊发表文章二十余篇，发表SCI文章2篇。,https://www.fahsysu.org.cn/sites/1h.prod.sysucloud1.sysu.edu.cn/files/styles/focal_point_480/public/2023-12/%E8%8B%97%E6%9C%AC%E9%83%81.png?itok=RVz5Arh1,TRUE,0,,,,辅助生殖技术、不孕症治疗,中山医科大学临床医学硕士，中山大学附属第一医院妇产科生殖中心医生，2006年获临床医学博士学位，曾赴香港大学玛丽医院生殖中心工作，发表多篇学术论文。
46dee256-bbb2-4d01-99be-80d8c7ef2c7c,,王轶子,副主任医师,中山大学附属第一医院,生殖医学中心,"月经病, 生殖内分泌紊乱, 不孕专科, 试管婴儿促排卵方案, 黄体支持个性化定制与优化",该医生2017年自中山大学（硕博连读）毕业，留院后在生殖临床一线工作至今。获得国家自然科学基金、广东省基金资助，发表SCI论文数篇，主要研究领域为生物钟基因的生殖调控。2020年被评为优秀住培医师，2023年被评为住院医师规范化培训优秀指导老师，2024年获得广东省柯麟医学教育基金会临床医学专业优秀中青年教师奖。,https://www.fahsysu.org.cn/sites/1h.prod.sysucloud1.sysu.edu.cn/files/styles/focal_point_480/public/2025-04/%E7%94%9F%E6%AE%96%E5%8C%BB%E5%AD%A6%E4%B8%AD%E5%BF%83_%E7%8E%8B%E8%BD%B6%E5%AD%90_%E4%B8%93%E5%AE%B6%E4%BB%8B%E7%BB%8D_%E5%B7%A5%E5%8F%B72n24.jpg?itok=bL8sMxv4,TRUE,0,,,,生殖内分泌紊乱与不孕专科,中山大学硕博连读毕业，留院后在生殖临床一线工作至今。获得国家自然科学基金、广东省基金资助，发表SCI论文数篇，主要研究生物钟基因的生殖调控。曾获优秀住培医师、住院医师规范化培训优秀指导老师、广东省柯麟医学教育基金会临床医学专业优秀中青年教师奖。
119f40fc-6db0-4acb-b039-70d5db03057d,,文扬幸,副主任医师,中山大学附属第一医院,生殖医学中心,"疑难不孕症试管治疗, 遗传性疾病试管治疗, 个体化促排卵治疗, 辅助生殖临床操作, 子宫内膜异位症胚胎移植内膜准备, 多囊卵巢综合征临床研究, AI胚胎筛选, 生殖健康管理",该医生于2014年博士毕业于中山大学临床医学八年制，毕业后在中山大学附属第一医院妇产科和生殖中心工作，从事辅助生殖医疗、教学、科研工作10余年。在IEEE Internet of Things Journal、Fertility and Sterility、BJOG、Human Fertility等SCI杂志发表研究文章多篇，作为主要成员参与国家自然科学基金、广东省自然科学基金、广州市重点研发项目、中山大学“5010临床研究”等多层次的研究项目。担任广东省医师协会生殖医学分会青年医师专业组成员、广东省住院医师规范化培训妇产科骨干师资培训班讲师。,https://www.fahsysu.org.cn/sites/1h.prod.sysucloud1.sysu.edu.cn/files/styles/focal_point_480/public/2024-05/%E7%94%9F%E6%AE%96%E5%A6%87%E7%A7%91%2B%E6%96%87%E6%89%AC%E5%B9%B8%2B%E5%89%AF%E9%AB%98%20%E4%BF%AE%E6%94%B9%E7%99%BD%E5%BA%95.jpg?itok=Ie30Gywc,TRUE,0,,,,辅助生殖、不孕症与遗传性疾病试管治疗,中山大学临床医学博士，在中山大学附属第一医院妇产科和生殖中心工作10余年，专注于辅助生殖医疗、教学和科研。发表多篇SCI论文，参与多项国家级和省级科研项目，担任广东省医师协会生殖医学分会青年医师专业组成员及妇产科骨干师资培训讲师。
7e150c93-0899-4d52-aa60-75c5b01ce154,,张丹,"副主任医师, 硕士研究生导师",中山大学附属第一医院,生殖医学中心,"不孕不育诊治, 妇科内分泌疾病诊治, 辅助生殖技术应用, 人工授精, 第一代试管婴儿, 第二代试管婴儿, 第三代试管婴儿, 多囊卵巢综合征个性化促排卵方案, 子宫内膜异位症个性化促排卵方案, 子宫内膜病变个性化促排卵方案, 胚胎移植方案, 取卵手术技巧, 胚胎移植手术技巧",该医生为医学博士，2010年毕业于中山大学附属第一医院生殖中心，毕业后留院工作，2019年被聘为副主任医师。担任硕士研究生导师，主持并参与多项国家自然科学基金及省、市级科研基金项目，在国内外权威杂志发表论著十余篇。社会兼职包括广东省生殖医学专委会委员、湘雅医学期刊社中青年编委及《中国现代医学杂志》审稿人。,https://www.fahsysu.org.cn/sites/1h.prod.sysucloud1.sysu.edu.cn/files/styles/focal_point_480/public/2022-07/%E7%94%9F%E6%AE%96%E4%B8%AD%E5%BF%83-%E5%BC%A0%E4%B8%B9-%E5%89%AF%E9%AB%98%EF%BC%88%E4%B8%AD%E6%96%87%EF%BC%89.jpg?itok=XxW0401O,TRUE,0,,,,不孕不育、辅助生殖技术及妇科内分泌疾病诊治,医学博士，2010年毕业于中山大学附属第一医院生殖中心，留院工作后于2019年被聘为副主任医师，担任硕士研究生导师。主持参与多项国家级及省市级科研项目，发表学术论著十余篇，兼任广东省生殖医学专委会委员等社会职务。
a916a1d6-13d0-4c06-b2e7-ebfcf20461da,,涂响安,"主任医师, 博士生导师",中山大学附属第一医院,生殖男科专科,"男性不育症（少弱精子症、畸形精子症和无精子症）, 勃起功能和射精障碍, 精索静脉曲张, 慢性睾丸痛, 男生殖系肿瘤, 前列腺疾病（慢性前列腺炎、良性前列腺增生及前列腺癌）, 男性不育症的显微手术（显微睾丸取精术、显微精索静脉结扎术、显微输精管附睾吻合术、显微输精管吻合术和显微精索去神经术等）, 射精管梗阻性无精子症的腔内手术（精囊镜手术和经尿道射精管切开术）, 包皮环切术及阴茎整形术",该医生2004年毕业于中山大学临床博士研究生，主任医师，博士生导师，第三届羊城好医生。2010年2月至6月到美国维克森林大学医学院研修腔内泌尿外科和显微男科学，2012年8月和2016年3月两度到美国康奈尔大学威尔医学院行高级显微男科手术培训。现任中国医师协会男科医师分会全国委员、中华医学会男科学分会手术学组委员、广东省临床医学学会男性健康专业委员会主任委员、广东省医学会男科学分会副主任委员兼显微微创手术学组组长、广东省健康管理学会男性健康专业委员会副主任委员、广东省泌尿生殖协会男性健康管理学分会副主任委员和《中华男科学杂志》编委等。主持国家自然科学基金1项和省部级科研基金10项，在国内外核心期刊发表论文100余篇，其中SCI收录20余篇。主编有《显微男科手术学》、《泌尿男科罕少见病》、《包皮疾病诊疗手册》和副主编《男科手术学》等专著。主持和参与了多项男科疾病国内指南和共识的编写。,https://www.fahsysu.org.cn/sites/1h.prod.sysucloud1.sysu.edu.cn/files/styles/focal_point_480/public/2023-09/%E6%B6%82%E5%93%8D%E5%AE%89.jpg?itok=L1Wt46_P,TRUE,0,,,,男性不育症、男科显微手术及腔内手术,中山大学临床博士，主任医师，博士生导师，第三届羊城好医生。曾赴美国维克森林大学医学院和康奈尔大学威尔医学院进修显微男科手术。现任中国医师协会男科医师分会全国委员、广东省临床医学学会男性健康专业委员会主任委员等多项学术职务。主持国家自然科学基金1项和省部级科研基金10项，发表论文100余篇，其中SCI收录20余篇，主编多部男科专著，参与多项国内指南和共识编写。
a48d06d4-b3f2-44ef-a514-dbce4f66f1bb,,庄锦涛,"副主任医师, 硕士生导师",中山大学附属第一医院,生殖男科专科,"显微男科手术治疗男性不育症, 显微精索静脉结扎术, 显微输精管附睾吻合术, 显微输精管吻合术, 显微精索去神经术, 显微睾丸取精术, 精囊镜手术, 性功能障碍诊治",该医生毕业于中山大学医学博士，现任广州市医学会男科学分会副主任委员，广东省医学会男科学分会青年委员兼显微微创学组秘书，广东省临床医学学会男性健康专业委员会常务委员兼秘书，广东省医师协会男科医师分会委员，广东省泌尿生殖协会泌尿微创学分会委员，广东省泌尿生殖学会男性健康管理学分会委员。2017年赴美国康奈尔大学纽约长老会医院学习显微男科技术。发表论文20余篇，其中SCI收录10余篇。参编《包茎和包皮过长及包皮相关疾病中国专家共识》、《电生理适宜技术在男科疾病诊疗中的应用中国专家共识》。《显微男科手术学》及《泌尿男科罕少见病》主编助理与编者。主持二项省部级科研基金。,https://www.fahsysu.org.cn/sites/1h.prod.sysucloud1.sysu.edu.cn/files/styles/focal_point_480/public/2023-09/%E5%BA%84%E9%94%A6%E6%B6%9B.jpg?itok=8h0dTt-f,TRUE,0,,,,显微男科手术及性功能障碍诊治,中山大学医学博士，硕士生导师，现任广州市医学会男科学分会副主任委员，广东省医学会男科学分会青年委员兼显微微创学组秘书。2017年赴美国康奈尔大学纽约长老会医院学习显微男科技术。发表论文20余篇，其中SCI收录10余篇，参编多项专家共识及专著，主持二项省部级科研基金。
3f50358b-f59a-4236-8fe2-8e074352699a,,陈柏龄,"主任医师, 教授, 博士生导师",中山大学附属第一医院,脊柱外科,"颈椎病诊治, 腰椎间盘突出症诊治, 腰椎滑脱症诊治, 椎管狭窄症诊治, 脊柱侧弯及驼背诊治, 骨质疏松性骨折诊治, 脊柱结核诊治, 脊柱肿瘤诊治, 脊柱微创手术, 脊柱外科疑难病诊治, 高难度脊柱手术",该医生1992年毕业于原中山医科大学6年制医学专业，1996-2001年硕博连读获外科学博士学位。2007-2008年在日本弘前記念病院、北海道大学及名古屋名城医院学习脊柱外科，2010年在德国Schoen Klinik Munchen Harlaching医院专修脊柱外科，2014年在美国丹佛Spine Education & Research Institute专修脊柱外科。1992-2002年任中山大学附属第三医院、第一医院骨科住院医师、主治医师，2002年至今任脊柱外科副主任医师、主任医师、教授、博士生及博士后导师。2005-2009年任东院脊柱外科副主任，2012年3月-2013年4月任海南省三亚市人民医院副院长，2017年1月-2018年4月任中山一院骨科研究所副所长。现任骨科显微外科医学部党总支书记、脊柱外科副主任。社会兼职包括中国医师协会骨科医师分会骨质疏松脊柱骨折防治学组副组长、粤港澳大湾区骨质疏松椎体骨折联盟理事长、广东省医学会骨质疏松学分会副主任委员、广东省医疗行业协会脊柱外科管理分会主任委员等。发表第一作者或通讯作者论著40余篇，其中SCI论著21篇，参编参译学术专著多部。获国家发明专利1项、实用新型专利2项，获广东省精准医学科技奖自然科学奖二等奖1项、广东省科技进步奖二等奖和三等奖各1项，多次获得全国学术会议优秀论文奖。,https://www.fahsysu.org.cn/sites/1h.prod.sysucloud1.sysu.edu.cn/files/styles/focal_point_480/public/081933.jpg?itok=JdTDXdkq,TRUE,0,,,,脊柱外科疾病诊治与微创手术,中山医科大学医学博士，现任脊柱外科主任医师、教授、博士生导师，从事脊柱外科工作近30年。曾在日本、德国、美国多家知名医疗机构专修脊柱外科，历任三亚市人民医院副院长、中山一院骨科研究所副所长等职务。担任多个国家级和省级学术组织重要职务，发表SCI论文21篇，获多项省级科技奖励和国家专利。
22afb1d7-df60-492e-a308-717db7863ce5,,刘辉,"主任医师, 教授",中山大学附属第一医院,脊柱外科,"脊柱侧弯畸形微创治疗, 脊柱退行性疾病微创治疗, 青少年脊柱侧弯, 成人脊柱侧弯, 强直性脊柱炎, 颈椎病, 腰椎间盘突出症, 腰椎管狭窄症, 腰椎滑脱症, 脊柱骨折微创手术治疗",该医生毕业于中山大学中山医学院，获学士学位，后于中山大学附属第一医院完成硕博连读，获博士学位。自2010年起在中山大学附属第一医院工作，历任医师、主治医师、副主任医师，现任主任医师。曾赴美国EMORY大学脊柱外科中心进行博士联合培养，并在美国华盛顿大学巴恩斯犹太医院、加州大学三藩市分校医疗中心、迈阿密大学儿童医院脊柱中心以及北京大学第三医院骨科-AOSpine国内临床培训基地研修学习。担任国际矫形与创伤外科学会（SICOT）会员、AOSpine国际会员及中国区青年讲师、中华医学会骨科分会微创骨科学组青年委员、广东省医学会脊柱分会脊柱畸形学组委员、广东省康复医学会脊柱脊髓专业委员会青年委员会副主任委员、广东省健康管理学会脊柱分会委员兼秘书长等学术职务。发表论文50余篇，研究成果发表于Spine、European spine Journal等国际权威期刊，参编/译《微创脊柱畸形外科学》、《腰椎外科学》等多部专著。主持国家自然科学基金、广东省自然科学基金等多项研究项目，获得广东省自然科学基金-杰出青年项目、广东省特支计划青年拔尖人才、广州市珠江科技新星等人才项目支持，荣获中华骨科杂志论坛优秀论文全国一等奖、青年医师脊柱畸形优秀病例奖、广东省卫健委杰出青年医学人才、平安中国好医生、广东实力中青年医师等称号。,https://www.fahsysu.org.cn/sites/1h.prod.sysucloud1.sysu.edu.cn/files/styles/focal_point_480/public/%E8%84%8A%E6%9F%B1%E5%A4%96%E7%A7%91%20%E5%88%98%E8%BE%89%20%E6%AD%A3%E9%AB%98.jpg?itok=aAnWER_Z,TRUE,0,,,,脊柱侧弯畸形与退行性疾病的微创治疗,中山大学医学博士，现任中山大学附属第一医院主任医师，从事脊柱外科临床工作16年。曾赴美国多所知名医疗机构研修，担任多个国内外学术组织委员，发表论文50余篇，主持国家级及省级科研项目，荣获广东省杰出青年医学人才等多项荣誉。
ec514391-04c1-471e-b97e-c4140d058337,,彭新生,"主任医师, 教授",中山大学附属第一医院,脊柱外科,"上颈椎畸形与损伤, 脊柱肿瘤, 颈椎外科, 儿童脊柱外科, 脊柱脊髓损伤, 脊柱侧凸, 脊柱感染, 颈椎病, 腰椎退变性疾病, 寰枢椎脱位, 颅底凹陷症, 显微微创脊柱手术, 咽后入路枢椎椎体次全切除术, 经寰椎侧块与枢椎椎弓根钉固定术, 经枢椎椎弓根枕颈固定融合术, 牵引与后路枕颈复位固定治疗颅底凹陷症, 颈椎椎弓根螺钉固定术, 人工颈椎间盘置换术, 幼儿后路半椎体切除椎弓根钉固定术, 脊柱肿瘤全椎节切除重建术",该医生于1984年至1987年在赣南医学院临床医疗专业学习，1991年至1994年在青岛医学院攻读骨外科专业（脊柱方向）硕士研究生，1998年至2001年在中山医科大学攻读骨外科专业（脊柱方向）博士研究生。自2001年7月起，在中山大学附属第一医院骨科、脊柱外科工作。社会兼职方面，担任中华显微外科杂志和中国骨科临床与基础杂志编委。学术成就方面，共发表第一作者及通讯作者论著30余篇，其中SCI收录6篇，并在脊柱外科权威杂志《SPINE》发表临床治疗论文。此外，主编了《脊柱外科新手术剖析》和《实用英汉骨科词汇》两部专著。,https://www.fahsysu.org.cn/sites/1h.prod.sysucloud1.sysu.edu.cn/files/styles/focal_point_480/public/082305_0.jpg?itok=oIBnHsSr,TRUE,0,,,,脊柱外科，擅长上颈椎伤病、脊柱肿瘤及显微微创手术,中山医科大学骨外科博士，现任中山大学附属第一医院脊柱外科医生，从事脊柱外科临床工作与研究超过30年。师从胡有谷教授与李佛保教授，曾赴美国、德国、意大利等地进修学习。担任中华显微外科杂志等编委，发表论文30余篇，其中SCI收录6篇，主编专著2部。
73ba8638-369b-4583-9067-a256b0c4692c,,苏培强,"主任医师, 教授",中山大学附属第一医院,脊柱外科,"脊柱侧/后凸, 颈椎病, 胸腰椎管狭窄, 腰椎滑脱, 脊柱截骨矫形术, 脊柱肿瘤完整切除, 后路寰枢椎固定, 脊柱微创手术, 椎弓根螺钉精准置入",该医生1998年毕业于中山医科大学获临床医学学士学位，2003年毕业于中山大学获外科学硕士学位，2008年毕业于中山大学获骨科学博士学位。2005年曾在香港中文大学威尔斯亲王医院进修临床医师，2011年至2013年在美国德州大学西南医学研究中心进行联合博士后培训。现任中山大学附属第一医院骨科-显微外科医学部副主任、脊柱外科副主任、骨显微教职工第一党支部书记、脊柱侧弯研究中心主任。曾担任中山大学附属第二医院住院医师、主治医师，深圳沙井人民医院住院医师。社会兼职包括国家卫健委医院管理研究所“退行性脊柱疾病规范化诊疗项目”广东省专家工作组组员、广东省康复医学会骨科分会副会长、中华医学会骨科学分会基础学组委员、国际矫形与创伤外科学会（SICOT）中国分会脊柱外科学会常务委员、中华医学会骨科学分会创新与转化学组委员、中国康复医学会脊柱脊髓基础研究学组委员。长期从事骨骼系统发育畸形及退行性病变的基础和临床研究，以通讯/一作（含共同）发表SCI论文45篇，其中13篇影响因子大于10分，总他引1122次。作为项目负责人获得多项国家自然科学基金项目，包括1项重点项目、1项重大培育研究计划、5项面上项目和1项青年项目。入选国家级高层次领军人才、教育部新世纪优秀人才支持计划、广东特支计划百千万工程领军人才项目等。研究成果获得广东省自然科学奖二等奖、中华医学科技奖三等奖和广东省优秀医药成果奖。,https://www.fahsysu.org.cn/sites/1h.prod.sysucloud1.sysu.edu.cn/files/styles/focal_point_480/public/2025-09/%E8%84%8A%E6%9F%B1%E5%A4%96%E7%A7%91_%E8%8B%8F%E5%9F%B9%E5%BC%BA_%E6%AD%A3%E9%AB%98.jpg?itok=dT9GlwGN,TRUE,0,,,,脊柱外科疾病诊疗与手术技术,中山大学骨科学博士，现任中山大学附属第一医院脊柱外科副主任、脊柱侧弯研究中心主任。长期从事骨骼系统发育畸形及退行性病变研究，发表SCI论文45篇，其中13篇影响因子大于10分。主持多项国家自然科学基金项目，入选国家级高层次领军人才，获广东省自然科学奖二等奖等荣誉。
bdf39498-a436-4421-bf1d-029a5e0a53ca,,万勇,"主任医师, 教授",中山大学附属第一医院,脊柱外科,"脊柱外科, 脊柱侧弯和畸形的三维矫正治疗, 颈肩痛治疗, 腰腿痛治疗, 腰椎滑脱治疗, 老年性骨质疏松症临床治疗, 脊柱肿瘤外科治疗",该医生1988年毕业于北京医科大学医疗系，1996年获中山医科大学博士学位。1988年至1991年在江西医学院第二附属医院外科任住院医生，1996年起在中山大学附属第一医院工作，历任骨科主治医生、脊柱外科副主任医师，2011年至今任脊柱外科主任医师。担任广东省医学会脊柱外科学分会委员、中国康复医学会脊柱脊髓损伤专业委员会委员。发表多篇学术论文，包括《手术治疗胸椎管狭窄症的效果分析》《重组人红细胞生成素治疗大鼠急性脊髓损伤的用药时间窗探讨》等，并参与编写《脊柱畸形颅盆牵引技术》《外科学手册》等专著。,https://www.fahsysu.org.cn/sites/1h.prod.sysucloud1.sysu.edu.cn/files/styles/focal_point_480/public/082923.jpg?itok=QG-xDubs,TRUE,0,,,,脊柱外科疾病诊断与手术治疗,北京医科大学本科、中山医科大学博士毕业，现任中山大学附属第一医院脊柱外科主任医师，从事骨科临床工作20余年。担任广东省医学会脊柱外科学分会委员等社会兼职，发表多篇学术论文并参与编写专著。
0c1ac0a6-3d0f-4573-8878-de8b77eb3bcd,,王建儒,主任医师,中山大学附属第一医院,脊柱外科,颈椎病、腰椎间盘突出症、腰椎管狭窄症、成人脊柱侧弯、青少年脊柱侧弯、强直性脊柱炎、骨质疏松椎体骨折、脊椎肿瘤、脊柱侧弯等畸形矫治、椎间盘突出等脊柱退变性疾病诊治、微创脊柱外科技术、显微镜下颈脊髓神经根减压、腰椎LaLIF、PKP、微创侧方椎间融合术,该医生于2001年至2008年在郑州大学附属第一医院完成外科学本硕连读，2008年至2012年在中山大学攻读外科学博士学位，期间于2009年至2011年作为国家公派联合培养博士生赴美国Jefferson医学院学习。自2012年起在中山大学附属第一医院工作，历任住院医师、主治医师、副主任医师，2022年起担任主任医师。担任国际矫形与创伤外科学会（SICOT）会员、中国医师协会骨科医师分会脊柱功能重建学组委员、中国康复医学会脊柱脊髓专业委员会第二届脊柱脊髓基础研究学组委员、中华医学会骨科学分会微创外科学组青年委员、中国康复医学会广东分会脊柱专业委员会微创学组委员、中国骨科菁英会第一届脊柱分会会员、中国中西医结合学会骨伤科分会第八届委员会椎间盘退变与修复专家委员会委员、广东省健康管理学会脊柱专业委员会第一届青年委员会副主任委员、广东省健康管理学会疼痛多学科协作与管理专委会常务委员、广东省健康管理学会脊柱专业委员会第一届委员会委员。发表中英文论文50余篇，成果发表于Bone Res、Arthritis Rheum、Osteoarthr Cartilage、Exp Mol Med、Spine、European spine Journal、J Biol Chem、J Orthop Res等国际顶级杂志，参编/译《椎间盘》、《微创脊柱畸形外科学》、《脊柱外科手术风险与技巧》等多部学术专著。曾获中山一院优秀青年人才支持计划、广东省杰出青年医学人才（第二批），主持国家自然科学基金面上项目1项、国家自然科学基金青年项目1项、广东省自然科学基金面上项目2项、中山大学青年教师培育项目，并受邀前往日本滨松医科大学等单位交流。,https://www.fahsysu.org.cn/sites/1h.prod.sysucloud1.sysu.edu.cn/files/styles/focal_point_480/public/2022-05/%E8%84%8A%E6%9F%B1%E5%A4%96%E7%A7%91%20%E7%8E%8B%E5%BB%BA%E5%84%92%20%E5%89%AF%E9%AB%98.jpg?itok=xg3F0JsJ,TRUE,0,,,,脊柱退变性疾病、脊柱侧弯畸形矫治、微创脊柱外科技术,中山大学外科学博士，国家公派美国Jefferson医学院联合培养博士生，现任中山大学附属第一医院主任医师。担任多个国家级和省级学术组织委员，发表SCI论文50余篇，主持多项国家及省级科研项目，获广东省杰出青年医学人才等荣誉。
af34cfa7-3a4b-4cec-84b8-4302e36cee4b,,邹学农,"主任医师, 教授, 博士生导师",中山大学附属第一医院,脊柱外科,"颈椎病, 腰腿痛, 脊柱创伤, 椎间盘突出症, 颈胸腰椎各类骨折, 腰椎管狭窄症, 椎间盘源性下腰痛, 腰椎滑脱症, 腰椎失稳症, 脊柱肿瘤, 特发性脊柱侧弯, 退变性脊柱侧弯, 颈椎间盘突出症, 颈椎管狭窄症, 颈椎后纵韧带骨化, 老年性骨质疏松症",该医生1986年毕业于江西医学院医学系获临床医学学士学位，1994年毕业于湖南医科大学获骨科硕士学位，2003年毕业于丹麦奥尔胡斯大学医学院获丹麦医学博士学位。1986年起任江西宜春地区人民医院骨科住院医师，1994年任中山大学附属第五医院骨科主治医师，1999年任丹麦奥尔胡斯大学医院骨科中心脊柱外科临床访问医师，2003年任丹麦奥尔胡斯大学骨科博士后、研究员、副教授及脊柱外科专科医师，2008年任中山大学附属第一医院脊柱外科骨科研究员、博士生导师，2009年10月任中山大学附属第一医院骨科研究所所长。社会兼职包括国际创伤与矫形外科学会会员、中华医学会骨科学分会会员、国家973计划项目专家、中国生物医学工程学会生物材料分会委员等，并担任《中华显微外科杂志》通讯编委、《中国骨科临床与基础研究杂志》编委及《Biomaterials》、《European Spine Journal》等SCI收录杂志审稿人。学术成果方面，发表论著80余篇，其中SCI收录46篇，他引频次超过500次，参编著作8部，曾获2003/2004年度欧洲脊柱杂志最佳基础科学研究贡献奖、2010年中华骨科学会CORS大会优秀论文奖等荣誉。,https://www.fahsysu.org.cn/sites/1h.prod.sysucloud1.sysu.edu.cn/files/styles/focal_point_480/public/084556.jpg?itok=WgU5lBqB,TRUE,0,,,,脊柱外科常见病多发病的诊断与治疗,丹麦奥尔胡斯大学医学院医学博士，现任中山大学附属第一医院骨科研究所所长、脊柱外科骨科研究员、博士生导师。从事脊柱外科临床与研究工作，发表SCI论文46篇，参编著作8部，曾获欧洲脊柱杂志最佳基础科学研究贡献奖等多项荣誉，担任国家973计划项目专家及多个学术期刊编委。
3a44d932-8775-4217-9629-a0aab18d5b1c,,郑召民,"主任医师, 教授, 博士生导师",中山大学附属第一医院,脊柱外科,"脊柱侧弯矫治, 微创脊柱外科技术, 腰椎间盘突出症, 腰椎管狭窄症, 腰椎滑脱症, 颈椎病, 脊椎肿瘤, 脊柱骨折, 老年退变性脊柱侧弯症, 儿童和青少年脊柱侧弯矫治, 脊柱侧弯和后凸畸形矫治, 颈肩腰腿痛诊治",该医生于1989年毕业于河南医科大学临床医学专业，获学士学位，后于1994年和1997年分别获得河南医科大学骨科学硕士和苏州医学院骨科学博士学位。工作经历方面，1989年至1991年在河南医科大学附属二院骨科任住院医师，1997年至1998年任主治医师、讲师，1998年至2000年任副主任医师、副教授，2001年至2004年在中山大学附属第二医院骨科任副主任医师、副教授、硕士研究生导师，并担任骨科研究室副主任和研究生科副科长，2005年至今在中山大学附属第一医院脊柱外科任主任医师、教授、博士生及博士后导师，并担任脊柱外科科副主任。学术成就方面，发表文章214篇，其中SCI论文98篇，第一或通讯作者IF大于10分的11篇，最高IF达18分，H-index为46，引用7566次，主编（译）专著22部。社会兼职包括担任第24届亚太微创脊柱外科学会（PASMISS）主席、国际脊柱创新与发展学会亚太分会委员、亚太脊柱外科学会委员、中华医学会骨科分会脊柱学组委员等多项职务。获奖情况包括2023年中国康复医学会科学技术一等奖、2017年国家科学技术进步二等奖、首批广东省医学领军人才等荣誉。,https://www.fahsysu.org.cn/sites/1h.prod.sysucloud1.sysu.edu.cn/files/styles/focal_point_480/public/042231.jpg?itok=h6-Q3D1w,TRUE,0,,,,脊柱侧弯矫治与微创脊柱外科技术,河南医科大学临床医学学士、骨科学硕士，苏州医学院骨科学博士。现任中山大学附属第一医院脊柱外科主任医师、教授、博士生导师，担任脊柱外科科副主任。发表SCI论文98篇，H-index 46，主编专著22部。获国家科学技术进步二等奖等多项奖项，担任第24届亚太微创脊柱外科学会主席等社会职务。
9100a2df-1be4-4cca-8fca-3c16e867dade,,崔尚斌,副主任医师,中山大学附属第一医院,脊柱外科,"脊柱退变, 脊柱畸形, 脊柱创伤, 脊柱肿瘤",该医生于2013年7月至2016年12月在中山大学附属第一医院脊柱外科担任住院医师，2017年1月至2018年12月在该院脊柱外科担任主治医师，2019年1月至2020年12月在瑞士AO骨科研究所担任访问学者，2023年4月至今在中山大学附属第一医院脊柱外科担任副主任医师。社会兼职方面，担任中华创伤杂志青年学术委员和吴阶平医学基金会创新骨科部第一届委员。科研方面，获得2022年国家自然青年基金，经费30万元，参与多项国家级及省、市级科研基金，以第一作者或共同第一作者发表SCI论文7篇、中文核心期刊5篇，代表性论著涉及脊柱退变、生物标志物、影像学等领域。,https://www.fahsysu.org.cn/sites/1h.prod.sysucloud1.sysu.edu.cn/files/styles/focal_point_480/public/2023-07/%E8%84%8A%E6%9F%B1%E5%A4%96%E7%A7%91%2B%E5%B4%94%E5%B0%9A%E6%96%8C%2B%E5%89%AF%E9%AB%98.jpg?itok=Nul3GSND,TRUE,0,,,,脊柱退变、畸形、创伤及肿瘤诊疗,该医生现任中山大学附属第一医院脊柱外科副主任医师，曾在瑞士AO骨科研究所担任访问学者。担任中华创伤杂志青年学术委员等社会兼职，获得2022年国家自然青年基金，发表多篇SCI及核心期刊论文，专注于脊柱疾病研究。
5cded3ce-a0af-4c88-9902-b3f3acd6bbca,,戴驭虎,副主任医师,中山大学附属第一医院,脊柱外科,"脊柱常见疾病诊断治疗, 颈椎病, 腰椎间盘突出症, 腰椎管狭窄症, 脊柱退变性疾病, 脊柱骨折, 脊柱感染, 脊柱肿瘤",该医生在脊柱疾病诊疗方面具有丰富经验。,https://www.fahsysu.org.cn/sites/1h.prod.sysucloud1.sysu.edu.cn/files/styles/focal_point_480/public/2024-05/%E8%84%8A%E6%9F%B1%E5%A4%96%E7%A7%91%20%E6%88%B4%E9%A9%AD%E8%99%8E%20%E5%89%AF%E9%AB%98%20%E4%BF%AE%E6%94%B9%E7%99%BD%E5%BA%95.jpg?itok=MqKQTR3Z,TRUE,0,,,,脊柱常见疾病诊断与治疗,该医生在脊柱疾病诊疗方面具有丰富经验。
84fc8f9c-885c-4695-a91a-4eddcafaaa38,,郭玮,副主任医师,中山大学附属第一医院,脊柱外科,"脊柱退变性疾病诊断与治疗, 腰椎间盘突出症, 腰椎管狭窄症, 腰椎滑脱症, 颈椎病, 脊柱畸形, 脊髓损伤, 腰椎椎管减压术, 椎间盘切除及椎间植骨融合术, 椎弓根钉内固定术, 椎体成形术, 颈椎前后路脊髓减压术, 髓外肿瘤切除术, 腰椎间盘突出症显微镜下手术治疗",该医生毕业于南京医科大学临床医学专业，后于中山大学第一附属医院骨科完成硕博连读。自2013年起在中山大学附属第一医院脊柱外科工作，2018年至2019年期间曾作为访问学者赴瑞士达沃斯AO研究所进修。在科研方面，主持或参与多项国家级及省级科研项目，包括国家自然科学基金、国家973项目等，并在骨科相关权威杂志发表SCI及中文核心期刊论文十余篇。社会兼职方面，担任广东省医学会骨质疏松分会临床学组秘书、《中华创伤杂志》青年学术委员会委员以及广东省生物医学工程学会生物3D打印与再生医学分会委员。,https://www.fahsysu.org.cn/sites/1h.prod.sysucloud1.sysu.edu.cn/files/styles/focal_point_480/public/2023-07/%E4%B8%93%E5%AE%B6%E7%AE%80%E4%BB%8B-%E8%84%8A%E6%9F%B1%E5%A4%96%E7%A7%91-%E9%83%AD%E7%8E%AE-%E5%89%AF%E9%AB%98.jpg?itok=bAtQ3mCD,TRUE,0,,,,脊柱外科疾病诊断与手术治疗,南京医科大学临床医学本科毕业，中山大学骨科硕博连读，现任中山大学附属第一医院脊柱外科副主任医师。曾赴瑞士达沃斯AO研究所访问学者，主持参与多项国家级科研项目，发表SCI及核心期刊论文十余篇，担任多个学术组织委员。
bba9fcf3-8d81-40a0-bd47-b43ba745865a,,黄阳亮,副主任医师,中山大学附属第一医院,脊柱外科,"脊柱退变性疾病的诊断与治疗, 腰椎神经减压及内固定, 椎体成形术, 颈椎前后路手术, 髓外肿瘤切除, 脊柱矫形术, 骨质疏松, 脊柱退变性疾病, 颈肩腰腿疼, 脊柱畸形矫形",该医生于2000年至2005年在汕头大学获得临床医学学士学位，2005年至2008年在中山大学第一临床学院获得外科学硕士学位，2015年至2017年在中山大学第一临床学院获得骨科学博士学位。自2008年起在中山大学附属第一医院脊柱外科工作，历任住院医师、主治医师，2019年起担任副主任医师。担任EAS Journal of Medicine and Surgery编委、BMC Musculoskeletal Disorders审稿人，以及广州抗癌协会脊柱肿瘤专业委员会、广东省基层医药学会脊柱外科专业委员会、广东省老年保健协会神经免疫与感染专业委员会委员。主持或参与国家、省部级科研课题3项，主编专著《脊柱外科与骨创伤综合治疗》1部，发表国际、国内学术论文25篇，SCI总影响因子12.6。2018年公派至香港大学玛丽医院进修脊柱外科。2010年获得国际骨密度测量师资格，2017年获广东省骨科医师病例大赛二等奖，2018年获香港大学郑裕彤奖学金。,https://www.fahsysu.org.cn/sites/1h.prod.sysucloud1.sysu.edu.cn/files/styles/focal_point_480/public/115011_0.jpg?itok=P6owjQGx,TRUE,0,,,,脊柱外科疾病诊断与手术治疗,中山大学骨科学博士，现任中山大学附属第一医院脊柱外科副主任医师，从事脊柱外科临床工作14年。担任多个学术期刊编委及专业委员会委员，主持或参与多项科研课题，主编专著1部，发表论文25篇，曾获广东省骨科医师病例大赛二等奖及香港大学郑裕彤奖学金。
1b79d87a-abf9-4ade-91c6-26ae7fde5e7d,,李泽民,副主任医师,中山大学附属第一医院,脊柱外科,"脊柱外科疾病诊疗, 退变性脊柱疾病外科治疗, 脊柱脊髓创伤外科治疗, 脊柱畸形外科治疗, 颈椎病诊断治疗, 腰椎管狭窄症诊断治疗, 腰椎间盘突出症诊断治疗, 脊柱创伤诊断治疗, 脊柱感染诊断治疗, 脊柱肿瘤诊断治疗, 脊柱外科微创技术",该医生于2004年至2009年在华中科技大学同济医学院获得学士学位，2009年至2014年在中山大学附属第一医院脊柱外科完成博士（硕博连读）学习，期间于2012年至2013年在美国芝加哥RUSH医学中心脊柱外科进行博士联合培养。自2014年起在中山大学附属第一医院脊柱外科工作，历任住院医师、主治医师，2019年至今担任副主任医师。社会兼职方面，担任广东省康复医学会脊柱脊髓分会微创脊柱外科专委会委员和广东省基层医药学会脊柱专委会委员。学术成果方面，在Osteoarthritis and Cartilage、Spine、European Spine等骨科权威杂志发表SCI论文20余篇，参编《The Intervertebral Disc》、《脊柱手术关键技术图谱》等专著，并参译《椎间盘》。科研方面，主持国家自然青年科学基金1项、广东省医学科研项目1项，主要参与各类国家及省部级科研项目10余项。,https://www.fahsysu.org.cn/sites/1h.prod.sysucloud1.sysu.edu.cn/files/styles/focal_point_480/public/104748.jpg?itok=JsvYA3_R,TRUE,0,,,,脊柱外科疾病诊疗与微创技术,中山大学博士，现任中山大学附属第一医院脊柱外科副主任医师。拥有华中科技大学学士学位，曾在美国芝加哥RUSH医学中心访学。担任广东省康复医学会脊柱脊髓分会微创脊柱外科专委会委员等社会职务，发表SCI论文20余篇，主持国家自然青年科学基金等科研项目。
a7a99c93-e627-4a23-a231-196b2cb34df2,,刘希哲,副主任医师,中山大学附属第一医院,脊柱外科,"脊柱外科疾患诊疗, 脊柱外科常见病多发病诊断治疗, 脊柱退变如颈椎病腰椎间盘突出症, 外伤性颈胸腰椎骨折, 骨质疏松性骨折, 青少年脊柱畸形, 脊髓损伤, 脊柱肿瘤和结核, 开放及微创手术治疗",该医生专注脊柱外科疾患的诊疗，对脊柱外科常见病、多发病的诊断与治疗积累了较丰富的临床经验。了解和掌握国内外脊柱外科发展动态，对开放及微创手术治疗有深入研究。担任《中国脊柱脊髓杂志》、《中国创伤杂志》等编委，以第一或通讯作者发表SCI论文16篇，授权专利7项，主持与参与省部级自然科学基金项目多项。,https://www.fahsysu.org.cn/sites/1h.prod.sysucloud1.sysu.edu.cn/files/styles/focal_point_480/public/2024-05/%E8%84%8A%E6%9F%B1%E5%A4%96%E7%A7%91%2B%E5%88%98%E5%B8%8C%E5%93%B2%2B%E5%89%AF%E9%AB%98.JPG?itok=WH3TFwAX,TRUE,0,,,,脊柱外科疾病诊疗与微创手术,专注脊柱外科诊疗，担任《中国脊柱脊髓杂志》等编委，发表SCI论文16篇，授权专利7项，主持参与省部级科研项目。
323cb17b-fc31-440b-a05f-83e98e3b7cd5,,王华,副主任医师,中山大学附属第一医院,脊柱外科,"脊柱外科疾患诊疗, 脊柱退行性疾病诊治, 脊柱畸形诊治, 颈椎病, 胸椎管狭窄症, 腰椎管狭窄症, 腰椎间盘突出症, 脊柱骨折, 脊髓损伤, 脊柱结核, 脊柱肿瘤, 脊柱退行性疾患微创手术治疗",该医生毕业于北京大学临床七年制，2009年至2013年在中山大学第一附属医院攻读博士学位，2007年至2009年在北京肿瘤医院工作，2013年至今在中山大学附属第一医院脊柱外科工作。担任中国康复医学会广东分会脊柱专业委员会微创学组委员兼秘书、广东省健康管理学会脊柱专业委员会委员兼秘书、《脊柱外科》杂志通信编委。主持及参与国家自然科学基金、粤港合作基金、广东省自然科学基金等多项科学研究，以第一作者或通讯作者在骨科相关权威杂志发表SCI及中文核心期刊论文二十余篇，参编《椎间盘》《儿童脊柱外科学》等著作。,https://www.fahsysu.org.cn/sites/1h.prod.sysucloud1.sysu.edu.cn/files/styles/focal_point_480/public/034716.jpg?itok=TGKIcW9_,TRUE,0,,,,脊柱外科疾病诊疗与微创手术治疗,北京大学临床七年制毕业，中山大学博士，现任中山大学附属第一医院脊柱外科医生。担任多个脊柱专业委员会委员及杂志编委，主持参与多项科研基金项目，发表SCI及核心期刊论文二十余篇，参编专业著作。
a5502bca-84a3-44bb-8813-4044ceeacd64,,王乐,副主任医师,中山大学附属第一医院,脊柱外科,"脊柱外科疾患诊疗,脊柱退行性疾病诊治,脊柱畸形诊治,腰椎间盘突出症微创治疗,骨质疏松骨折微创治疗,腰椎神经减压及内固定,颈椎前后路减压,脊柱矫形手术",该医生于2010年至2015年在中山大学附属第一医院脊柱外科完成硕博连读，期间于2013年至2015年在美国得州大学医学分部UTMB进行国家公派联合培养。自2015年起至今，在中山大学附属第一医院脊柱外科从事医疗和教学工作。担任中国康复医学会颈椎病专业委员会科普学组委员、广东省医学会脊柱外科学分会腰椎学组秘书、广东省中西医结合学会脊柱医学专业委员会成员及《中华创伤杂志》青年学术委员会委员。主持及参与国家自然科学基金、广东省自然科学基金等多项科研项目，以第一作者或通讯作者在骨科相关权威杂志发表SCI及中文核心期刊论文二十余篇。2019年获广东省青年医师优秀病例演讲比赛二等奖，并作为参与者获得广东省科技进步二等奖。,https://www.fahsysu.org.cn/sites/1h.prod.sysucloud1.sysu.edu.cn/files/styles/focal_point_480/public/2022-06/%E8%84%8A%E6%9F%B1%E5%A4%96%E7%A7%91%20%E7%8E%8B%E4%B9%90%20%E5%89%AF%E9%AB%98_2345%E7%9C%8B%E5%9B%BE%E7%8E%8B.jpg?itok=wkGH24kM,TRUE,0,,,,脊柱外科疾病诊疗与微创手术,中山大学附属第一医院脊柱外科硕博连读，美国得州大学医学分部联合培养，现任该院脊柱外科医生。担任多个学术组织委员，主持参与多项科研基金，发表论文二十余篇，获广东省青年医师病例演讲二等奖和科技进步二等奖。
a3c9403b-f92c-4538-985c-a1bc7257ab43,,傅明,"主任医师, 教授, 博士生导师",中山大学附属第一医院,关节外科,"老年退行性骨关节炎, 股骨头缺血性坏死, 髋关节发育不良合并骨性关节炎, 类风湿关节炎, 创伤性关节炎, 股骨颈骨折, 强直性脊柱炎导致关节病变, 小儿先天性髋关节发育不良和脱位, 青壮年髋关节发育不良, 中老年髋关节发育不良合并骨性关节炎, 膝关节半月板损伤, 交叉韧带损伤, 侧副韧带损伤, 肩关节肩袖损伤, 关节盂损伤, 四肢骨折, 四肢骨关节先天性疾病, 四肢骨关节畸形",该医生1984年毕业于中山医科大学医学系，毕业后留校一直在中山大学（原中山医科大学）附属第一医院骨科从事临床、科研和教学工作，曾在德国接受培训。历任助教、主治医师、副主任医师、主任医师、教授。现任广东省医学会关节外科分会副主任委员、广东省医师协会骨科医师分会副主任委员。主持国家自然科学基金3项、广东省科学研究基金20多项，在国内外杂志发表学术论文80多篇，获广东省体育科学学会科技成果三等奖。,https://www.fahsysu.org.cn/sites/1h.prod.sysucloud1.sysu.edu.cn/files/styles/focal_point_480/public/033327.jpg?itok=3_HS7jFF,TRUE,0,,,,关节外科、运动创伤修复重建、四肢骨折治疗,1984年毕业于中山医科大学，一直在中山大学附属第一医院骨科工作，历任助教至教授。现任广东省医学会关节外科分会副主任委员，主持多项国家级和省级科研项目，发表论文80余篇，曾获科技成果奖。
f03f2680-1aba-4841-abb8-3cad0a0176e3,,何爱珊,主任医师,中山大学附属第一医院,关节外科,"膝关节创伤诊断治疗, 微创关节镜技术治疗膝关节韧带损伤, 半月板损伤治疗, 膝髋关节退行性病变诊断治疗, 骨关节炎诊断治疗, 股骨头坏死诊断治疗",该医生1984年至1990年在中山医科大学攻读本科并获得学士学位，1993年至1996年在中山医科大学攻读临床医学硕士研究生并获得硕士学位，1999年至2003年在中山大学攻读临床医学博士研究生并获得博士学位。2006年8月至9月赴韩国庆熙大学附属医院、延世大学附属医院学习膝关节和肩关节镜手术。1990年7月至1995年12月在中山医科大学附属第一医院担任外科住院医生，1995年12月至2001年12月在中山医科大学附属第一医院担任骨科主治医师，2001年12月至今在中山大学附属第一医院担任骨科副主任医师。担任广东省医学会运动医学分会常务委员，发表多篇学术论文，包括《关节镜下自体腘绳肌腱重建膝关节前交叉韧带》、《关节镜手术治疗29例症状性膝关节外侧盘状半月板》、《初次膝关节表面置换术近中期疗效分析》和《人工髋关节置换术后5年内翻修的原因分析及处理方法》等。,https://www.fahsysu.org.cn/sites/1h.prod.sysucloud1.sysu.edu.cn/files/styles/focal_point_480/public/103810.jpg?itok=OO8mdZAE,TRUE,0,,,,膝关节创伤与关节镜微创治疗,中山大学临床医学博士，现任中山大学附属第一医院骨科副主任医师，从事骨科临床工作30余年。曾赴韩国进修关节镜手术，担任广东省医学会运动医学分会常务委员，发表多篇核心期刊论文，专注于关节外科与运动医学领域。
9a9ce967-ddc3-4980-968e-40ef5772325a,,何沛恒,副主任医师,中山大学附属第一医院,关节外科,"关节疾病诊断治疗, 骨性关节炎, 类风湿关节炎, 股骨头坏死, 髋关节发育不良, 化脓性关节炎后遗症, 强直性脊柱炎关节病变, 髋膝关节微创手术, 骨关节矫形, 人工关节置换术后翻修手术",该医生从事骨科、关节外科临床工作近20年，2016-2018年曾赴加拿大、瑞士、意大利及泰国学习微创髋膝关节手术，2019年获评广东省实力中青年医师。目前担任中国医师协会骨与关节发育畸形委员会委员、广东省保健协会脊柱与关节健康分会副主任委员、广东省医师协会关节外科学分会膝关节学组委员、广东省力学学会生物力学分会委员。发表多篇临床研究论文，主持及参与国家自然科学基金和广东省自然科学基金。,https://www.fahsysu.org.cn/sites/1h.prod.sysucloud1.sysu.edu.cn/files/styles/focal_point_480/public/2023-07/%E5%85%B3%E8%8A%82%E5%A4%96%E7%A7%91%20%E4%BD%95%E6%B2%9B%E6%81%92%20%E5%89%AF%E9%AB%98.jpg?itok=Knyf1xHG,TRUE,0,,,,关节疾病诊断治疗与髋膝关节微创手术,从事骨科、关节外科临床工作近20年，曾赴多国学习微创髋膝关节手术，2019年获评广东省实力中青年医师。担任多个专业委员会委员，发表多篇临床研究论文，主持及参与国家自然科学基金和广东省自然科学基金。
4784711f-4bd0-42bf-8877-2b6c313e8915,,康焱,主任医师,中山大学附属第一医院,关节外科,"肩关节疾病, 肘关节疾病, 髋关节疾病, 膝关节疾病, 踝关节疾病, 运动损伤诊断, 关节镜微创治疗, 微创关节部分置换, 保留关节治疗, 微创人工关节置换术, 术后快速康复治疗",该医生于2002年至2007年获得中山大学外科学博士学位，曾于2014年至2015年作为访问学者赴美国密苏里州华盛顿大学骨科进修，2013年12月在加拿大多伦多骨科医学中心进修，2011年6月在香港玛丽医院关节中心学习进修。社会兼职方面，担任广东省健康管理学会骨科专业委员会执行主委、广东省医师协会骨关节外科医师分会常务委员、广东省医师协会骨科医师分会快速康复学组副组长、中国研究型医院学会关节外科委员会手术伤口管理研究学组秘书、中国研究型医院学会关节外科委员会关节疾病防治学组委员，同时是《中华骨与关节外科杂志》和《中华关节外科杂志》的审稿专家，以及国家自然科学基金评审专家和广州市卫生高级职称评委专家库成员。,https://www.fahsysu.org.cn/sites/1h.prod.sysucloud1.sysu.edu.cn/files/styles/focal_point_480/public/031915.jpg?itok=BCDpM9s7,TRUE,0,,,,关节疾病与运动损伤的微创治疗及术后康复,中山大学外科学博士，曾赴美国华盛顿大学、加拿大多伦多骨科医学中心和香港玛丽医院进修学习。担任广东省健康管理学会骨科专业委员会执行主委、广东省医师协会骨关节外科医师分会常务委员等多个学术职务，是《中华骨与关节外科杂志》等期刊审稿专家及国家自然科学基金评审专家。
9840c291-9ab9-41f9-bc1f-86e6a338e8b4,,刘建华,副主任医师,中山大学附属第一医院,关节外科,"创伤骨科, 关节外科, 下肢骨与关节损伤, 关节周围骨折, 软组织损伤, 髋关节损伤, 膝关节损伤, 踝关节损伤, 骨关节内固定术后骨不连, 骨关节内固定术后感染, 关节及关节周围骨折复位, 内外固定手术, 微创手术, 股骨转子间骨折微创治疗, 髓内钉, 人工关节置换术, 关节终末疾病, 挥拍运动急慢性运动损伤, 运动损伤防治, 关节镜诊治",该医生于1991年获武汉大学医学学士学位，1997年获暨南大学医学硕士学位，2009年获中山大学外科学临床专业博士学位。1991年至1994年在武汉大学附属第一医院汉口分院任外科住院医师，1997年至2006年在广东顺德医院骨科任主治医师及副主任医师，2009年后一直在中山大学附属第一医院东院骨科从事创伤骨科及关节外科临床工作，任骨外科副主任医师。社会兼职为广东省医师协会运动医学医师分会第一届委员会委员。在学术研究方面，发表了多篇论文，包括《防旋股骨近端髓内钉在老年股骨粗隆间骨折的应用》《氨甲环酸在首次人工全膝关节置换术围手术期减少出血的研究》《不同固定表面生物型人工膝关节假体的骨长入实验研究》《人工关节固定方法的研究进展》《兔用金属对金属表面人工膝关节假体植入的可行性》《膝关节置换术后感染的治疗策略》《立体网孔表面生物型人工膝关节假体的研制和兔生物力学研究》《脱细胞骨软骨支架的制备及形态学观察》《脱细胞骨软骨支架与软骨细胞体外相容性的实验研究》《踝关节骨折脱位326例手术治疗》等。,https://www.fahsysu.org.cn/sites/1h.prod.sysucloud1.sysu.edu.cn/files/styles/focal_point_480/public/2022-06/%E9%AA%A8%E5%85%B3%E8%8A%82%E5%88%98%E5%BB%BA%E5%8D%8E%E5%89%AF%E9%AB%98.jpg?itok=8QJUoAP_,TRUE,0,,,,创伤骨科、关节外科及运动损伤诊治,武汉大学医学学士、暨南大学医学硕士、中山大学外科学临床专业博士，现任中山大学附属第一医院东院骨科副主任医师，从事创伤骨科及关节外科临床工作30年，曾任广东顺德医院骨科主治医师及副主任医师，社会兼职为广东省医师协会运动医学医师分会第一届委员会委员，发表多篇学术论文。
26dd8f05-7de6-464c-9941-bffea6cfd436,,廖威明,"主任医师, 教授, 博士生导师",中山大学附属第一医院,关节外科,"骨科, 关节外科, 关节炎诊断与外科治疗, 股骨头坏死, 骨关节炎, 类风湿性关节炎, 髋关节发育不良, 关节畸形, 运动损伤, 骨折, 人工髋关节置换, 人工膝关节置换, 关节翻修手术, 骨骼矫形手术, 骨折复位固定技术, 关节内骨折, 关节软骨修复",该医生毕业于中山医科大学附属第一医院骨科，获医学博士学位，现任中山大学附属第一医院骨科主任。从事骨科、关节外科临床工作近30年，曾在香港大学骨科和德国科隆大学医院创伤与重建外科接受培训。主持国家自然科学基金项目3项、省部级科研基金项目10项，主要参与国家重大基金项目3项，发表国外杂志论文11篇、国内专业杂志论文56篇，以主要参与者获得教育部和广东省科技进步奖3项。已培养博士生15名、硕士生17名、博士后2名。担任中国医师协会骨科医师分会委员、中华医学会骨科分会关节外科学组委员、中国骨科医师协会关节外科工作委员会常委、中国修复重建外科学会委员、广东省医学会骨科分会副主委、广东省骨科医师协会副主委，并担任《中华关节外科杂志》副主编及多个专业期刊的常务编委或编委。,https://www.fahsysu.org.cn/sites/1h.prod.sysucloud1.sysu.edu.cn/files/styles/focal_point_480/public/%E5%BB%96%E5%A8%81%E6%98%8E.jpg?itok=adatHOkR,TRUE,0,,,,骨科关节疾病诊断与外科治疗，人工关节置换与翻修,中山医科大学附属第一医院骨科博士，现任中山大学附属第一医院骨科主任，从事骨科临床工作近30年。曾在香港大学和德国科隆大学医院进修，主持多项国家级和省部级科研项目，发表论文67篇，获教育部和广东省科技进步奖3项，培养博士、硕士及博士后34名，担任多个国家级和省级骨科专业学会委员及期刊编委。
58f6c0c2-2f5e-49d8-8d8f-44b3d28736f1,,盛璞义,"主任医师, 教授, 博士生导师",中山大学附属第一医院,关节外科,"关节置换治疗中高龄骨性关节炎, 关节置换治疗风湿性关节炎, 关节置换治疗先天性关节疾患股骨头缺血性坏死, 关节置换治疗各种复杂的关节疾患, 关节置换失败的翻修和重建, 关节置换后假体感染的诊治",该医生毕业于中山医科大学临床医学专业，获中山医科大学外科学硕士学位及芬兰坦培雷医学院外科学博士学位。现任中山大学附属第一医院骨科-关节外科教授、主任医师、博士生导师，从医从教30余年。曾作为访问学者在芬兰COXA人工关节置换专科医院、香港玛丽医院关节外科及日本名古屋大学医院骨科进修学习。担任广东省医师协会骨关节外科医师分会主任委员等学术职务，获“岭南名医”称号。主持国家自然科学基金面上项目等多项科研课题，发表SCI论著39篇，包括JBJSA封面文章和AGEING RES REV等期刊。,https://www.fahsysu.org.cn/sites/1h.prod.sysucloud1.sysu.edu.cn/files/styles/focal_point_480/public/2022-05/%E9%AA%A8%E7%A7%91%E5%AE%9E%E9%AA%8C%E5%AE%A4%20%E7%9B%9B%E7%92%9E%E4%B9%89.jpg?itok=VaDFeCxJ,TRUE,0,,,,关节置换及翻修手术，关节假体感染诊治,中山医科大学临床医学本科、外科学硕士，芬兰坦培雷医学院外科学博士。现任中山大学附属第一医院骨科-关节外科教授、主任医师、博士生导师，从医从教30余年。曾赴芬兰、日本、香港等地进修关节外科。担任广东省医师协会骨关节外科医师分会主任委员，获“岭南名医”称号。主持国自然等科研项目，发表SCI论文39篇。
2b7ed796-0495-4bbd-8f96-6eaecf51b351,,徐栋梁,主任医师,中山大学附属第一医院,关节外科,"膝、髋、踝、肩、肘关节疾病诊治,常规和微创人工膝关节置换术,人工髋关节置换术,人工膝和髋关节翻修术,老年性膝疾病,股骨头坏死,先天性髋关节发育不良,骨质疏松症,下肢关节骨折,下肢畸形矫正,骨愈合",该医生于1980年9月进入衡阳医学院医疗专业学习，1985年6月本科毕业后留校工作两年，1987年9月和1993年9月分别就读中山医科大学攻读硕士和博士学位，1990年7月硕士毕业后留本院工作至今。曾多次赴美国、法国、德国、台湾、香港等地由名师指导专修关节外科临床和人工髋、膝关节置换手术。担任中华骨科学会基础学组委员、广东省医学会关节外科学分会副主任委员、骨质疏松分会委员等社会兼职。在学术研究方面，发表了多篇关于人工关节置换术、关节外科临床研究等方面的论著，包括在《中华关节外科杂志》《中国修复重建外科杂志》《实用医学杂志》等期刊上发表的15篇论文。,https://www.fahsysu.org.cn/sites/1h.prod.sysucloud1.sysu.edu.cn/files/styles/focal_point_480/public/104125.jpg?itok=nVFQ7w98,TRUE,0,,,,关节外科疾病诊治与人工关节置换术,衡阳医学院医疗专业毕业，中山医科大学硕士、博士，从事关节外科临床工作与研究32年，曾赴多国进修关节外科技术，担任中华骨科学会基础学组委员、广东省医学会关节外科学分会副主任委员等职务，发表学术论文15篇。
c3dfed59-8879-44dc-aa68-309695544974,,张志奇,"主任医师, 教授",中山大学附属第一医院,关节外科,"骨关节炎诊疗, 髋膝肩肘踝关节骨病诊疗, 关节创伤诊疗, 关节损伤诊疗, 四肢关节置换手术, 四肢关节翻修手术, 关节镜下关节组织修复重建手术, 保髋手术, 保膝手术, 髋关节置换手术, 膝关节置换手术, 关节矫形手术",该医生于2006年至2011年在中山大学附属第一医院骨科学（关节外科）攻读医学博士学位，期间于2008年至2010年在美国圣路易斯华盛顿大学骨科学系进行国家公派联合培养博士学习。2011年至2021年在中山大学附属第一医院关节外科历任住院医师、主治医师、副主任医师，2021年至2024年晋升为主任医师，自2024年12月起担任教授、主任医师。社会兼职方面，担任国家药品监督管理局医疗器械技术会评专家、中国老年保健协会骨关节分会全国委员、广东省医学会骨科学分会委员、广东省医学会关节外科学分会常务委员。,https://www.fahsysu.org.cn/sites/1h.prod.sysucloud1.sysu.edu.cn/files/styles/focal_point_480/public/2025-04/%E5%BC%A0%E5%BF%97%E5%A5%87_%E6%95%99%E6%8E%88_%E4%B8%BB%E4%BB%BB%E5%8C%BB%E5%B8%88.png?itok=QiYYBq4v,TRUE,0,,,,关节疾病诊疗与关节置换手术,中山大学医学博士，曾在美国圣路易斯华盛顿大学联合培养。现任中山大学附属第一医院关节外科教授、主任医师，历任住院医师至主任医师。担任国家药品监督管理局医疗器械技术会评专家、中国老年保健协会骨关节分会全国委员等社会职务。
29ecc475-577e-4cab-89a6-a0de3c84b0ba,,张紫机,"主任医师, 副主任医师, 博士及硕士研究生导师, 博士后合作导师",中山大学附属第一医院,关节外科,"膝骨关节炎阶梯化个体化全程治疗, 膝关节镜手术, 膝关节周围截骨术, 膝关节置换术, 终末期髋膝关节疾病关节置换术, 关节置换术后并发症综合治疗, 假体周围感染治疗, 无菌性松动治疗, 假体周围骨折治疗, 髋部骨折手术治疗, 复位内固定术, 股骨头置换术, 人工髋膝关节置换术后效果随访, 膝关节软骨退变与修复分子机制研究, 膝关节软骨退变与修复临床研究",该医生毕业于中山大学中山医学院临床医学七年制，获中山大学附属第一医院关节外科博士学位，师从廖威明教授和盛璞义教授。2016年晋升为副主任医师，2021年晋升为主任医师，现为博士及硕士研究生导师、博士后合作导师。曾作为访问学者赴美国哈佛大学麻省总医院学习，并曾至日本名古屋大学医学院进修关节置换技术。担任广东省医师协会骨关节外科医师分会委员兼秘书长、青年医师专业组副组长，广东省健康管理学会骨科学专业委员会常务委员，广东省临床医学学会关节外科专业委员会常务委员，广东省医学会粤港澳大湾区骨科联盟成员，广东省医师协会骨科医师分会骨质疏松组委员。发表学术论文70余篇，包括The Journal of Arthroplasty、Osteoarthritis and Cartilage及中华关节外科杂志等权威期刊。入选广东省杰出青年医学人才、广东医院最强科室实力中青年医师，获中山大学附属第一医院菁英人才计划支持及中山大学青年教师重点培育项目资助。主持国家自然科学基金3项、广东省自然科学基金、广东省科技计划项目、教育部博士点基金等多项课题。担任国家自然科学基金项目评审专家、广东省医学科研基金项目评审专家，并曾作为培训教官参与全国高等医学院校大学生临床技能竞赛，获中山大学“优秀培训老师”称号。,https://www.fahsysu.org.cn/sites/1h.prod.sysucloud1.sysu.edu.cn/files/styles/focal_point_480/public/031752.jpg?itok=nbedNCaG,TRUE,0,,,,关节置换手术及术后并发症治疗,中山大学临床医学七年制毕业，关节外科博士，师从廖威明、盛璞义教授。2016年晋升副主任医师，2021年晋升主任医师，现为博士及硕士研究生导师、博士后合作导师。曾赴哈佛大学麻省总医院访问学习。担任广东省医师协会骨关节外科分会委员兼秘书长等多项社会兼职。发表论文70余篇，主持国家自然科学基金3项等多项课题，入选广东省杰出青年医学人才。
a656ffa8-2d46-4912-805e-54145da8a060,,陈蔚深,"副主任医师, 硕士研究生导师",中山大学附属第一医院,关节外科,"成人关节外科常见疾病规范化精准化治疗, 髋膝关节置换手术, 关节翻修手术, 截骨矫形, 关节置换术后并发症系统性研究",该医生本科毕业于中山大学临床医学专业，博士毕业于中山大学附属第一医院关节外科，师从廖威明教授、盛璞义教授，并获美国哈佛大学麻省总医院国家公派联合培养博士。2015-2017年赴美国哈佛大学麻省总医院骨科学习关节置换新技术及新理念，开展关节假体生物材料研究，在Biomaterials等国际期刊发表论文。2017年赴日本名古屋大学跟随长谷川幸治教授进修髋关节发育不良的髋臼旋转截骨手术。2017年博士毕业后留院从事关节外科工作至今，2020年12月晋升主治医师，2022年12月晋升副主任医师，2020年起担任中山大学硕士研究生导师。研究方向包括人工关节置换术后并发症临床研究、骨科人工智能诊断模型、关节假体生物材料改进及假体周围骨免疫相关机制研究、关节软骨退变机制及软骨修复。曾主持国家自然科学基金、广东省自然科学基金等5项科研项目，在关节外科领域发表第一作者或通讯作者SCI论文10余篇，入选2021年度中山一院“柯麟新星人才计划”。,https://www.fahsysu.org.cn/sites/1h.prod.sysucloud1.sysu.edu.cn/files/styles/focal_point_480/public/2023-07/%E5%85%B3%E8%8A%82%E5%A4%96%E7%A7%91-%E9%99%88%E8%94%9A%E6%B7%B1-%E5%89%AF%E4%B8%BB%E4%BB%BB%E5%8C%BB%E5%B8%88.jpg?itok=GOL94fMY,TRUE,0,,,,关节外科疾病治疗与关节置换手术,中山大学临床医学博士，美国哈佛大学麻省总医院联合培养博士，现任中山一院关节外科副主任医师、硕士研究生导师。曾赴美国哈佛大学麻省总医院和日本名古屋大学进修关节置换技术，主持国家自然科学基金等5项科研项目，发表SCI论文10余篇，入选中山一院“柯麟新星人才计划”。
a1cb374a-228e-45f2-83ad-2e4d9adacddb,,古明晖,"副主任医师, 硕士生导师",中山大学附属第一医院,关节外科,"髋关节置换手术, 膝关节置换手术, 膝关节运动损伤关节镜微创手术, 髋膝关节骨病阶梯化个体化治疗, 骨折复位固定技术, 肢体畸形截骨矫形手术, 关节置换术后并发症治疗",该医生毕业于中山大学中山医学院临床医学八年制，师从关节外科名医廖为明教授，2013年毕业后留院工作，2022年晋升为副主任医师，现为硕士生导师。期间曾至西藏边坝县及广东封开县进行帮扶工作，帮助当地建立骨科并开展多项新技术。担任广东省健康管理学会骨科学专业委员会副秘书长、委员及广东省医师协会骨关节外科医师分会青年医师专业组成员。发表论文10余篇，包括关节外科领域权威杂志The Journal of Arthroplasty等国际知名杂志一作文章。主持省级基金一项并参与多项国家级基金，曾获“2018学年度优秀教师”、“2020年教育先进工作者”等荣誉。,https://www.fahsysu.org.cn/sites/1h.prod.sysucloud1.sysu.edu.cn/files/styles/focal_point_480/public/2022-05/%E5%85%B3%E8%8A%82%E5%A4%96%E7%A7%91%E5%8F%A4%E6%98%8E%E6%99%96%E5%89%AF%E9%AB%98.jpg?itok=hNjiogOE,TRUE,0,,,,关节外科疾病治疗与关节置换手术,中山大学中山医学院临床医学八年制毕业，师从廖为明教授，2013年留院工作，2022年晋升为副主任医师，现为硕士生导师。担任广东省健康管理学会骨科学专业委员会副秘书长等社会兼职，发表论文10余篇，主持省级基金并参与国家级基金，曾获优秀教师等荣誉。
5b38c327-f9a4-45fb-96cc-982862869f1f,,胡俊勇,副主任医师,中山大学附属第一医院,关节外科,"晚期髋、膝关节疾患的人工关节置换, 髋关节疾病如髋关节发育不良、股骨头坏死等的保髋治疗, 膝关节骨性关节炎的微创保膝治疗, 关节周围骨折及韧带损伤的微创手术治疗, 足踝关节骨折、畸形的手术治疗, 严重髋膝疾患的人工关节置换, 下肢关节疼痛的发病基础与临床治疗, 膝关节骨性关节炎的阶梯治疗, 髋膝关节疾患的保髋保膝手术技术",该医生毕业于华西医科大学，获医学博士学位，先后在华西医科大学附一院、第一军医大学珠江医院及中山大学附一院学习工作。从事骨科临床工作30余年，专注于关节外科临床工作20余年，曾先后赴国内外多所医院交流学习关节外科技术，积累了丰富的临床经验。发表关节外科及创伤骨科相关论著10余篇。,https://www.fahsysu.org.cn/sites/1h.prod.sysucloud1.sysu.edu.cn/files/styles/focal_point_480/public/2025-01/%E5%85%B3%E8%8A%82%E5%A4%96%E7%A7%91_%E8%83%A1%E4%BF%8A%E5%8B%87_%E5%89%AF%E9%AB%98.jpg?itok=NNyN2yq4,TRUE,0,,,,关节外科疾病治疗与人工关节置换,华西医科大学医学博士，从事骨科临床工作30余年，专注于关节外科20余年，曾在华西医科大学附一院、第一军医大学珠江医院及中山大学附一院学习工作，赴国内外多所医院交流学习关节外科技术，发表关节外科及创伤骨科相关论著10余篇。
ec3c2b6d-552f-47fc-9120-102e0178d148,,孟繁钢,副主任医师,中山大学附属第一医院,关节外科,"微创关节镜技术治疗膝、肩、髋、踝等关节损伤,髋膝关节疾病的关节置换术,膝关节前、后交叉韧带损伤,半月板撕裂,痛风性关节炎,肩关节肩袖撕裂,肩周炎,肩关节反复脱位,髋关节撞击,踝关节不稳,膝髋关节退变,股骨头坏死,关节软骨损伤、退变及修复",该医生2016年博士毕业于中山大学附属第一医院关节外科，2014-2016年在美国哈佛大学医学院进行国家公派联合培养博士研究。现任广东省医师协会运动医学医师分会上肢专业组成员、广东省临床医学学会运动医学专委会青年委员。作为第一作者或通讯作者发表SCI论文10余篇，包括OSTEOARTHRITIS AND CARTILAGE、JOURNAL OF ORTHOPAEDIC RESEARCH等骨关节外科权威杂志。主持多项基金项目，包括国家自然科学基金、广东省自然科学基金、中山大学青年教师培育项目等。,https://www.fahsysu.org.cn/sites/1h.prod.sysucloud1.sysu.edu.cn/files/styles/focal_point_480/public/%E5%85%B3%E8%8A%82%E5%A4%96%E7%A7%91%20%E5%AD%9F%E7%B9%81%E9%92%A2%20%E5%89%AF%E9%AB%98.JPG?itok=4EUVsoU8,TRUE,0,,,,关节损伤微创治疗与关节置换术,中山大学附属第一医院关节外科博士，哈佛大学医学院联合培养博士。现任广东省医师协会运动医学医师分会上肢专业组成员、广东省临床医学学会运动医学专委会青年委员。发表SCI论文10余篇，主持国家自然科学基金等多项科研项目。
616f0cb2-4729-4da5-b6f2-0161c33f7e06,,杨子波,副主任医师,中山大学附属第一医院,关节外科,"关节骨病诊治, 运动损伤疾病诊治, 关节置换手术, 关节镜微创手术, 肩关节运动损伤治疗, 髋关节运动损伤治疗, 膝关节运动损伤治疗, 踝关节运动损伤治疗, 肩袖撕裂修补, 肩关节脱位修补重建, 钙化性肌腱炎清除, 肩关节上盂唇复合体损伤修复, 踝关节韧带损伤修复, 膝关节交叉韧带断裂手术, 膝关节内侧髌股韧带断裂手术, 膝关节侧副韧带断裂手术, 膝关节半月板撕裂修复重建, 膝关节退行性疾病治疗, 股骨头坏死治疗, 髋关节发育不良治疗",该医生自2005年起专攻关节骨病和运动损伤疾病的诊治，2012年在加拿大伦敦市医学科学中心进修髋膝关节置换技术，2013年在北京大学第三医院运动医学研究所进修关节镜手术技术。现任广东省医师协会运动医学医师分会第二届委员会委员、广东省医学会创伤学分会第三届委员会青年委员会委员、中华关节外科杂志通讯编委。发表国内外论文20余篇，其中SCI论文10篇。曾获2008年度“广东省青年岗位能手”表彰、第十六届亚运会“阳光志愿者”表彰，2011至2013年担任全国高等医学院校大学生临床技能竞赛中山大学校队培训教官，三年均获全国特等奖，并获中山大学“优秀教官奖”。,https://www.fahsysu.org.cn/sites/1h.prod.sysucloud1.sysu.edu.cn/files/styles/focal_point_480/public/103959.jpg?itok=9RtgYpsh,TRUE,0,,,,关节骨病与运动损伤的关节置换及关节镜微创手术,自2005年起专攻关节骨病和运动损伤诊治，曾在加拿大伦敦市医学科学中心和北医三院运动医学研究所进修关节置换与关节镜技术。担任广东省医师协会运动医学医师分会委员等社会兼职，发表论文20余篇（SCI10篇），获广东省青年岗位能手等表彰，并作为中山大学校队培训教官在临床技能竞赛中取得优异成绩。
5ecf00d2-a9f4-4b35-a97f-909bca332fa8,,赵潇艺,"副主任医师, 硕士研究生导师",中山大学附属第一医院,关节外科,"髋关节病变个体化治疗, 膝关节病变个体化治疗, 髋关节运动损伤关节镜微创治疗, 膝关节运动损伤关节镜微创治疗, 终末期髋关节病变关节置换手术, 终末期膝关节病变关节置换手术, 四肢畸形截骨矫形, 关节骨折手术治疗和康复",该医生于2006年至2014年在中山大学完成临床医学八年制学习，获中山大学附属第一医院关节外科博士学位。2019年至2020年在美国斯坦福大学医学院临床研究中心从事博士后研究。2014年起在中山大学附属第一医院工作，历任医师、主治医师，2020年至今担任副主任医师。作为第一作者或通讯作者发表专业论文10余篇，其中SCI论文8篇，发表于Osteoarthritis Cartilage、Molecular Therapy-Nucleic Acids等国际骨关节专业顶级杂志。入选中山大学附属第一医院柯麟新星人才计划，主持国家自然科学基金2项、广东省自然科学基金、广东省科技计划项目、广州市科技计划项目等多项课题。,https://www.fahsysu.org.cn/sites/1h.prod.sysucloud1.sysu.edu.cn/files/styles/focal_point_480/public/%E5%85%B3%E8%8A%82%E5%A4%96%E7%A7%91%20%E8%B5%B5%E6%BD%87%E8%89%BA%20%E5%89%AF%E9%AB%98.jpeg?itok=u5lsWvgj,TRUE,0,,,,髋膝关节病变个体化治疗与关节镜微创手术,中山大学临床医学八年制博士，美国斯坦福大学医学院博士后，现任中山大学附属第一医院关节外科副主任医师、硕士研究生导师。发表SCI论文8篇，主持国家自然科学基金等多项课题，入选柯麟新星人才计划。
38af99ce-8406-4505-98c3-7bab8e7df79e,,邬培慧,主任医师,中山大学附属第一医院,运动医学科,"肩关节镜微创手术, 膝关节镜微创手术, 足踝关节镜微创手术, 髋关节镜微创手术, 肘关节镜微创手术, 肩袖损伤治疗, 复发性肩关节脱位治疗, SLAP损伤治疗, 肩周炎治疗, 肩峰撞击治疗, 韧带损伤与撕裂治疗, 半月板病变治疗, 髌骨复发性脱位治疗, 软骨损伤治疗, 前十字韧带双束修补技术, 改良前外侧架构加强技术, 髌骨脱位四联手术, 足踝扭伤治疗, 距骨软骨损伤治疗, 后足痛治疗, 全镜下距腓前韧带修补术, 髋关节撞击治疗, 盂唇撕裂治疗, 早期股骨头坏死治疗, 髋关节滑膜病变治疗, 肘关节撞击治疗, 肘关节滑膜病变治疗, 关节镜微创手术治疗, 康复指导",该医生曾以访问学者身份公派前往韩国梨花女子大学首尔医院肩关节中心、日本足踝研究中心CARIFAS、香港玛丽医院关节外科临床进修学习，并获得中山一院菁英计划支持。主持国家级项目2项、省部级课题3项，拥有专利5项、PCT专利1项、软件著作权3项。现任广东省医师协会运动医学分会常委、广东省医学会运动医学分会委员、广东省临床医学会运动医学分会青年学会副主任委员、广东省医师协会运动医学分会下肢学组副组长、广东省医师协会运动医学医师分会运动康复专业组副组长、广东省康复医学会科普工作委员会副组长、广东省医师协会骨关节外科医师分会微创与快速康复学组秘书、广东省健康管理学会食品安全与营养健康专业委员会常委委员、中国社区卫生协会骨关节炎社区防治专家委员会委员。,https://www.fahsysu.org.cn/sites/1h.prod.sysucloud1.sysu.edu.cn/files/styles/focal_point_480/public/2024-05/%E8%BF%90%E5%8A%A8%E5%8C%BB%E5%AD%A6%E7%A7%91%20%E9%82%AC%E5%9F%B9%E6%85%A7%20%E6%AD%A3%E9%AB%98.jpg?itok=602QKsTB,TRUE,0,,,,关节镜微创手术治疗及康复指导,曾公派前往韩国、日本、香港进修学习，主持国家级项目2项、省部级课题3项，拥有多项专利和软件著作权，现任广东省医师协会运动医学分会常委等多个学会职务。
087d45cb-17a7-40c3-a581-5c2689a786c0,,黄纲,主任医师,中山大学附属第一医院,骨肿瘤科,"骨肉瘤保肢手术及综合治疗, 尤文肉瘤保肢手术及综合治疗, 滑膜肉瘤保肢手术及综合治疗, 四肢恶性骨与软组织肿瘤保肢手术, 个体化假体设计及生物重建, 儿童骨肿瘤可延长假体保肢手术, 儿童半关节假体手术, 骨盆肿瘤精准切除与3D打印假体重建, 脊柱肿瘤精准切除与3D打印假体重建, 脊柱肿瘤机器人手术及综合治疗, 骨与软组织恶性肿瘤综合诊断, 颈胸椎高危部位骨穿刺活检, 骨与软组织恶性肿瘤化疗、靶向、免疫治疗, 嗜酸性肉芽肿综合治疗",该医生于1994年至1999年在中山大学攻读外科学骨科专业硕士博士学位，1999年起在中山大学附属第一医院工作，历任骨科主治医生、讲师、副主任医师，2005年起担任骨肿瘤科副主任，2015年起晋升为骨肿瘤科主任医师。2001年至2002年曾作为访问学者在香港大学玛丽医院骨科学系进修。在学术任职方面，担任中华医学会骨科学分会骨肿瘤学组委员、中国抗癌协会肉瘤专业委员会多个学组副组长、中国骨科医师协会骨肿瘤学组委员、广东省医学会肿瘤学分会骨软组织肿瘤学组组长等职务。科研方面，主持多项国家及省部级科研项目，发表SCI收录文章20余篇，其中第一/通讯作者发表7篇，单篇最高影响因子11.21，并参与获得教育部一等奖、广东省科学技术奖励二等奖、广州市科学技术奖励三等奖、广东省精准医学科技奖一等奖等多个奖项。,https://www.fahsysu.org.cn/sites/1h.prod.sysucloud1.sysu.edu.cn/files/styles/focal_point_480/public/2022-06/%E9%BB%84%E7%BA%B2-%E7%99%BD%E5%BA%95.jpg?itok=U1kjw1yF,TRUE,0,,,,骨与软组织恶性肿瘤保肢手术及综合治疗,中山大学外科学骨科专业博士，现任中山大学附属第一医院骨肿瘤科主任医师、副主任。从事骨肿瘤临床与科研工作近30年，曾赴香港大学玛丽医院进修。担任中华医学会、中国抗癌协会等多个学术组织委员或副组长，主持多项国家级科研项目，发表SCI论文20余篇，参与获得教育部、省级科技奖励多项。
337c8690-ba70-4178-afaa-a4a474215ae1,,沈靖南,"主任医师, 教授, 博士生导师",中山大学附属第一医院,骨肿瘤科,"骨肿瘤术前穿刺活检诊断, 恶性骨与软组织肿瘤保肢手术, 儿童骨肿瘤保肢术和延长技术, 骨盆和脊柱肿瘤切除重建, 骨骼畸形矫正术, 大块骨关节缺损修复重建术, 骨病和骨髓炎处理, 恶性骨肿瘤辅助化疗, 术中放疗, 靶向免疫生物治疗",该医生1985年攻读中山医科大学骨科硕士研究生，1991年攻读博士研究生，从事骨科临床工作35年，在骨科创伤、关节、感染、脊柱、骨病、肿瘤等方面积累了丰富的临床经验。创建中山一院骨肿瘤科，组建广东省三个骨肿瘤学组，不断创新手术技术、救治疑难危重病例。在国内率先开展儿童可延长假体保肢手术，推广骨肉瘤保肢及规范化治疗，主持《恶性骨肿瘤的三结合诊断、保肢治疗以及基础研究》获教育部国家科技进步一等奖和广东省科学技术奖二等奖，主持《骨肉瘤精准诊疗技术创新及推广应用》获广东省精准医学科技奖一等奖。主持国自然面上、省自然重点等项目22项，研究方向为骨肉瘤干细胞以及肺转移的功能机制研究。发表SCI收录论文78篇（第一或通讯作者59篇），总影响因子286.177，代表作见Nat Cell Biol、J Natl Cancer Inst、J Clin Invest、Clin Cancer Res等主流肿瘤学杂志。担任国际骨肿瘤保肢协会会员、中国抗癌协会肉瘤专业委员会主任委员、广东省医师协会骨肿瘤医师分会名誉主委、广东省骨科学会副主任委员、中国肿瘤防治联盟中南骨肿瘤联盟主任委员等学术职务。首批中山大学名医、中国名医百强榜、国之名医（卓越建树）、广东医师奖及南粤优秀教师奖获得者。培养的学术骨干获得教育部博士后创新人才计划等项目多项，与美国、意大利、加拿大等多个国际骨肿瘤中心及中山大学华南肿瘤学国家重点实验室建立了良好的合作关系。2016年建立国内第一家医生发起的慈善公益组织《广东省润希靖南抗骨癌基金会》，帮助贫困家庭病人完成治疗。,https://www.fahsysu.org.cn/sites/1h.prod.sysucloud1.sysu.edu.cn/files/styles/focal_point_480/public/2022-04/%E9%AA%A8%E8%82%BF%E7%98%A4%E7%A7%91%20%E6%B2%88%E9%9D%96%E5%8D%97-%E7%99%BD%E5%BA%95.jpg?itok=9vUVq3Be,TRUE,0,,,,骨与软组织肿瘤诊断与治疗，尤其擅长保肢手术,中山医科大学骨科博士，从事骨科临床工作35年，创建中山一院骨肿瘤科。在国内率先开展儿童可延长假体保肢手术，主持项目获国家科技进步一等奖等多项奖励。发表SCI论文78篇，担任中国抗癌协会肉瘤专业委员会主任委员等学术职务，首批中山大学名医、国之名医获得者。2016年发起国内首家医生慈善基金会帮助贫困患者。
0349d089-5534-499c-b802-97e7f275743f,,王永谦,副主任医师,中山大学附属第一医院,骨肿瘤科,"骨与软组织肿瘤诊断, 骨与软组织肿瘤治疗, 骨与软组织肿瘤科研, 骨的原发恶性肿瘤规范化诊断, 骨的原发恶性肿瘤化疗, 骨的原发恶性肿瘤保肢手术综合治疗, 脊柱及骨盆病变微创穿刺活检, 四肢良性及恶性骨与软组织肿瘤保肢手术, 脊柱及骨盆肿瘤切除重建, 骨转移瘤综合治疗",该医生从事骨与软组织肿瘤诊断、治疗和科研工作10余年，在相关领域积累了丰富的临床经验。,https://www.fahsysu.org.cn/sites/1h.prod.sysucloud1.sysu.edu.cn/files/styles/focal_point_480/public/%E7%8E%8B%E6%B0%B8%E8%B0%A6%20-%E7%99%BD%E5%BA%95.jpg?itok=Le96rnyI,TRUE,0,,,,骨与软组织肿瘤诊断与治疗,从事骨与软组织肿瘤诊断、治疗和科研工作10余年，在骨的原发恶性肿瘤如骨肉瘤、软骨肉瘤、尤文肉瘤等的规范化诊断、化疗及保肢手术综合治疗方面积累了丰富的经验。
0cd1ed72-7fc9-46a0-8ba7-06dbb8489735,,谢显彪,主任医师,中山大学附属第一医院,骨肿瘤科,"骨与软组织肿瘤保肢手术, 四肢良恶性骨与软组织肿瘤保肢手术, 儿童骨肿瘤可延长假体保肢手术, 个体化生物重建, 保留关节面, 保留骺板, 儿童良性骨肿瘤微创治疗, 骨盆及骶骨区骨与软组织肿瘤广泛切除, 个体化假体重建, 脊柱肿瘤整块切除重建, 3D打印假体重建, 微创治疗, 脊柱及四肢骨盆转移癌精准诊疗, 免疫治疗, 靶向治疗, 多学科综合诊治, 骨肉瘤, 尤文肉瘤, 软骨肉瘤, 脊索瘤, 多形性未分化肉瘤, 骨巨细胞瘤, 软骨母细胞瘤, 动脉瘤样骨囊肿, 骨软骨瘤, 内生软骨瘤, 骨样骨瘤, 骨囊肿, 骨纤维结构不良, 嗜酸性肉芽肿, 脂肪肉瘤, 纤维肉瘤, 滑膜肉瘤, 骨转移癌",该医生于2000年至2011年在中山大学完成本科、硕士、博士阶段的学习，2010年至2011年在美国MD Anderson癌症中心从事博士后研究。2016年至2020年担任中山大学附属第一医院骨肿瘤科副主任医师，2020年至今任主任医师，2022年至今任骨肿瘤科行政副主任。2012年至2018年先后入选广东省医学杰出青年、中山大学青年教师培育计划、中山大学附属第一医院优秀青年人才支持计划及广东医院最强科室之实力中青年医生。社会兼职包括广东省杰出青年医学人才、广东省医师协会骨肿瘤分会秘书、中华医学会骨科学分会骨肿瘤学组青年委员、中华医学会手外科分会肢体肿瘤学组委员、中国抗癌协会肉瘤专业委员会青年委员、中国研究型医院学会骨肿瘤学组青年委员、中国医药教育协会骨软肿瘤专业委员会委员。主持国家及省部级科研项目10余项，其中国家自然科学基金项目4项，发表SCI收录文章40余篇，其中第一或通讯作者发表20余篇，代表作发表于Journal of the National Cancer Institute、Clinical Cancer Research、Oncogene等国际主流期刊。2020年作为第14完成人获广东省动物科学技术一等奖。,https://www.fahsysu.org.cn/sites/1h.prod.sysucloud1.sysu.edu.cn/files/styles/focal_point_480/public/2022-06/%E9%AA%A8%E8%82%BF%E7%98%A4%E7%A7%91%20%E8%B0%A2%E6%98%BE%E5%BD%AA%20%E6%AD%A3%E9%AB%98.jpg?itok=hu1hTCx1,TRUE,0,,,,骨与软组织肿瘤保肢手术及综合治疗,中山大学博士，美国MD Anderson癌症中心博士后，现任中山大学附属第一医院骨肿瘤科主任医师、行政副主任。入选广东省医学杰出青年等多项人才计划，担任多个国家级学会委员。主持国家自然科学基金等科研项目10余项，发表SCI论文40余篇，获广东省动物科学技术一等奖。
05ba02e0-2583-41d0-a899-2daeaa75450e,,尹军强,"主任医师, 教授",中山大学附属第一医院,骨肿瘤科,"骨与软组织肿瘤常见疾病, 骨肉瘤, 尤文肉瘤, 软骨肉瘤, 纤维肉瘤, 滑膜肉瘤, 骨巨细胞瘤, 骨软骨瘤, 纤维结构不良, 骨囊肿, 四肢原发转移性肿瘤, 脊柱原发转移性肿瘤, 骨盆原发转移性肿瘤, 骶骨原发转移性肿瘤, 脊柱骨盆骶骨肿瘤切除重建, 恶性骨与软组织肿瘤保肢治疗, 硬纤维瘤脂肪肉瘤隔离手术治疗, 肉瘤肺转移综合诊治, 骨转移癌综合诊治, 骨软肿瘤精准切除与重建, 骨软肿瘤微创治疗",该医生于2001年9月至2007年6月获得中山大学博士学位，2004年和2018年曾在意大利RIZZOLI骨肿瘤中心学习。工作经历方面，自2007年7月起在中山大学附属第一医院工作，历任住院医师、主治医师、副主任医师、主任医师，2022年1月起担任教授，2022年5月起担任骨肿瘤科主任。社会兼职包括中国抗癌协会肉瘤专业委员会委员及秘书、创新与转化学组副组长、骨盆骨转移癌学组委员，中国研究型医院学会骨科创新与转化专业委员会骨肿瘤学组委员，广东省医学会骨科学分会青年委员会副主任委员、骨肿瘤学组秘书，广东省临床医学学会肉瘤专委会副主任委员，广东省医师协会骨肿瘤专业医师分会委员。学术成就方面，发表40余篇骨肿瘤尤其是骨肉瘤领域临床和基础研究文章，其中SCI文章40余篇，代表作发表在Nature cell biology、Clinical Cancer Research、Signal Transduction and Targeted Therapy、Acta Pharmaceutica Sinica B及Cancer Prev Res等肿瘤学TOP杂志。获奖情况包括2020年广东省动物科学技术一等奖（第8完成人）、2019年广州实力中青年医生、2019年中山一院柯麟菁英人才、2017年广东省杰出青年医学人才、2016年中山大学附属第一医院“优秀共产党员”和“优秀带教老师”、2016年至2021年中山大学附属第一医院“优秀员工”、2010年广州市科学技术三等奖（第4完成人）。,https://www.fahsysu.org.cn/sites/1h.prod.sysucloud1.sysu.edu.cn/files/styles/focal_point_480/public/2022-06/%E9%AA%A8%E8%82%BF%E7%98%A4%E7%A7%91%20%E5%B0%B9%E5%86%9B%E5%BC%BA%20%E6%AD%A3%E9%AB%98.jpg?itok=_616KYsF,TRUE,0,,,,骨与软组织肿瘤诊治，包括骨肉瘤、脊柱骨盆肿瘤切除重建,中山大学博士，现任中山大学附属第一医院骨肿瘤科主任、教授。历任住院医师至主任医师，曾在意大利RIZZOLI骨肿瘤中心学习。担任中国抗癌协会肉瘤专业委员会等多个学术组织委员。发表SCI论文40余篇，代表作见于Nature子刊等顶级期刊，获广东省动物科学技术一等奖等多项荣誉。
6033332e-5f66-4fef-ba17-193df909ab30,,邹昌业,"主任医师, 教授",中山大学附属第一医院,骨肿瘤科,"原发和转移性骨肿瘤和软组织肿瘤的精准诊断、外科手术及靶向免疫治疗, 骨肉瘤、软骨肉瘤、尤文肉瘤、滑膜肉瘤等肿瘤广泛切除和假体重建, 复杂四肢、骨盆和脊柱肿瘤的精准切除、3D打印假体重建、儿童可延长假体重建, 转移性骨肿瘤尤其是脊柱转移癌的综合外科治疗, 骨巨细胞瘤的靶向药物治疗和外科手术治疗",该医生于1997年至2003年在山东大学临床医学系获得学士学位，2003年至2008年在中山大学附属第一医院骨肿瘤科获得博士学位，2007年至2008年在美国MD Anderson癌症中心进行博士后研究。自2009年起在中山大学附属第一医院骨肿瘤科工作，历任住院医生、主治医师、副主任医师，2020年起担任主任医师。社会兼职包括中国抗癌协会肉瘤专业委员会委员及多个学组职务、中华医学会骨科分会骨肿瘤学组四肢工作委员会委员、中国医药教育协会骨与软组织肿瘤专业委员会委员、广东省医学会肿瘤学分会委员，并担任《中华关节外科杂志（电子版）》和《实用医学杂志》特约审稿人。学术成就方面，发表SCI收录文章40余篇，其中第一/共同第一/通讯发表16篇，单篇最高影响因子16.806。2012年入选中山大学青年教师重点培育项目及中山大学附属第一医院优秀青年人才支持计划，作为负责人承担国家自然科学面上基金2项、省科技基金项目3项、高校专项基金项目3项。,https://www.fahsysu.org.cn/sites/1h.prod.sysucloud1.sysu.edu.cn/files/styles/focal_point_480/public/2022-03/%E9%AA%A8%E8%82%BF%E7%98%A4%E7%A7%91%20%E9%82%B9%E6%98%8C%E4%B8%9A%20%E4%B8%BB%E4%BB%BB%E5%8C%BB%E5%B8%88.jpg?itok=g5RGpEmP,TRUE,0,,,,骨肿瘤和软组织肿瘤的外科手术及靶向免疫治疗,中山大学医学博士，美国MD Anderson癌症中心博士后，现任中山大学附属第一医院骨肿瘤科主任医师。担任中国抗癌协会肉瘤专业委员会等多个学术组织委员，发表SCI论文40余篇，承担多项国家级和省部级科研项目。
8927e717-ffe4-4262-a481-7abc8339aac3,,林调,副主任医师,中山大学附属第一医院,骨肿瘤科,"骨与软组织肿瘤诊断, 骨与软组织恶性肿瘤规范化诊断, 骨与软组织恶性肿瘤综合治疗, 四肢脊柱骨盆肿瘤保肢重建手术治疗, 脊柱骨盆复杂部位病变微创活检, 脊柱骨盆复杂部位病变消融治疗, 关节假体感染并发症治疗, 关节假体松动并发症治疗, 骨转移瘤综合治疗策略",该医生毕业于中山大学中山医学院临床医学专业本科，后在浙江大学医学院完成硕博研究生学习，并曾在美国宾夕法尼亚大学医学院担任访问学者。现任中山大学附属第一医院骨肿瘤科副主任医师，此前曾在该院担任主治医师和住院医师。在学术方面，担任《骨科疾病诊治精要与微创技术》第三主编，发表多篇学术论文，并获得多项国际学术奖项，包括美国骨矿盐协会Young Investigator Award、国际华人骨研协会Webster Jee Young Investigator Award等。,https://www.fahsysu.org.cn/sites/1h.prod.sysucloud1.sysu.edu.cn/files/styles/focal_point_480/public/2022-06/%E9%AA%A8%E8%82%BF%E7%98%A4%E7%A7%91%20%E6%9E%97%E8%B0%83.png?itok=RwKJgZtY,TRUE,0,,,,骨与软组织肿瘤诊断治疗及保肢重建手术,中山大学中山医学院临床医学本科毕业，浙江大学医学院硕博研究生，美国宾夕法尼亚大学医学院访问学者。现任中山大学附属第一医院骨肿瘤科副主任医师，曾担任主治医师和住院医师。担任《骨科疾病诊治精要与微创技术》第三主编，发表多篇学术论文，获得美国骨矿盐协会Young Investigator Award等多项国际学术奖项。
749db6e9-8766-49ee-a392-91422441ef34,,涂剑,副主任医师,中山大学附属第一医院,骨肿瘤科,"恶性骨肿瘤多学科诊疗、保肢手术、免疫治疗, 骨转移癌微创治疗、整块切除手术, 骨盆脊柱肿瘤精准切除、骨科机器人辅助手术、3D打印假体重建, 中间性或良性骨肿瘤药物治疗、手术治疗",该医生于2008年至2016年在中山大学完成临床医学八年制博士教育，2016年至2019年在美国德州大学健康卫生研究院担任助理研究员。自2016年起在中山大学附属第一医院工作，历任住院医师、主治医师，2023年起担任副主任医师。研究方向主攻骨肉瘤的发病机制及精准治疗，主持国家自然科学基金及省部级基金三项，以第一作者发表骨肉瘤领域临床和基础论文十篇，代表作发表在PNAS等主流杂志。曾获得中山一院柯麟新苗计划、柯麟菁英计划人才项目支持，2022年荣获中山大学优秀临床带教教师称号及临床教师教学技能大赛一等奖。,https://www.fahsysu.org.cn/sites/1h.prod.sysucloud1.sysu.edu.cn/files/styles/focal_point_480/public/2023-07/%E6%B6%82%E5%89%91%20%E8%AF%81%E4%BB%B6%E7%85%A7%20%E7%99%BD%E5%BA%95.jpg?itok=o8pSBiCA,TRUE,0,,,,骨与软组织肿瘤诊断治疗，包括恶性骨肿瘤、骨转移癌、骨盆脊柱肿瘤,中山大学临床医学博士，美国德州大学健康卫生研究院助理研究员，现任中山大学附属第一医院副主任医师。主攻骨肉瘤发病机制及精准治疗，主持国自然、省部级基金三项，发表骨肉瘤领域论文十篇，代表作刊于PNAS。获柯麟人才项目支持及中山大学教学奖项。
304a30b8-9c0d-4161-99ce-e9545fb81134,,王博,"副主任医师, 硕士生导师",中山大学附属第一医院,骨肿瘤科,"骨与软组织肿瘤的微创穿刺活检, 骨盆/骶骨恶性骨肿瘤的精准切除及重建, 四肢恶性骨肿瘤的保肢手术, 骨转移癌的外科治疗, 软组织肉瘤的个体化综合治疗",该医生毕业于中山大学临床医学八年制，获博士学位，现任中山大学附属第一医院骨肿瘤科副主任医师、中山大学硕士生导师。从事骨与软组织肿瘤诊治工作多年，积累了丰富的临床经验。主持国家自然科学基金1项、广东省自然科学基金1项，参与国家自然科学基金多项，以第一作者/共同第一作者发表SCI论文12篇、中文核心期刊1篇。曾获第二季中国骨科好医生读片大赛广东省赛区一等奖、2017年度香港大学周肇平骨科知识竞赛二等奖。,https://www.fahsysu.org.cn/sites/1h.prod.sysucloud1.sysu.edu.cn/files/styles/focal_point_480/public/2022-06/%E9%AA%A8%E8%82%BF%E7%98%A4%E7%A7%91%20%E7%8E%8B%E5%8D%9A%20%E5%89%AF%E4%B8%BB%E4%BB%BB%E5%8C%BB%E5%B8%88.jpg?itok=Tx03CLFa,TRUE,0,,,,骨与软组织肿瘤诊治，擅长微创活检、保肢手术及个体化治疗,中山大学临床医学博士，现任中山大学附属第一医院骨肿瘤科副主任医师、硕士生导师。主持国家自然科学基金等科研项目，发表SCI论文12篇，曾获中国骨科好医生读片大赛广东省一等奖等荣誉。
92664245-3bb4-4b3d-8213-241d27f24307,,赵志强,副主任医师,中山大学附属第一医院,骨肿瘤科,"脊柱和四肢骨转移癌的微创手术及综合治疗, 脊柱和骶骨肿瘤的切除与重建, 四肢和骨盆恶性骨肿瘤保肢治疗, 软组织肉瘤的手术及综合治疗, 恶性骨肿瘤保肢及脊柱转移癌的微创治疗, 骨肉瘤及软组织肉瘤的发病和转移机制研究",该医生毕业于武汉大学临床医学系，获学士学位，后于中山大学附属第一医院完成硕士和博士研究生学习，期间曾赴美国Cedars-Sinai Medical Center和Huntsman Cancer Institute进行联合培养博士研究。自2015年起在中山大学附属第一医院工作，历任住院医师、主治医师，现任副主任医师。在学术研究方面，主持国家自然科学基金项目2项，发表多篇高水平学术论文，包括在Theranostics、Clinical Cancer Research、Cell Death & Disease等期刊上发表的关于骨肉瘤和软组织肉瘤治疗机制的研究成果。,https://www.fahsysu.org.cn/sites/1h.prod.sysucloud1.sysu.edu.cn/files/styles/focal_point_480/public/2022-05/%E9%AA%A8%E8%82%BF%E7%98%A4%E7%A7%91-%E8%B5%B5%E5%BF%97%E5%BC%BA.jpg?itok=7D_HVuzn,TRUE,0,,,,骨与软组织肿瘤的微创手术及综合治疗,武汉大学临床医学学士，中山大学附属第一医院硕士、博士，曾赴美国进行联合培养博士研究。现任中山大学附属第一医院副主任医师，主持国家自然科学基金2项，在Theranostics、Clinical Cancer Research等期刊发表多篇骨肉瘤和软组织肉瘤相关研究论文。
22f639ce-1d5c-446d-b71d-e6c6a9325b7a,,顾立强,"主任医师, 教授, 博士生导师",中山大学附属第一医院,显微创伤外手科,"创伤骨科, 显微外科, 手外科, 周围神经及臂丛损伤修复, 四肢骨折, 关节及骨盆损伤诊治, 骨折微创内固定手术, 多发伤救治, 手外伤, 断肢(指)再植, 足趾移植再造手指, 肢体血管肌肉皮肤软组织严重创伤与缺损显微外科修复与功能重建, 手部及四肢畸形矫形, 骨延长与显微重建",该医生于1979年至1984年在第一军医大学军医系（临床医学专业）学习，获医学学士学位。1984年至1987年在第一军医大学南方医院担任骨科医师。1987年至1992年在中山医科大学附一院攻读骨科、显微外科硕士和博士学位，获医学博士学位，导师为朱家恺教授。1992年至1994年在第一军医大学南方医院任骨科讲师、主治医师。1994年至1997年晋升为副教授、副主任医师，并担任硕士生导师。1997年至2001年任创伤骨科副教授、副主任医师、硕士生导师及科副主任。2001年至2004年晋升为教授、主任医师、博士生导师，继续担任科副主任。2004年至2005年在南方医科大学南方医院创伤骨科任教授、主任医师、博士生导师及科副主任。2005年至今在中山大学附属第一医院显微创伤骨科任教授、主任医师、博士生导师、科主任及骨科-显微外科医学部副主任。社会兼职包括中华医学会显微外科学分会常务委员、中华医学会手外科学分会常务委员、广东省医学会显微外科学分会主任委员等。学术成就方面，主持国家自然科学基金2项，主持省部级以上科研基金5项，参与国家重大项目2项，获国家科技进步二等奖、军队医疗成果一等奖、广东省科技进步二等奖等多项奖励。发表论文70余篇，其中第一作者40余篇，通讯作者30余篇，主编或参编专著10部，并担任多个医学期刊编委。,https://www.fahsysu.org.cn/sites/1h.prod.sysucloud1.sysu.edu.cn/files/styles/focal_point_480/public/105503.jpg?itok=sShd8TCq,TRUE,0,,,,创伤骨科、显微外科、周围神经及臂丛损伤修复,该医生为第一军医大学医学学士、中山医科大学医学博士，现任中山大学附属第一医院显微创伤骨科教授、主任医师、博士生导师及科主任。长期从事骨科与显微外科临床工作，主持多项国家级和省部级科研项目，获国家科技进步二等奖等荣誉，发表论文70余篇，主编专著多部，并担任多个医学会重要职务。
75247bda-09a3-47a0-82f5-a2b52090a0b0,,刘小林,"主任医师, 教授",中山大学附属第一医院,显微创伤外手科,"显微外科, 手外科, 整型外科, 周围神经损伤诊治, 手外伤诊治, 痉挛性脑性瘫痪显微外科治疗, 痉挛性脑性瘫痪矫形外科治疗",该医生一直从事显微外科、手外科、整型外科的临床医疗工作。社会兼职方面，担任中华医学会显微外科分会主任委员、中华显微外科杂志总编、中国再生医学与组织工程学会常委。获奖情况包括：作为主要参与者的研究课题'雪旺细胞源运动神经元营养因子'获广东省科技进步三等奖，'痉挛性脑瘫的系列研究'获广东省卫生厅科技进步三等奖，2014年课题'周围神经修复材料系列研究'获广东省科技进步一等奖。学术成果方面，近五年在核心期刊发表论文50余篇，其中SCI收录30余篇，参与编著专著3本。,https://www.fahsysu.org.cn/sites/1h.prod.sysucloud1.sysu.edu.cn/files/styles/focal_point_480/public/%E5%88%98%E5%B0%8F%E6%9E%97_0.jpg?itok=XBagz0IO,TRUE,0,,,,显微外科、手外科、周围神经损伤诊治,该医生一直从事显微外科、手外科、整型外科临床工作，担任中华医学会显微外科分会主任委员、中华显微外科杂志总编。作为主要参与者获广东省科技进步一等奖、三等奖及卫生厅科技进步三等奖，近五年发表核心期刊论文50余篇（SCI收录30余篇），参与编著专著3本。
bf20b2f4-aa90-4248-ba98-5a00ea778351,,李平,主任医师,中山大学附属第一医院,显微创伤外手科,"淋巴水肿诊治, 四肢创伤救治, 动静脉内瘘建立及返修手术, 手部先天性畸形治疗, 肢体创面修复及神经卡压性疾病显微外科手术治疗",该医生担任中华医学会整形外科分会淋巴水肿学组委员、中华医学会手外科分会再植再造学组委员、中国医师协会显微外科分会委员、中国医师协会显微外科分会骨修复专业学组委员、广东省医师协会创伤骨科医师分会副主任委员、广东省医学会手外科分会委员，并任《中华显微外科杂志》特约编委。,https://www.fahsysu.org.cn/sites/1h.prod.sysucloud1.sysu.edu.cn/files/styles/focal_point_480/public/2023-03/%E6%98%BE%E5%BE%AE%E5%88%9B%E4%BC%A4%E6%89%8B%E5%A4%96%E7%A7%91%E6%9D%8E%E5%B9%B3%E4%B8%BB%E4%BB%BB%E5%8C%BB%E5%B8%88.jpg?itok=1GNj0gQ8,TRUE,0,,,,显微外科技术治疗淋巴水肿及四肢创伤,该医生在多个国家级和省级医学学会担任委员职务，包括中华医学会整形外科分会淋巴水肿学组委员、中华医学会手外科分会再植再造学组委员、中国医师协会显微外科分会委员等，并任《中华显微外科杂志》特约编委，在显微外科领域具有广泛的社会兼职和学术影响力。
3fe7ddc1-15f5-41fc-8741-19d404c43dd7,,戚剑,主任医师,中山大学附属第一医院,显微创伤外手科,"手外科, 周围神经外科, 创伤骨科, 淋巴外科, 修复重建外科",该医生担任中华医学会手外科学分会常务委员、中华医学会骨科学分会创伤骨科委员会委员、中国医师协会周围神经专委会周围神经修复学组副组长、中国康复医学会修复重建外科专委会皮瓣学组副组长，并任《中华显微外科杂志》《中国修复重建外科杂志》编委。在广东省医学会手外科学分会担任副主任委员，在广东省医师协会创伤骨科医师分会显微修复学组担任组长。曾获2014年广东省科技进步一等奖、2016年中山大学第11届临床教师教学技能大赛特等奖、2021年广东省精准医学科学技术奖科技创新奖一等奖。,https://www.fahsysu.org.cn/sites/1h.prod.sysucloud1.sysu.edu.cn/files/styles/focal_point_480/public/2023-04/%E6%98%BE%E5%BE%AE%E5%88%9B%E4%BC%A4%E6%89%8B%E5%A4%96%E7%A7%91%20%E6%88%9A%E5%89%91%20%E6%AD%A3%E9%AB%98.jpg?itok=dDLJcIdh,TRUE,0,,,,手外科、周围神经外科、创伤骨科、淋巴外科、修复重建外科,担任中华医学会手外科学分会常务委员、中华医学会骨科学分会创伤骨科委员会委员、中国医师协会周围神经专委会周围神经修复学组副组长、中国康复医学会修复重建外科专委会皮瓣学组副组长，并任《中华显微外科杂志》《中国修复重建外科杂志》编委。曾获广东省科技进步一等奖、中山大学临床教师教学技能大赛特等奖、广东省精准医学科学技术奖科技创新奖一等奖。
2e6a7910-0760-4059-a719-5b043611e539,,郑灿镔,主任医师,中山大学附属第一医院,显微创伤外手科,"四肢骨折,软组织创伤修复,功能重建,手与上肢疾患,四肢神经损伤和病变外科治疗,显微外科治疗肢体创伤,内镜技术手腕关节微创诊疗",该医生本科就读于中山大学中山医学院临床医学七年制，获硕士学位后，在所在医院完成骨科学博士学位培养并留院工作至今。2015年在美国德州医学中心赫曼纪念医院骨创伤中心从事AO Fellow；2017年至2020年在美国德克萨斯州大学西南医学中心开展博士后研究工作。历任显微创伤手外科住院医师、主治医师、副主任医师。担任中华医学会显微外科学会分第十届委员会青年委员会委员、亚太重建显微外科联盟中国部青年委员、中国研究型医院学会骨科创新与转化学术委员会周围神经损伤修复学组委员、SICOT（国际矫形与创伤学会）中国部显微修复专业委员会委员。近年来在国内外发表相关论文近50余篇，以第一作者或通信作者在SCI收录杂志上发表论文10篇，代表作以共同第一作者发表于2021年Nature杂志。获授权发明专利6项，作为项目负责人先后主持国家自然科学青年基金、广东省自然科学基金面上项目、广东省科技厅公益研究与能力建设专项资金和广东省医学科研基金。参编《显微骨科学》《再生医学：转化与应用》《周围神经损伤性缺损修复材料生物制造与临床评估》等专著。曾获2015年中国产学研合作创新成果一等奖、2014年中山一院青年教师授课大赛(全英组)优胜奖、2010年中华医学会显微外科分会年会青年论文竞赛二等奖、2014年广东省显微外科分会青年论文竞赛一等奖、2014年中华医学会显微外科分会年会青年论文竞赛二等奖。,https://www.fahsysu.org.cn/sites/1h.prod.sysucloud1.sysu.edu.cn/files/styles/focal_point_480/public/114610.jpg?itok=vV3TVLJx,TRUE,0,,,,四肢骨折、软组织创伤修复与显微外科治疗,中山大学中山医学院临床医学七年制硕士，骨科学博士，留院工作至今。曾在美国德州医学中心赫曼纪念医院骨创伤中心从事AO Fellow，并在美国德克萨斯州大学西南医学中心开展博士后研究。历任显微创伤手外科住院医师、主治医师、副主任医师。担任多个学术委员会委员，发表SCI论文10篇，代表作发表于Nature杂志，获授权发明专利6项，主持多项国家级和省级科研项目。
fd7b2de3-9889-496e-ad62-0da7580e6817,,朱庆棠,"主任医师, 教授",中山大学附属第一医院,显微创伤外手科,"神经系统损伤修复, 运动系统损伤修复, 肢体功能重建, 周围神经外伤显微修复, 周围神经卡压微创治疗, 糖尿病合并周围神经病变显微外科治疗, 痛风合并周围神经病变显微外科治疗, 尿毒症合并周围神经病变显微外科治疗, 脑卒中后遗肢体痉挛矫形, 脑卒中后遗肢体畸形功能重建, 脑卒中后遗肢体瘫痪功能重建, 脑性瘫痪后遗肢体痉挛矫形, 脑性瘫痪后遗肢体畸形功能重建, 脑性瘫痪后遗肢体瘫痪功能重建, 脑外伤后遗肢体痉挛矫形, 脑外伤后遗肢体畸形功能重建, 脑外伤后遗肢体瘫痪功能重建, 脊髓外伤后遗肢体痉挛矫形, 脊髓外伤后遗肢体畸形功能重建, 脊髓外伤后遗肢体瘫痪功能重建, 周围神经损伤后遗肢体痉挛矫形, 周围神经损伤后遗肢体畸形功能重建, 周围神经损伤后遗肢体瘫痪功能重建, 上肢损伤后疼痛显微治疗, 上肢损伤后活动障碍微创治疗, 四肢骨损伤修复, 四肢软组织损伤修复",该医生曾担任国际矫形外科与创伤学会显微外科委员会主席，现任中华医学会显微外科学分会副主任委员、《中华显微外科杂志》副总编、中国医师协会显微外科医师分会常委、中国康复医学会修复重建外科专业委员会常委、中国生物材料学会神经修复材料分会常委、广东省研究型医院学会副会长、广东省医学会显微外科学分会主任委员。研究方向与业绩包括肢体创伤修复重建技术研究与数字医疗平台开发、肢体运动测评智能机器人研制、周围神经修复材料研制，承担及参与国家自然科学基金、国家重点研发计划等项目20余项，发表论文100余篇，主编参编专著8部，获授权发明专利9件，获广东省科技进步一等奖2项，中国产学研合作创新成果一等奖1项。,https://www.fahsysu.org.cn/sites/1h.prod.sysucloud1.sysu.edu.cn/files/styles/focal_point_480/public/2024-07/%E6%98%BE%E5%BE%AE%E5%88%9B%E4%BC%A4%E6%89%8B%E5%A4%96%E7%A7%91-%E6%9C%B1%E5%BA%86%E6%A3%A0-%E6%95%99%E6%8E%88_0.jpg?itok=HD2qAGFI,TRUE,0,,,,神经系统与运动系统损伤修复及肢体功能重建,曾担任国际矫形外科与创伤学会显微外科委员会主席，现任中华医学会显微外科学分会副主任委员、《中华显微外科杂志》副总编、广东省医学会显微外科学分会主任委员等多项学术职务。研究方向聚焦肢体创伤修复重建技术、数字医疗平台开发、智能机器人研制及神经修复材料，承担国家级项目20余项，发表论文100余篇，获广东省科技进步一等奖2项。
ec8da0b4-1393-42f0-9c20-67ccd98a1482,,胡军,副主任医师,中山大学附属第一医院,显微创伤外手科,"四肢骨与关节损伤及手外伤的一期修复及后期功能重建, 手、肩、肘、腕部疾病的诊治, 周围血管、神经损伤的修复与功能重建, 四肢先天及后天畸形的矫形, 四肢骨与软组织缺损的显微外科修复, 各种软组织肿瘤的切除, 糖尿病周围神经及血管病变, 尿毒症患者动静脉内瘘术",该医生于1993年获新乡医学院医学学士学位，2004年获得中山大学硕士学位，2009年获中山大学医学博士学位。1993年7月至2001年9月在新乡医学院附属第一医院骨科从事临床工作，2004年以来在中山大学附属第一医院从事创伤骨科、手外科、显微外科的临床、教学和科研工作。担任广东省医学会显微外科分会第七、八、九届委员会常务委员，广东省医学会创伤骨科学分会第三届委员会常务委员，以及中华医学会手外科分会中南地区学术委员会委员。参编《现代周围神经外科学》、《显微外科学》和《面向临床应用的局部解剖学》等专著。作为刘小林教授团队成员，于2014年获得广东省科技技术奖励一等奖，并于2015年获得一项国家发明专利。此外，曾获中山大学优秀党员及中山大学附属第一医院优秀共产党员荣誉。,https://www.fahsysu.org.cn/sites/1h.prod.sysucloud1.sysu.edu.cn/files/styles/focal_point_480/public/2025-01/%E6%98%BE%E5%BE%AE%E5%A4%96%E7%A7%91_%E8%83%A1%E5%86%9B_%E5%89%AF%E9%AB%98_%E4%BF%AE%E6%94%B9%E7%99%BD%E5%BA%95.jpg?itok=BMg1iVTj,TRUE,0,,,,创伤骨科、手外科、显微外科,该医生拥有新乡医学院医学学士、中山大学硕士和博士学位，先后在新乡医学院附属第一医院和中山大学附属第一医院从事骨科临床工作，专注于创伤骨科、手外科和显微外科领域。担任多个医学会常务委员，参编多部专业著作，作为团队成员获得广东省科技技术奖励一等奖，并拥有国家发明专利。
378b909a-d747-4693-9a3b-2ac91321cbf4,,秦本刚,副主任医师,中山大学附属第一医院,显微创伤外手科,"创伤骨科, 周围神经损伤, 手外科, 臂丛神经损伤, 腕管综合征, 肘管综合征, 胸口出口综合征, 糖尿病引起的周围神经疾病处理, 外伤或肿瘤切除后的肢体功能修复与重建",该医生毕业于河南科技大学，后在郑州大学附属第一医院获得硕士学位，中山大学附属第一医院获得博士学位。曾在美国宾夕法尼亚大学创伤中心担任AO Fellow，并在韩国亚洲大学医院修复重建外科作为访问学者。现任中华医学会显微外科学分会第十届委员会青年委员会副主任委员、中华医学会手外科学分会中南地区学术委员会第十届委员会常务委员、广东省医学会显微外科学分会第八届委员会委员、广东省医学会显微外科学分会第二届青年委员会副主任委员、中国修复医学会修复重建外科专业委员会周围神经学组委员。近五年主持或参与多项国家级和省级科研项目，包括国家自然科学基金面上项目和广东省自然科学基金面上项目，发表多篇学术论文于国内外专业期刊。,https://www.fahsysu.org.cn/sites/1h.prod.sysucloud1.sysu.edu.cn/files/styles/focal_point_480/public/2024-04/%E6%98%BE%E5%BE%AE%E5%88%9B%E4%BC%A4%E6%89%8B%E5%A4%96%E7%A7%91%20%E7%A7%A6%E6%9C%AC%E5%88%9A%20%E5%89%AF%E9%AB%98.png?itok=MFE5nF7A,TRUE,0,,,,创伤骨科、周围神经损伤与手外科,河南科技大学毕业，郑州大学硕士，中山大学博士。曾在美国宾夕法尼亚大学创伤中心和韩国亚洲大学医院进修。现任中华医学会显微外科学分会青年委员会副主任委员等多项学术职务，主持或参与多项国家及省级科研项目，发表多篇学术论文。
da54c431-0cbe-4d8d-ad5f-62c70daf6b97,,王洪刚,副主任医师,中山大学附属第一医院,显微创伤外手科,"痉挛性瘫痪的评估与治疗, 周围神经损伤与修复, 四肢骨折与损伤, 手足部先天性/后天性畸形矫正, 神经损伤后肢体运动功能的重建",该医生从事骨科-显微外科临床诊疗工作20余年，曾在美国California Hospital Medical Center担任访问学者，在加拿大McGill University Health Centre担任AO Fellow。现任中华医学会显微外科学分会第十一届委员会委员、中华医学会手外科学分会第八届委员会手部先天畸形学组委员、中国医师协会显微外科医师分会开放性骨折显微修复专业委员会副主任委员、中华医学会骨科学分会第十一届委员会足踝外科学组委员、广东省医学会显微外科学分会第七届委员会常委。已发表论文30余篇，其中SCI收录10余篇，主持和参与国家重点研发计划项目、国家自然科学基金项目、广东省自然科学基金项目、广东省科技计划项目等国家级/省部级课题10余项。,https://www.fahsysu.org.cn/sites/1h.prod.sysucloud1.sysu.edu.cn/files/styles/focal_point_480/public/2023-07/%E6%98%BE%E5%BE%AE%E5%88%9B%E4%BC%A4%E6%89%8B%E5%A4%96%E7%A7%91%20%E7%8E%8B%E6%B4%AA%E5%88%9A%20%E5%89%AF%E9%AB%98.jpg?itok=BaqekUHD,TRUE,0,,,,骨科-显微外科，痉挛性瘫痪与周围神经损伤治疗,从事骨科-显微外科临床诊疗工作20余年，曾在美国和加拿大进修学习。担任中华医学会显微外科学分会委员、中国医师协会显微外科医师分会副主任委员等多个学术职务。发表论文30余篇，其中SCI收录10余篇，主持和参与国家级/省部级课题10余项。
9d1b90a6-87e3-4a83-9303-795fd878f1d5,,向剑平,副主任医师,中山大学附属第一医院,显微创伤外手科,"上肢创伤, 手外科, 显微外科, 肢体骨与软组织损伤, 周围神经损伤, 上肢及手的复杂损伤, 四肢软组织良恶性肿物, 肢体功能重建",该医生毕业于中山大学中山医学院，获得医学硕士和博士学位。从事上肢创伤、手外科、显微外科的临床、教学和研究工作，曾在美国加州医院创伤中心接受临床培训一年。社会兼职包括中华医学会显微外科学分会青年委员、中国康复医学会修复重建外科专业委员会青年委员、广东省医学会显微外科学分会常务委员，并担任《中华显微外科杂志》通讯编委。,https://www.fahsysu.org.cn/sites/1h.prod.sysucloud1.sysu.edu.cn/files/styles/focal_point_480/public/110128.jpg?itok=kHXgZNcx,TRUE,0,,,,上肢创伤、手外科、显微外科,中山大学中山医学院医学硕士和博士，从事上肢创伤、手外科、显微外科的临床、教学和研究工作，曾在美国加州医院创伤中心接受临床培训一年，担任多个医学会委员和期刊编委。
57b93b71-5bc7-43e8-86b4-00a79d12d23a,,易建华,副主任医师,中山大学附属第一医院,显微创伤外手科,"骨折, 神经肿物, 皮肤软组织缺损皮瓣修复, 神经血管损伤修复, 断指肢再植, 肩肘腕关节疾病, 创伤骨科, 显微外科, 手外科",该医生于2000年毕业于东南大学，2003年和2008年分别获得中山大学硕士和博士学位，毕业后一直在中山大学附属第一医院工作。担任中国医师协会康复分会显微骨科学组青年委员，发表多篇学术论文，包括在Plos One和中华显微外科杂志上的研究成果，并参与编写《腕关节手术外科学》和《实用儿童脑瘫畸形矫正手术学》等专著。,https://www.fahsysu.org.cn/sites/1h.prod.sysucloud1.sysu.edu.cn/files/styles/focal_point_480/public/094834.jpg?itok=Me69b3J3,TRUE,0,,,,创伤骨科、显微外科、手外科,东南大学本科毕业，中山大学硕士、博士毕业，毕业后一直在中山大学附属第一医院工作，担任中国医师协会康复分会显微骨科学组青年委员，发表多篇学术论文并参与编写专著。
7c65f67b-b8d5-48cb-b719-b7316d59917b,,杨建涛,副主任医师,中山大学附属第一医院,显微创伤外手科,"创伤骨科, 手外科, 显微外科, 周围神经及臂丛损伤修复, 四肢骨折诊治, 关节及骨盆髋臼骨折诊治, 骨折微创内固定手术, 周围神经损伤手术治疗, 周围神经压迫手术治疗, 臂丛损伤修复, 臂丛损伤功能重建, 肢体血管严重创伤显微外科重建, 肌肉严重创伤显微外科重建, 皮肤软组织严重创伤显微外科重建, 肢体血管缺损显微外科重建, 肌肉缺损显微外科重建, 皮肤软组织缺损显微外科重建, 腕关节疾患微创手术治疗, 腕部急慢性损伤微创手术治疗, 儿童手部先天性畸形矫形, 儿童四肢先天性畸形矫形",该医生于2014年博士毕业于中山大学，毕业后留校在中山大学附属第一医院工作至今，历任显微创伤手外科医师、主治医师、副主任医师。社会兼职包括SICOT（国际矫形外科与创伤学会）中国部显微外科委员会副秘书长、中国康复医学会修复重建专业委员会周围神经学组青年委员兼秘书、广东省医学会手外科学分会秘书、广东省医学会手外科学分会第四届委员会腕关节镜学组成员、广东省医师协会创伤骨科医师分会青年委员、第一届亚太重建显微外科学会中国部青年委员、AO（国际内固定组织）创伤中国讲师团成员。学术成果方面，发表多篇学术论文，如《Cross limb vessel transfer for salvage of the extremity with irreparable artery injury》等，并担任《坎贝尔骨科学第十三版第七卷》副主译。曾获2018年第45届日本重建显微外科年会亚洲青年医师病例报告一等奖、2015年广东省医学会显微外科年会青年论文竞赛一等奖、2014年中华医学会显微外科学分会青年论文竞赛一等奖。,https://www.fahsysu.org.cn/sites/1h.prod.sysucloud1.sysu.edu.cn/files/styles/focal_point_480/public/102145.jpg?itok=MPNqHANX,TRUE,0,,,,创伤骨科、手外科、显微外科及周围神经损伤修复,中山大学博士，现任中山大学附属第一医院显微创伤手外科副主任医师。担任SICOT中国部显微外科委员会副秘书长等多项社会兼职，发表多篇学术论文并获多项青年医师奖项，包括日本重建显微外科年会亚洲青年医师病例报告一等奖。
db8540e1-ca37-4743-ad69-8b1e57bcd680,,闫立伟,副主任医师,中山大学附属第一医院,显微创伤外手科,"骨科-显微外科临床诊疗, 周围神经损伤修复的诊断及治疗, 肢体痉挛性瘫痪的评估及治疗, 四肢骨折与损伤的手术治疗",该医生长期从事骨科-显微外科临床诊疗工作，至今以第一或通讯作者发表SCI论文10篇；授权美国发明专利3项，授权欧洲发明专利1项，授权中国发明专利3项；参与撰写学术专著1部《周围神经损伤缺损修复材料的生物制造与临床评估》；主持博士后面上项目1项；主持国自然青年科学基金项目1项；主持广东省自然科学基金面上项目1项；主持广州市科技计划项目1项。,https://www.fahsysu.org.cn/sites/1h.prod.sysucloud1.sysu.edu.cn/files/styles/focal_point_480/public/2024-05/%E6%98%BE%E5%BE%AE%E5%88%9B%E4%BC%A4%E6%89%8B%E5%A4%96%E7%A7%91%2B%E9%97%AB%E7%AB%8B%E4%BC%9F%2B%E5%89%AF%E9%AB%98_%E5%89%AF%E6%9C%AC.jpg?itok=Y_wKkfj-,TRUE,0,,,,骨科-显微外科，周围神经损伤修复,长期从事骨科-显微外科临床诊疗工作，发表SCI论文10篇，授权多项国内外发明专利，主持多项科研项目包括国自然青年科学基金、广东省自然科学基金等。
fc0b87ae-d002-40a9-9445-4d8310629a65,,周翔,副主任医师,中山大学附属第一医院,显微创伤外手科,"先天性手畸形, 周围神经损伤, 手外伤, 复杂骨折处理, 显微外科, 微创外科, 骨科急诊, 骨科病房管理",该医生为中山大学附属第一医院显微创伤手外科博士，具备全面的骨科知识及显微外科和微创外科技术。曾于2013年至2014年在美国University of Pittsburgh Medical Center担任访问学者，并于2018年至2019年在美国California Hospital Medical Center担任访问学者。现任广东省医学会手外科学分会青年委员、中西医结合淋巴外科学分会青年委员及广东医疗行业协会创伤骨科管理分会第一届委员会常委。在国内外刊物发表多篇临床研究论文。,https://www.fahsysu.org.cn/sites/1h.prod.sysucloud1.sysu.edu.cn/files/styles/focal_point_480/public/%E6%98%BE%E5%BE%AE%E5%A4%96%20%E5%91%A8%E7%BF%94%20%E5%89%AF%E9%AB%98.jpg?itok=cCAQpQvU,TRUE,0,,,,手外科、周围神经损伤、复杂骨折处理,中山大学附属第一医院显微创伤手外科博士，曾在美国University of Pittsburgh Medical Center和California Hospital Medical Center担任访问学者。现任广东省医学会手外科学分会青年委员、中西医结合淋巴外科学分会青年委员及广东医疗行业协会创伤骨科管理分会第一届委员会常委，发表多篇临床研究论文。
60ff2176-1d00-4e6c-b7b7-a56ec338dc45,,陈锡辉,主任医师,中山大学附属第一医院,耳专科,"耳科疾病诊断与治疗, 耳科显微手术, 耳畸形诊治, 中耳炎诊治, 内耳疾病诊治, 面神经疾病诊治, 耳鸣耳聋诊治, 眩晕诊治, 人工耳蜗植入, 人工听觉技术, 鼓室成形术, 听觉植入技术, 面神经疾病早期诊断与治疗",该医生于1978年至1982年在中山医学院医疗系完成本科学业，1986年至1989年在中山医科大学攻读硕士研究生。自1989年起，在中山大学附属第一医院耳鼻咽喉科工作至今，期间于1998年至1999年在日本九州大学医学部附属医院耳鼻咽喉科进修，2000年至2001年在美国Baylor医学院耳鼻咽喉科进修。社会兼职方面，担任中山大学附属第一医院教学委员会委员、《中华显微外科杂志》特约编委、《中华耳科学杂志》和《Journal of Otology》编委、中国听力发展基金会专家委员会委员。学术成果包括发表多篇论著，如《异常结构耳蜗患儿的人工耳蜗植入术：附10例临床分析》、《人工耳蜗植入术：70例报告》等，并著有《颞骨解剖与耳显微外科图谱》。曾获中山医科大学医疗成果一等奖（1996年）和中山大学优秀教学成果一等奖（1997年）。,https://www.fahsysu.org.cn/sites/1h.prod.sysucloud1.sysu.edu.cn/files/styles/focal_point_480/public/012658.jpg?itok=v6XdMggX,TRUE,0,,,,耳科疾病诊治与显微手术，人工耳蜗植入,中山医学院本科、中山医科大学硕士毕业，自1989年起在中山大学附属第一医院耳鼻咽喉科工作，曾赴日本九州大学和美国Baylor医学院进修。担任多个学术期刊编委及基金会专家委员，发表多篇论著并获奖项，包括中山医科大学医疗成果一等奖和中山大学优秀教学成果一等奖。
01094b87-670e-4e65-824e-1f4954765ec1,,吴旋,主任医师,中山大学附属第一医院,耳专科,"耳科疾病诊断及处理, 耳内镜微创中内耳手术, 显微镜下人工耳蜗及侧颅底手术, 耳畸形诊治, 中耳炎及中耳胆脂瘤诊治, 面神经疾病诊治, 侧颅底疾病诊治, 耳聋耳鸣眩晕等内耳疾病诊治, 突发性耳聋（内耳出血）研究及综合治疗, 儿童分泌性中耳炎规范治疗, 新生儿耳廓畸形无创纠形",该医生1997年本科毕业于中山医科大学，2005年获博士学位，从事耳鼻咽喉科医疗、教学和科研工作20余年。近年来主持4项省部级科研基金，主要参与完成3项国家自然科学基金。担任广东省医学会耳鼻咽喉头颈外科委员会小儿学组委员、广东省临床医学会耳内镜专业委员会委员、广东省精准医学会听觉与前庭专业委员会副主任委员。已在耳科相关领域发表核心论文40余篇，其中SCI论文7篇，中华系列杂志9篇，是国内最早进行内耳出血致突聋系列研究的专家。,https://www.fahsysu.org.cn/sites/1h.prod.sysucloud1.sysu.edu.cn/files/styles/focal_point_480/public/040613.jpg?itok=IoZImLue,TRUE,0,,,,耳科疾病诊治及耳内镜微创手术,中山医科大学博士，从事耳鼻咽喉科工作20余年，主持省部级科研基金4项，参与国家自然科学基金3项，担任多个省级专业委员会委员，发表核心论文40余篇，是国内最早进行内耳出血致突聋系列研究的专家。
13eaec2b-919e-4124-bd58-a06bc96a5eee,,熊观霞,主任医师,中山大学附属第一医院,耳专科,"耳科和听觉相关疾病的诊断与治疗, 耳显微外科手术, 中耳炎听力重建, 耳鸣耳聋的系统处理, 小耳畸形听觉康复, 人工听觉植入, 人工耳蜗植入, 骨导助听器植入, 慢性中耳炎常规鼓室成型术后听力损失康复, 听神经瘤术后听力损失康复",该医生在中山医接受正规系列培养，毕业后从事耳鼻咽喉科临床一线工作，主攻耳专科方向，拥有规范和全面的耳专科技能。30年致力于听觉康复的临床和科研工作，在中耳炎外科治疗、助听器验配、人工听觉植入等领域经验丰富，是华南地区第一个开展Baha-Attract骨导助听器植入的手术医生，目前临床例数最多。担任中华医学会耳鼻咽喉头颈外科分会耳科组委员、国家听力残疾儿童人工耳蜗康复救助项目专家组成员、广东省医学会耳鼻咽喉科分会耳科组副组长、广东省医师学会耳鼻咽喉科分会常委、《中华耳科杂志》编委。近五年获得多项政府资助的防聋治聋专项临床科研基金，带领团队获得多项专利并开发相关产品应用于临床，发表系列科研论文，研究工作专注于解决临床实际问题，推动防聋治聋工作发展。,https://www.fahsysu.org.cn/sites/1h.prod.sysucloud1.sysu.edu.cn/files/styles/focal_point_480/public/2023-03/%E7%86%8A%E8%A7%82%E9%9C%9E%E5%A4%A7%E4%B8%80%E5%AF%B8.jpg?itok=PwhbaIZL,TRUE,0,,,,耳科疾病诊断治疗与听觉康复手术,在中山医接受培养，从事耳鼻咽喉科临床工作30年，主攻耳专科，擅长听觉康复临床与科研。担任多项国家级和省级医学会委员，是华南地区首个开展Baha-Attract骨导助听器植入的医生，临床例数最多。近五年获多项防聋治聋科研基金，团队获多项专利并开发临床产品，发表系列论文，推动防聋治聋工作。
b8897899-06ed-4775-b560-09934b673800,,陈垲钿,副主任医师,中山大学附属第一医院,耳专科,"耳神经外科疾病规范化诊治, 耳内镜微创与显微外科手术, 人工听觉重建手术, 侧颅底肿瘤综合治疗, 面神经功能手术, 突发性耳聋与分泌性中耳炎个体化治疗, 先天性耳聋/遗传性耳聋诊治和咨询, 中内耳微创手术, 面神经功能重建, 耳聋临床治疗, 遗传致病机理和基因治疗",该医生于2010年毕业于中山大学临床医学七年制，获医学硕士学位（耳鼻咽喉科学），2013年获中山大学附属第一医院耳鼻咽喉科博士学位。毕业后一直在中山大学附属第一医院耳鼻咽喉科工作，历任住院医师、主治医师和副主任医师。2019年8月至2020年7月在美国肯塔基大学医学中心担任访问学者。社会兼职包括中华医学会耳鼻咽喉头颈外科分会小儿学组委员、中国医师协会耳鼻咽喉头颈外科分会耳内科组委员、广东省医学会耳鼻咽喉头颈外科分会听力学组副组长、广东省健康管理学会耳鼻咽喉头颈外科分会常务委员。学术方面，以第一作者、共同第一作者或通讯作者发表专业相关论文20篇，其中SCI论文16篇，内容涉及遗传性耳聋、突发性耳聋、分泌性中耳炎、人工听觉重建等耳科临床及基础研究，并主持国家自然科学基金、广东省自然科学基金等6项科研项目。曾获2019年中山大学“叶任高-李幼姬”临床医学优秀中青年教师奖、2018学年中山一院本科教学优秀教师奖、2018-2019年度“我最喜爱的见习带教老师”称号以及2022年第二届广东实力中青年医生荣誉。,https://www.fahsysu.org.cn/sites/1h.prod.sysucloud1.sysu.edu.cn/files/styles/focal_point_480/public/2024-12/%E8%80%B3%E9%BC%BB%E5%92%BD%E5%96%89%E7%A7%91_%E9%99%88%E5%9E%B2%E9%92%BF_%E5%89%AF%E9%AB%98_%E5%8E%8B%E7%BC%A9.jpg?itok=aeAfSjWD,TRUE,0,,,,耳神经外科疾病诊治与人工听觉重建,中山大学医学博士，现任中山大学附属第一医院耳鼻咽喉科副主任医师，历任住院医师、主治医师。曾在美国肯塔基大学医学中心访问学者。担任多个医学会委员，发表SCI论文16篇，主持多项科研项目，获中山大学临床医学优秀中青年教师奖等荣誉。
a9fceff1-0d80-4a1f-bb2e-9f8163e5db3f,,江广理,副主任医师,中山大学附属第一医院,耳专科,"耳科疾病诊疗, 鼻窦内窥镜外科, 慢性中耳炎, 鼻鼻窦炎, 鼻息肉, 咽喉肿瘤, 中耳炎手术, 耳硬化症镫骨手术, 耳显微外科手术, 突发性耳聋治疗",该医生1993年毕业于中山大学临床医学系，留附属一院从事医教研工作至今。2004年临床医学硕士毕业（耳科专业），2010年临床医学博士毕业（鼻窦内窥镜外科专业）。2011年9月调任黄埔院区耳鼻咽喉科主任。担任《耳鼻咽喉医学工程专业委员会》委员。主编《颞骨解剖与耳显微外科图谱》，编写《耳鼻咽喉科疾病临床诊断与治疗方案》、《耳鼻咽喉创伤学》等专著。2011年获“第二届全国高等院校医学大学生临床技能竞赛总决赛”中山大学优秀指导老师称号，并举办国家级继续教育项目“颞骨解剖与耳显微外科学习班”，培养了较多的耳科专科医师。,https://www.fahsysu.org.cn/sites/1h.prod.sysucloud1.sysu.edu.cn/files/styles/focal_point_480/public/094020.jpg?itok=ez-AO_IK,TRUE,0,,,,耳鼻咽喉科疾病诊疗与手术,中山大学临床医学系毕业，留附属一院从事医教研工作至今，获临床医学硕士（耳科专业）和博士（鼻窦内窥镜外科专业）学位。2011年调任黄埔院区耳鼻咽喉科主任，担任《耳鼻咽喉医学工程专业委员会》委员，主编《颞骨解剖与耳显微外科图谱》等专著，曾获全国临床技能竞赛优秀指导老师称号，并举办国家级继续教育项目培养耳科专科医师。
2815dd6b-9190-4cba-b443-edbb1dd2df7a,,刘敏,副主任医师,中山大学附属第一医院,耳专科,"各类耳科疾病诊治, 婴幼儿、儿童及老年性听力损害疾病, 各型中耳炎诊治, 人工耳蜗植入术前术后问题, 耳鸣和眩晕疾病鉴别诊断和治疗",该医生于1988年本科毕业后一直从事耳鼻咽喉科专科的临床工作，1995年获得硕士学位，2006年获得博士学位后继续从事耳鼻咽喉科专科的临床、科研和教学工作，已发表相关的科研论文20余篇。社会兼职包括中华医学会耳鼻咽喉科分会听力组委员和广东省残疾人康复协会听力语言残疾康复专业委员会副主任委员。,https://www.fahsysu.org.cn/sites/1h.prod.sysucloud1.sysu.edu.cn/files/styles/focal_point_480/public/021900.jpg?itok=GZ9u4MYf,TRUE,0,,,,耳科疾病诊治、听力损害疾病、人工耳蜗植入,1988年本科毕业后一直从事耳鼻咽喉科临床工作，1995年硕士、2006年博士毕业后继续从事临床、科研和教学工作，发表科研论文20余篇，担任中华医学会耳鼻咽喉科分会听力组委员和广东省残疾人康复协会听力语言残疾康复专业委员会副主任委员。
6c3b5440-b9df-4f87-b568-ed9120b6d038,,任红苗,"副主任医师, 学术型研究生导师, 专业型研究生导师",中山大学附属第一医院,耳专科,"耳外科常见病规范诊治, 耳内科常见病规范诊治, 耳显微外科学, 经耳内镜中内耳微创手术, 经显微镜中内耳微创手术, 听力重建手术, 中耳炎诊治, 慢性化脓性中耳炎诊治, 粘连性中耳炎诊治, 中耳胆脂瘤诊治, 面神经疾病诊治, 耳聋诊治, 眩晕诊治",任红苗医生担任学术型研究生导师和专业型研究生导师，是广东省医学会耳鼻咽喉学分会耳科学组委员。以第一作者和通讯作者在国内和国际知名期刊发表中、英文文章10余篇，内容涉及耳科临床和基础研究，尤其是耳聋方面的研究。主持多项国家自然科学基金及省自然科学基金，获得国家专利3项。,https://www.fahsysu.org.cn/sites/1h.prod.sysucloud1.sysu.edu.cn/files/styles/focal_point_480/public/2022-05/%E5%9B%BE%E7%89%871.jpg?itok=ateBhiUA,TRUE,0,,,,耳科疾病诊治与耳显微外科手术,任红苗医生是副主任医师，担任学术型研究生导师和专业型研究生导师，为广东省医学会耳鼻咽喉学分会耳科学组委员。发表耳科临床和基础研究论文10余篇，主持多项国家自然科学基金及省自然科学基金，获得国家专利3项。
416b41e2-3585-4331-8fda-a84c861f79e8,,魏凡钦,副主任医师,中山大学附属第一医院,耳专科,"听觉重建手术, 内镜微创中内耳手术, 侧颅底手术, 听神经瘤, 颈静脉球瘤, 外/中耳癌, 颞骨良性肿瘤, 岩骨胆脂瘤, 中耳炎, 胆脂瘤, 耳硬化症, 单侧聋, 重度聋, 颈静脉副神经节瘤切除术, 外耳道癌规范化诊断和治疗",该医生于2008年进入中山医科大学接受正规的科研及临床培养，获得专业型硕士及博士学位，顺利完成专科医师规范化培训。曾赴瑞士苏黎世大学、香港大学等国际著名学府进行研究和临床学习，并在全球著名的Fisch耳-颅底显微外科中心进行为期1年的耳显微-耳神经外科、颅底外科临床及研究Fellowship。担任中华医学会耳鼻咽喉头颈外科分会听力学组委员、广东省医学会耳鼻咽喉头颈外科分会小儿学组副组长、中国医疗保健国际交流促进会颅底外科分会委员、广东省临床医学学会耳内镜专委会常务委员、广东省生物医学工程学会耳鼻咽喉科分会委员、广东省健康管理委员会耳鼻咽喉头颈病学专业委员会委员、广东省自然科学基金评审专家成员、广东省高层次人才评审专家成员、国际耳内科医师协会（IAPA）成员、《中华耳科学杂志》编委等学术职务。发表论著约30篇，单篇最高影响因子12.658，主持国家自然科学基金等5项科研项目，获得国家专利2项，科研方向为老年性耳聋的精准防治。,https://www.fahsysu.org.cn/sites/1h.prod.sysucloud1.sysu.edu.cn/files/styles/focal_point_480/public/2024-04/%E8%80%B3%E9%BC%BB%E5%92%BD%E5%96%89%E7%A7%91-%E9%AD%8F%E5%87%A1%E9%92%A6-%E5%89%AF%E9%AB%98%20%E5%8E%8B%E7%BC%A9.jpg?itok=QaY0mZBJ,TRUE,0,,,,耳显微外科、颅底外科手术,中山医科大学博士，曾赴瑞士苏黎世大学、香港大学及Fisch耳-颅底显微外科中心学习。担任中华医学会耳鼻咽喉头颈外科分会听力学组委员等多项学术职务，发表论文30余篇，主持国家自然科学基金等5项科研项目，研究方向为老年性耳聋精准防治。
9cdc7cde-ee3e-41f5-abf6-39184371e5e1,,王仙仁,副主任医师,中山大学附属第一医院,耳专科,"眩晕、耳聋、耳鸣的综合诊治,梅尼埃病、耳石症、神经性耳鸣、突发性耳聋的治疗与康复,助听器验配与佩戴指导,慢性中耳炎治疗,内耳病病理研究,内耳损伤机制与保护方法研究,内耳临床成像研究,老年性聋的流行病学调查及人群干预策略",该医生毕业于中山大学，获博士学位后留院工作至今，期间曾赴美国南卡罗莱罗那州医科大学访学一年半。现任广东省残疾人康复协会（听力）专业委员会常委、广东省医疗行业协会耳鼻咽喉科分会常委、广东省医院协会眩晕中心建设管理专业委员会常委等社会职务。在学术研究方面，已发表耳科相关论文30余篇，其中SCI论文30篇。,https://www.fahsysu.org.cn/sites/1h.prod.sysucloud1.sysu.edu.cn/files/styles/focal_point_480/public/2023-03/%E8%80%B3%E9%BC%BB%E5%96%89-%E7%8E%8B%E4%BB%99%E4%BB%81-%E5%89%AF%E9%AB%98%EF%BC%88%E4%BF%AE%E6%94%B9%EF%BC%89.jpg?itok=6U4BNbpc,TRUE,0,,,,眩晕、耳聋、耳鸣综合诊治及内耳病研究,中山大学博士，毕业后留院工作，曾赴美国南卡罗莱罗那州医科大学访学一年半。担任广东省残疾人康复协会（听力）专业委员会常委等多个社会职务，发表耳科相关论文30余篇，其中SCI论文30篇。
05a50135-64ec-4cae-ad34-b3397e9e74fc,,庄惠文,副主任医师,中山大学附属第一医院,耳专科,"耳鼻咽喉头颈外科常见病诊疗, 耳科系统疾病诊断与治疗, 小耳畸形显微手术, 咽鼓管疾患显微手术, 中耳炎显微手术, 耳硬化症显微手术, 面神经疾病显微手术, 听觉植入显微手术, 侧颅底肿瘤显微手术, 耳鸣诊治, 耳聋诊治, 眩晕诊治",该医生于2000年毕业于中山大学，获医学学士学位，同年进入中山大学附属第一医院耳鼻咽喉科工作，2010年6月获得中山大学耳鼻咽喉专业医学博士学位。长期从事耳鼻咽喉头颈外科医疗、教学和科研工作，曾主编《实用耳鼻咽喉头颈外科学疾病诊断与处理》等专业著作，并参与多本专业著作的编写。在学术研究方面，发表多篇论著，包括《Biological characteristics of CD133(+) cells in nasopharyngeal carcinoma》《环境因素对外耳道湿度影响的数值模拟分析》《外伤性迟发性脑脊液鼻漏的诊断及治疗》等。社会兼职方面，担任“祈紫禧听未来”贫困听障儿童基金秘书。曾获中山大学附属医院2006—2007年度优秀教师奖和2018年中山大学附属第一医院住院医师规范化培训“优秀带教老师”称号。,https://www.fahsysu.org.cn/sites/1h.prod.sysucloud1.sysu.edu.cn/files/styles/focal_point_480/public/032848.jpg?itok=_RJU2DXI,TRUE,0,,,,耳鼻咽喉头颈外科疾病诊疗与显微手术,中山大学医学学士及耳鼻咽喉专业医学博士，长期在中山大学附属第一医院耳鼻咽喉科工作，从事医疗、教学和科研。主编专业著作，发表多篇学术论文，担任“祈紫禧听未来”贫困听障儿童基金秘书，曾获优秀教师和优秀带教老师奖项。
68b5b1fb-b15f-4d53-ae21-ea7fed30137e,,陈冬,主任医师,中山大学附属第一医院,鼻专科,"过敏性鼻炎等变应性疾病, 鼻炎, 鼻窦炎, 鼻咽癌早期诊断, 慢性咽炎, 喉炎, 腺样体肥大, 慢性扁桃体炎, 鼻浴疗法治疗过敏性鼻炎, 萎缩性鼻炎",该医生1982年毕业于泰山医学院医疗系，现任中山大学附属第一医院主任医师。曾于上海第一医学院附属眼耳鼻喉科医院访问学习，历任泰山医学院附属医院住院医师、主治医师、副主任医师、教研室主任、科室主任，中山大学附属第一医院副主任医师。担任广东省变态反应学会委员，以第一作者发表各类专业论文31篇，其中SCI和中华系列杂志11篇，参编《耳鼻咽喉科创伤学》、《五官科学（医学院校教材）》等专著3部，完成国家科技支撑计划、国家重点基础研究发展规划项目(973)、国家高技术研究发展计划（863计划）及省市课题12项，获省科学技术进步奖一项。,https://www.fahsysu.org.cn/sites/1h.prod.sysucloud1.sysu.edu.cn/files/styles/focal_point_480/public/112940.jpg?itok=XRNH7V5H,TRUE,0,,,,耳鼻咽喉科疾病，尤其过敏性鼻炎等变应性疾病,1982年毕业于泰山医学院医疗系，现任中山大学附属第一医院主任医师。历任泰山医学院附属医院住院医师、主治医师、副主任医师、教研室主任、科室主任，中山大学附属第一医院副主任医师。担任广东省变态反应学会委员，发表论文31篇，参编专著3部，完成国家级及省市课题12项，获省科技进步奖一项。
98dd2613-baeb-4b9f-a19c-a3d544f4b933,,陈合新,"主任医师, 教授",中山大学附属第一医院,鼻专科,"鼻-鼻窦炎, 鼻眼相关疾病, 鼻颅底相关疾病, 鼻神经外科学, 鼻腔鼻窦肿瘤, 侧颅底区域肿瘤, 鼻眼相关手术, 鼻颅底外科手术, 修复重建",该医生于1990年至1993年在西安第四军医大学攻读硕士研究生，1993年至1996年在广州南方医院担任主治医师，1996年至1999年在广州第一军医大学攻读博士研究生，2000年至2004年在中山大学三附院进行博士后研究，2005年至今在中山大学一附院担任教授和主任医师。社会兼职方面，担任《中国耳鼻咽喉颅底外科杂志》、《中华临床医师杂志》、《中华耳科杂志》、《中国临床解剖学杂志》等7本专业杂志编委。学术成果包括发表学术论文102篇（第一作者），参与编写专著7本（副主编3本），并获得省、部级科技进步三等奖七项（其中第一作者四项）。,https://www.fahsysu.org.cn/sites/1h.prod.sysucloud1.sysu.edu.cn/files/styles/focal_point_480/public/2025-04/%E8%80%B3%E9%BC%BB%E5%92%BD%E5%96%89%E7%A7%91_%E9%99%88%E5%90%88%E6%96%B0_%E7%99%BD%E5%BA%95.jpg?itok=Stqt4KWw,TRUE,0,,,,鼻-鼻窦炎、鼻颅底相关疾病及手术,该医生拥有西安第四军医大学硕士、广州第一军医大学博士及中山大学三附院博士后经历，现任中山大学一附院教授和主任医师。担任7本专业杂志编委，发表学术论文102篇，参与编写专著7本，获省部级科技进步奖七项。
07b94bd6-a4bd-4def-b030-23e989e432c8,,赖银妍,主任医师,中山大学附属第一医院,鼻专科,"鼻部慢性炎症性疾病及鼻腔鼻窦肿瘤的综合治疗, 儿童炎症性鼻部疾病的诊治, 慢性鼻窦炎的发病机制及治疗, 鼻－鼻窦恶性肿瘤的发病机制及综合治疗, 儿童炎症性鼻部疾病的发病机制与诊疗",该医生本科毕业于中山大学临床医学专业，硕士期间在香港大学解剖系担任研究助理，跟随中国科学院苏国辉院士参与外伤性视神经不完全损伤的机制探索。博士期间获“国家建设高水平高校”公派项目资助，于美国宾夕法尼亚大学耳鼻咽喉头颈外科学习，完成慢性鼻窦炎病因机制相关课题研究。2011年至今在中山大学附属第一医院耳鼻咽喉科工作，担任继续教育秘书。社会兼职包括中国医疗保健国际交流促进会耳鼻咽喉头颈外科分会委员、广东省第14届鼻科组学秘书、广东省医师协会变态反应分会委员、广东省医师协会鼻科分会委员。在国际权威杂志发表SCI论著10余篇，曾获中国医师协会耳鼻咽喉科优秀青年医师奖和中山大学附属第一医院优秀住培管理工作者称号。,https://www.fahsysu.org.cn/sites/1h.prod.sysucloud1.sysu.edu.cn/files/styles/focal_point_480/public/115104.png?itok=B8OgDec8,TRUE,0,,,,鼻部慢性炎症性疾病及鼻腔鼻窦肿瘤综合治疗,中山大学临床医学学士，美国宾夕法尼亚大学耳鼻咽喉头颈外科博士，现任中山大学附属第一医院耳鼻咽喉科继续教育秘书。担任多个省级和国家级学术组织委员，发表SCI论文10余篇，获中国医师协会耳鼻咽喉科优秀青年医师奖。
08a8d827-6f0e-4c0f-8f60-1567d51fae48,,李健,"主任医师, 教授",中山大学附属第一医院,鼻专科,"耳鼻咽喉科常见病及疑难疾病诊治, 鼻科学, 睡眠鼾症医学, 鼻科疾病诊治, 睡眠鼾症疾病诊治, 鼻窦内窥镜手术, 鼻窦肿瘤手术治疗, 鼻颅底手术治疗, 睡眠鼾症外科治疗",该医生毕业于中山医科大学七年制，后在中山大学附属第一医院学习工作近20年，期间获得中山大学医学博士学位。2016年8月至2017年10月以访问学者身份在澳大利亚阿德莱德大学伊丽莎白医院及BHI转化医学研究所工作。先后获得国家自然科学基金面上项目（2项）、广东省自然科学基金面上项目和省科技计划项目多项、广东省科技计划项目、广东省卫生厅科学研究基金等项目资助。担任广东省医学会耳鼻咽喉头颈外科分会秘书、中华医学会耳鼻咽喉头颈外科学分会鼻科学组委员及青年委员、中国医师协会耳鼻咽喉头颈外科学分会鼻科组委员及青年委员、中国医疗保健国际交流促进会耳鼻咽喉头颈外科分会青年委员会常务委员、广东省医师协会睡眠医师分会常务委员、广东省健康管理学会耳鼻咽喉头颈病学专委会常务委员、广东省抗癌协会鼻咽癌专业委员会委员、广州市医学会耳鼻咽喉科分会委员、《中国耳鼻咽喉颅底外科杂志》编委。在JACI、Allergy、Front. Cell. Infect. Microbiol.、Peer J、IntForum Allergy Rhinol、PLoSOne、Quality of Life Research等杂志发表SCI及中华耳鼻咽喉头颈外科杂志等文章20余篇。,https://www.fahsysu.org.cn/sites/1h.prod.sysucloud1.sysu.edu.cn/files/styles/focal_point_480/public/105831.jpg?itok=eT6n_sSy,TRUE,0,,,,鼻科学、睡眠鼾症疾病诊治及手术,中山医科大学七年制毕业，中山大学医学博士，在中山大学附属第一医院学习工作近20年，曾赴澳大利亚阿德莱德大学访问学者。获得多项国家级和省级科研项目资助，担任多个医学会委员及期刊编委，发表SCI等学术论文20余篇。
d767faea-0fe3-4ed7-85df-aa90889cf386,,史剑波,"主任医师, 教授",中山大学附属第一医院,鼻专科,"鼻内镜外科手术, 鼻窦开放术治疗慢性鼻窦炎和鼻息肉, Lothrop手术, 鼻腔内翻性乳头状瘤切除术, 鼻咽纤维血管瘤切除术, 局限性鼻腔鼻窦恶性肿瘤切除术, 经鼻内镜脑脊液鼻漏修补术, 颅底肿瘤切除术, 垂体瘤切除术, 经鼻内镜视神经减压术, 眶减压术, 泪囊鼻腔造孔术, 眶内异物取出术, 经鼻内镜额窦手术, 鼻内镜微创外科学, 鼻科学基础研究",该医生于1998年在暨南大学获得医学博士学位，2003年在中山大学完成博士后研究，在三甲医院耳鼻咽喉科工作超过24年。担任中华耳鼻咽喉—头颈外科学会鼻外科学组副组长、中华耳鼻咽喉—头颈外科杂志鼻科编审组副组长、中国医师协会耳鼻咽喉-头颈外科协会常委、广东省耳鼻咽喉－头颈外科学会副主任委员，并任中华耳鼻咽喉－头颈外科杂志等六家耳鼻咽喉科和呼吸科杂志的编委。发表多篇学术论文，如《Endoscopic sandwich technique for moderate nasal septal perforations》等，参与副主译《内镜鼻窦外科学-解剖学基础、CT三维重建、和手术技术》等专著，并副主编《临床耳鼻咽喉疾病临床诊疗进展》。获得国家教育部科技成果一等奖、二等奖各一项（第三主要完成人），广东省科技成果一等奖一项（第三主要完成人）。,https://www.fahsysu.org.cn/sites/1h.prod.sysucloud1.sysu.edu.cn/files/styles/focal_point_480/public/2023-06/%E5%8F%B2%E5%89%91%E6%B3%A2-%E7%99%BD%E5%A4%A7%E8%A4%82.jpg?itok=KxeyBRgE,TRUE,0,,,,鼻内镜外科手术与鼻科学基础研究,暨南大学医学博士，中山大学博士后，在三甲医院耳鼻咽喉科工作超过24年。担任中华耳鼻咽喉—头颈外科学会鼻外科学组副组长等多项学术职务，发表多篇论文并参与专著编译，获国家教育部科技成果一等奖、二等奖及广东省科技成果一等奖。
c5c11899-b532-484c-a406-a6941810405b,,文译辉,主任医师,中山大学附属第一医院,鼻专科,"鼻部炎症性疾病,鼻颅底肿瘤,鼻内镜微创手术治疗,鼻窦炎,鼻息肉,鼻腔鼻窦良恶性肿瘤,脑脊液鼻漏修复,儿童鼾症,腺样体肥大,扁桃体肥大,成人鼾症,鼻咽癌早期诊断,局部复发性鼻咽癌手术治疗",该医生2009年毕业于中山大学中山医学院临床七年制取得硕士学位并留院工作，2016年获得医学博士学位。曾获得中国癌症基金会资助到美国纪念斯隆凯特琳癌症中心头颈外科、MD安德森癌症中心头颈外科和加拿大多伦多总医院耳鼻咽喉科临床进修，并在美国匹兹堡大学耳鼻咽喉研究所从事近2年科学研究工作。以第一/通讯作者发表论文30篇，主持国家自然科学基金1项、广东省自然科学基金4项、中山大学青年教师培育项目1项。担任中国抗癌协会康复会头颈分会青年委员会副主任委员、广东省抗癌协会头颈肿瘤分会青委会副主任委员、广东省呼吸与健康学会过敏专业委员会副主任委员、广东省医学会变态反应学分会第五届委员会常务委员、广东省医学会变态反应学分会鼻眼过敏学组组长、广东省抗癌协会鼻咽癌青年委员会常务委员、广东省健康管理学会耳鼻咽喉头颈病学专委会常务委员、广东省精准医学应用学会头痛分会第一届委员会常务委员、中华医学会耳鼻咽喉头颈外科分会青年学组委员、中华耳鼻咽喉头颈外科杂志第12届通讯编委、中国医疗保健国际交流促进会颅底外科分会委员、广东省健康管理学会耳鼻咽喉头颈病学专委会委员、广东省医学会粤港澳大湾区耳鼻咽喉联盟秘书、广东省康复医学会耳鼻咽喉头颈外科分会头颈肿瘤专委会委员。曾获2024年广东省特支计划青年拔尖人才、2022年度广东省实力中青年医师、中国抗癌协会科技奖一等奖、广东省科技进步奖一等奖、2016年中华医学会耳鼻咽喉头颈分会中青年会议优秀博士论文等荣誉，并作为研究骨干参与2018、2020年两项国家重点研发项目。已获国际发明专利1项、发明专利4项、实用新型专利4项，被评为中山大学附属第一医院优秀教师、住院医师规范化培训优秀指导医师。,https://www.fahsysu.org.cn/sites/1h.prod.sysucloud1.sysu.edu.cn/files/styles/focal_point_480/public/095247.jpg?itok=VxsZa1qd,TRUE,0,,,,鼻内镜微创手术治疗鼻颅底肿瘤及鼻部疾病,中山大学医学博士，现任中山大学附属第一医院主任医师。从事耳鼻咽喉头颈外科临床与科研工作，曾赴美国纪念斯隆凯特琳癌症中心、MD安德森癌症中心及加拿大多伦多总医院进修。以第一/通讯作者发表论文30篇，主持国家自然科学基金等多项科研项目，担任多个国家级和省级学术团体副主任委员、常务委员等职务。获广东省特支计划青年拔尖人才、广东省实力中青年医师、中国抗癌协会科技奖一等奖等荣誉，拥有多项发明专利。
252427b2-509d-4b27-b083-7e4131a32cf4,,徐睿,主任医师,中山大学附属第一医院,鼻专科,"鼻科疾病诊断和治疗, 变应性疾病诊断和治疗, 经鼻内镜慢性鼻窦炎手术治疗, 经鼻内镜鼻息肉手术治疗, 慢性鼻窦炎合并哮喘手术治疗, 真菌性鼻窦炎手术治疗, 鼻腔鼻窦良恶性肿瘤手术治疗, 经鼻内镜慢性泪囊炎手术治疗, 经鼻内镜鼻泪管堵塞手术治疗, 眶减压术, 视神经减压手术治疗, 经鼻内镜脑脊液鼻漏手术治疗, 变态反应性疾病治疗, 免疫治疗, 鼻内镜微创外科, 经鼻内镜鼻窦外科, 鼻眼相关外科, 鼻颅底外科",该医生于1992年毕业于中山医科大学医疗系，此后一直在中山医科大学附属医院从事耳鼻咽喉科的临床工作，2006年获得博士学位。曾于2002年前往香港中文大学威尔斯亲王医院耳鼻咽喉科临床进修1年，2004年前往美国匹兹堡大学癌症研究中心从事头颈肿瘤治疗研究1年多。工作经历包括：1992年7月至1997年12月在中山医科大学附属第三医院耳鼻咽喉科任住院医生，1997年12月至2003年12月在中山大学附属第三医院耳鼻咽喉科任主治医师，2003年12月至2006年12月在中山大学附属第一医院耳鼻咽喉科任主治医师，2006年12月起在中山大学附属第一医院耳鼻咽喉科任副主任医师。社会兼职方面，现任全国变态反应学会青年委员、广东省变态反应学会常委。学术成就上，已主持和参与省部级基金和多项国家自然科学基金资助的课题研究，在国内外有影响的杂志上发表第一作者论文10多篇。,https://www.fahsysu.org.cn/sites/1h.prod.sysucloud1.sysu.edu.cn/files/styles/focal_point_480/public/022413.jpg?itok=2cnvftOb,TRUE,0,,,,鼻科疾病、变应性疾病及鼻内镜微创外科,1992年毕业于中山医科大学医疗系，2006年获博士学位，现任中山大学附属第一医院耳鼻咽喉科副主任医师。曾赴香港中文大学威尔斯亲王医院和美国匹兹堡大学癌症研究中心进修研究。担任全国变态反应学会青年委员、广东省变态反应学会常委，主持参与多项国家级和省部级基金课题，发表第一作者论文10余篇。
58508fe4-87da-42cf-9c94-66c9604818dc,,许庚,教授,中山大学附属第一医院,鼻专科,"鼻炎, 鼻窦炎, 鼻息肉, 鼻肿瘤, 蝶窦鞍区肿瘤, 脑脊液鼻漏, 外伤性失明",该医生是我国鼻科学领域内的学科带头人，在鼻科学临床研究中积累了丰富的经验。社会兼职包括担任中华耳鼻咽喉科学会全国鼻内窥镜外科学组组长、《中华耳鼻咽喉科杂志》等8本医学专业杂志编委、国家自然科学基金委项目评审专家。曾获国家杰出青年基金、国家卫生部突出贡献中青年专家称号，并获得国家教育部科技进步一等奖和广东省科学技术一等奖。在国内外发表学术论文80多篇，出版专著2部。,https://www.fahsysu.org.cn/sites/1h.prod.sysucloud1.sysu.edu.cn/files/styles/focal_point_480/public/%E8%AE%B8%E5%BA%9A.jpg?itok=TVsUoTZ5,TRUE,0,,,,鼻科学疾病诊断与治疗,我国鼻科学领域学科带头人，担任中华耳鼻咽喉科学会全国鼻内窥镜外科学组组长，曾获国家杰出青年基金、国家卫生部突出贡献中青年专家称号，获得国家教育部科技进步一等奖和广东省科学技术一等奖，发表学术论文80多篇，出版专著2部。
d112f105-de4a-46f2-ac79-44d326ace010,,左可军,主任医师,中山大学附属第一医院,鼻专科,"鼻内镜外科微创技术, 鼻科常见炎症疾病（过敏性鼻炎、急慢性鼻窦炎、鼻息肉）的药物与手术治疗, 鼻部外伤与肿瘤的手术治疗, 鼻眼相关疾病（鼻窦炎合并眼眶感染、视神经外伤、泪囊炎）的手术治疗, 鼻咽癌早期诊断, 颅底相关疾病（脑脊液鼻漏、鼻咽纤维血管瘤、嗅母细胞瘤、垂体肿瘤）的手术治疗, 鼻咽相关疾病（儿童鼾症、鼻咽闭锁）的内镜手术治疗",该医生1996年毕业于武汉大学医学院眼耳鼻喉专业，2006年获中山大学博士学位，从事耳鼻喉科临床工作18年。师从中国鼻内镜外科创始人许庚和史剑波教授，曾赴澳大利亚Adelaide大学学习鼻内镜技术。工作经历包括：1996年至2000年在武钢集团公司总医院耳鼻咽喉科任住院医师，2007年至2014年在中山大学附属第一医院耳鼻咽喉科任主治医师、副主任医师，2014年至2015年被外派至海南省人民医院耳鼻咽喉科医院任鼻科首席专家。近年主持或参与科研基金10余项，发表中英文学术论著35篇，参编中英文专著8部，荣获国家专利1项。多次在全国鼻科手术比赛中荣获冠军，并获得多项学术会议优秀论文奖。,https://www.fahsysu.org.cn/sites/1h.prod.sysucloud1.sysu.edu.cn/files/styles/focal_point_480/public/110630.jpg?itok=HpX50be4,TRUE,0,,,,鼻内镜外科微创技术及鼻科疾病手术治疗,武汉大学医学院本科、中山大学博士毕业，从事耳鼻喉科临床工作18年。师从中国鼻内镜外科创始人许庚和史剑波教授，曾赴澳大利亚Adelaide大学学习。历任武钢集团公司总医院住院医师、中山大学附属第一医院主治医师和副主任医师、海南省人民医院鼻科首席专家。主持或参与科研基金10余项，发表论著35篇，参编专著8部，获国家专利1项，多次在全国鼻科手术比赛中荣获冠军。
fd1ad11d-ade1-4f6a-ae18-d42d21bd43eb,,陈德华,副主任医师,中山大学附属第一医院,鼻专科,"变应性鼻炎合并哮喘、鼻息肉、特应性皮炎等过敏性疾病的诊疗, 生物制剂（单抗）治疗, 个体化脱敏治疗方案设计与综合管理, 儿童腺样体肥大、扁桃体肥大、儿童分泌性中耳炎等儿童炎症性疾病的精准药物或微创干预, 突发性耳聋的规范综合治疗",该医生从事耳鼻喉科医教研工作多年，专注于儿童及成人常见与多发病。学术任职包括广东省医学会变态反应分会青年委员副主委、广东省健康管理委员会变态反应分会副秘书长、广东省精准医学应用学会过敏疾病分会委员、广东省呼吸与健康学会过敏专委会委员。主要工作成绩包括参与中国变应性鼻炎特异性免疫治疗指南和咳嗽的诊断与治疗指南制定，获评广东省第二届风湿免疫/变态反应科实力中青年医生，以第一发明人完成鼻科学相关的国家发明专利一项及实用新型发明专利两项，参与多项临床与基础研究，并在国内外杂志发表多篇学术论著。,https://www.fahsysu.org.cn/sites/1h.prod.sysucloud1.sysu.edu.cn/files/styles/focal_point_480/public/2024-05/%E8%80%B3%E9%BC%BB%E5%96%89-%E9%99%88%E5%BE%B7%E5%8D%8E-%E5%89%AF%E9%AB%98.jpg?itok=awrA6QNp,TRUE,0,,,,过敏性鼻炎、儿童耳鼻喉疾病、突发性耳聋诊疗,从事耳鼻喉科医教研工作多年，专注于儿童及成人常见与多发病。担任广东省医学会变态反应分会青年委员副主委等多个学术职务，参与多项国家级指南制定，获评广东省实力中青年医生，拥有多项发明专利，发表多篇学术论著。
76c0667c-7b9b-49c0-9605-d8191e81bbf3,,郭洁波,副主任医师,中山大学附属第一医院,鼻专科,"鼻内窥镜手术, 耳鼻咽喉炎症性疾病诊断治疗, 鼻窦炎微创治疗, 鼻息肉微创治疗, 变应性鼻炎诊治, 急慢性咽喉炎诊治, 扁桃体炎诊治, 声带息肉诊治, 儿童扁桃体肥大诊治, 儿童腺样体肥大诊治, 儿童分泌性中耳炎诊治, 成人鼾症诊治, 鼻腔鼻窦肿瘤诊断, 颅底肿瘤诊断, 鼻内镜微创手术, 腮腺肿瘤诊断手术, 颌下腺肿瘤诊断手术, 鼻咽癌早期诊断, 颈部肿块诊断治疗, 鼻腔鼻窦颅底恶性肿瘤诊断治疗",该医生于1988年毕业于中山医科大学临床医学专业，随后分配至本院耳鼻咽喉科从事临床工作，至今已24年。2003年12月起担任副主任医师。前期曾在中山大学肿瘤医院学习进修，并多次参加国际及国内学术交流活动。,https://www.fahsysu.org.cn/sites/1h.prod.sysucloud1.sysu.edu.cn/files/styles/focal_point_480/public/022531.jpg?itok=t6OXqnZd,TRUE,0,,,,耳鼻咽喉炎症及肿瘤疾病诊断治疗,1988年毕业于中山医科大学临床医学专业，从事耳鼻咽喉科临床工作24年，2003年12月起任副主任医师，曾在中山大学肿瘤医院进修，多次参加国内外学术交流。
534fbff1-a8a4-43b6-9601-b157af3e27a8,,高文翔,副主任医师,中山大学附属第一医院,鼻专科,"鼻窦炎,过敏性鼻炎,小儿鼾症,鼻颅底肿瘤,鼻内镜手术,慢性鼻窦炎,鼻息肉,鼻腔鼻窦良恶性肿瘤,腺样体肥大,扁桃体肥大,内镜微创手术,颈深部脓肿",该医生2011年毕业于中山大学中山医学院临床五年制，2016年取得中山大学附属第一医院耳鼻咽喉科临床医学博士学位并留院工作。2015年在美国匹兹堡大学颅底外科中心访问学习，工作后多次获得科内年度优秀称号。以第一/通讯作者发表论文多篇，主持国家自然科学基金1项、广东省自然科学基金1项、广州市科技计划1项及广东省医学科研基金1项，主要参与编写全国《颈深部脓肿诊断与治疗专家共识（2022）》。现任广东省健康管理学会耳鼻咽喉头颈外科分会秘书长、广东省抗癌协会头颈肿瘤及整形修复外科分会常委。,https://www.fahsysu.org.cn/sites/1h.prod.sysucloud1.sysu.edu.cn/files/styles/focal_point_480/public/2023-06/%E8%80%B3%E9%BC%BB%E5%92%BD%E5%96%89%E7%A7%91%20%E9%AB%98%E6%96%87%E7%BF%94%20%E5%89%AF%E9%AB%98%20%E7%99%BD%E5%BA%95%E4%BF%AE%E6%94%B9%E7%A8%BF.jpg?itok=x-ZXOqgk,TRUE,0,,,,鼻内镜手术及鼻颅底疾病诊疗,中山大学医学博士，现任中山大学附属第一医院耳鼻咽喉科副主任医师。曾在美国匹兹堡大学颅底外科中心访问学习，主持多项国家级及省级科研项目，参与编写全国专家共识，担任广东省多个专业学会重要职务。
2168124d-268a-49fa-823f-b2f84c518806,,李光启,副主任医师,中山大学附属第一医院,鼻专科,"鼻-鼻窦疾病诊治, 耳科疾病诊治, 中耳内镜微创手术, 鼻-鼻窦内镜微创手术, 头颈肿瘤手术, 慢性中耳炎治疗, 中耳胆脂瘤治疗, 鼓室硬化治疗, 耳硬化症治疗, 耳内镜下鼓室成型, 听骨链重建手术, 上鼓室开放及重建, 鼓窦开放及重建, 乳突开放及重建, 鼻内窥镜下鼻息肉切除, 鼻窦开放, 鼻中隔偏曲纠正, 下鼻甲成形, 鼻腔泪囊开放, 视神经减压, 鼻腔肿瘤切除",该医生为耳鼻咽喉科副主任医师，现任中山大学附属第一医院东院耳鼻咽喉科主任，从事耳鼻咽喉科临床工作近30年，每年完成耳鼻喉科各种临床手术400例以上。社会兼职包括广东省临床医学会耳内镜专业委员会常务委员、广东省康复医学会听力及言语康复分会常务理事、广东省康复医学会前庭与平衡康复分会常务理事、广东省健康管理学会口腔颌面头颈医学专业委员会常务委员。,https://www.fahsysu.org.cn/sites/1h.prod.sysucloud1.sysu.edu.cn/files/styles/focal_point_480/public/2023-02/%E8%80%B3%E9%BC%BB%E5%92%BD%E5%96%89%E7%A7%91%20%E6%9D%8E%E5%85%89%E5%90%AF.jpg?itok=4rS5iZ5o,TRUE,0,,,,耳鼻咽喉科疾病诊治与内镜微创手术,耳鼻咽喉科副主任医师，现任中山大学附属第一医院东院耳鼻咽喉科主任，从事临床工作近30年，每年完成手术400例以上，担任多个省级医学会常务委员或常务理事。
490ecf13-2430-46a4-8a71-ba0306c9aaa4,,钟华,"副主任医师, 硕士研究生导师",中山大学附属第一医院,鼻专科,"嗅觉功能障碍相关性疾病诊治, 慢性鼻窦炎药物/手术/靶向治疗, 难治性鼻窦炎精准诊治, 真菌性鼻窦炎诊治, 慢性鼻炎诊治, 变应性鼻炎药物/脱敏/手术治疗, 血管运动性鼻炎精准诊治, 鼻部良恶性肿瘤综合治疗, 鼻眼/鼻颅底相关疾病综合治疗",该医生于2007年至2012年在中山大学中山医学院获得临床医学学士学位，2012年至2017年在中山大学附属第一医院获得耳鼻咽喉科学博士学位，期间作为比利时根特大学医院上气道实验室联合培养博士，曾访学一年。2017年至2021年在中山大学附属第一医院耳鼻咽喉科担任住院医师，2021年至2023年担任主治医师，2023年至今担任副主任医师。社会兼职方面，担任中国医师协会耳鼻咽喉头颈外科医师分会青年学组委员、广东省医学会耳鼻咽喉头颈外科学分会鼻科学组秘书、广东省健康管理学会耳鼻咽喉头颈外科学专业委员会委员、广东省精准医学应用学会过敏疾病分会委员。科研方面，主持国家省部级基金5项，包括国家自然科学基金1项，发表SCI论著10篇，其中第一作者和通讯作者论著6篇，发表中文期刊论文8篇，获得专利授权5项，是中山大学附属第一医院优秀菁英人才。,https://www.fahsysu.org.cn/sites/1h.prod.sysucloud1.sysu.edu.cn/files/styles/focal_point_480/public/2024-05/%E8%80%B3%E9%BC%BB%E5%96%89%2B%E9%92%9F%E5%8D%8E%2B%E5%89%AF%E9%AB%98.JPG?itok=mZkCr-5S,TRUE,0,,,,嗅觉功能障碍及鼻部疾病诊治,中山大学临床医学学士、耳鼻咽喉科学博士，比利时根特大学医院联合培养博士，现任中山大学附属第一医院耳鼻咽喉科副主任医师、硕士研究生导师。担任多个国家级和省级学术组织委员，主持国家自然科学基金等5项科研项目，发表SCI论文10篇，获专利5项，是医院优秀菁英人才。
61d66102-d5b3-4cd6-aa80-ec3f56d6e01a,,柴丽萍,主任医师,中山大学附属第一医院,咽喉专科,"头颈部肿瘤手术治疗, 阻塞性睡眠呼吸暂停低通气综合征诊断治疗, 鼻窦炎鼻息肉微创手术, 鼻腔肿瘤微创手术, 喉功能性微创手术",该医生具有丰富的耳鼻咽喉科常见病及疑难病诊断治疗的临床经验，在喉的功能性及微创手术方面有独到之处。曾获广东省高等教育厅、广东省卫生厅医疗进步奖，其研究成果发表在《癌症》、《中山大学学报（医学版）》、《中国肿瘤》、《新医学》等杂志，共发表学术文章23篇，其中以第一作者发表13篇。,https://www.fahsysu.org.cn/sites/1h.prod.sysucloud1.sysu.edu.cn/files/styles/focal_point_480/public/020341.jpg?itok=0OBZexV8,TRUE,0,,,,耳鼻咽喉科头颈部肿瘤及微创手术,具有丰富的耳鼻咽喉科临床经验，在喉功能性微创手术方面有独到之处，曾获省级医疗进步奖，发表学术文章23篇，其中第一作者13篇。
f9054bdf-85ba-4376-8ba8-040451f44d23,,雷文斌,"主任医师, 教授",中山大学附属第一医院,咽喉专科,"咽喉头颈恶性肿瘤手术切除, 功能重建, 转移皮瓣修复术, 咽喉头颈恶性肿瘤免疫治疗, 显微CO2激光微创技术, 早期咽喉恶性肿瘤, 复发性喉癌, 复发性呼吸道乳头状瘤, 嗓音微创手术, 成人及儿童睡眠呼吸障碍诊断与治疗",该医生于1991年至1996年在中山医科大学攻读临床医学本科，1999年至2004年在中山大学附属第一医院耳鼻咽喉科完成硕博连读。自1996年起在中山大学附属第一医院耳鼻咽喉科工作，历任住院医师、主治医师、副主任医师，2013年起任主任医师，2015年起任咽喉科主任，2022年起任科主任及教研室主任。曾赴德国科隆大学、香港大学医学中心玛丽医院、美国纽约Memorial Sloan-Kettering癌症中心、美国休斯顿MD Anderson癌症中心进行客座研究或访问。2014年至2015年任海南省耳鼻咽喉头颈外科学医院常务副院长。社会兼职包括中华医学会耳鼻咽喉头颈外科分会咽喉组副组长、广东省医学会耳鼻咽喉科分会候任主任委员、广东省健康管理协会耳鼻咽喉头颈外科分会主任委员等，并担任香港中文大学特聘兼职教授和澳门镜湖医院特聘顾问医生。科研方面，主持国家重点研发计划项目子课题1项、国家自然科学基金3项、省市级重点项目5项等20余项，在研经费900余万元，主编《咽喉微创手术策略与技巧》等专著6本，主编《耳鼻咽喉头颈外科学》获“十四五”高等教育规划教材立项，申请国际发明3项、国家专利6项，以第一或通讯作者发表SCI论著近50篇，获中山大学研究生教育教学成果一等奖和广东省柯麟教育基金会临床教学杰出贡献奖。,https://www.fahsysu.org.cn/sites/1h.prod.sysucloud1.sysu.edu.cn/files/styles/focal_point_480/public/2022-10/%E8%80%B3%E9%BC%BB%E5%92%BD%E5%96%89%E7%A7%91%20%E9%9B%B7%E6%96%87%E6%96%8C%20%E6%AD%A3%E9%AB%98.jpg?itok=xlQ08cVs,TRUE,0,,,,咽喉头颈恶性肿瘤手术与微创治疗,中山医科大学临床医学本科，中山大学耳鼻咽喉科硕博连读，现任中山大学附属第一医院耳鼻咽喉科主任医师、科主任及教研室主任，兼任咽喉科主任。曾赴德国、美国、香港等地进修，担任多项国家级和省级学会职务，主持国家级科研项目多项，主编专著6本，发表SCI论文近50篇，获多项教学和临床奖项。
ef3b255b-9196-4634-b09f-e6a49b113481,,文卫平,"主任医师, 教授",中山大学附属第一医院,咽喉专科,"鼻内镜外科技术, 头颈肿瘤诊治, 鼾症外科治疗, 鼻腔鼻窦病变手术, 鼻眼相关疾病手术, 鼻颅底相关性疾病手术, 鼻腔鼻窦肿瘤诊治, 颅底肿瘤诊治, 复发性鼻咽癌挽救手术, 鼻内翻性乳头状病诊治, 鼻咽血管纤维瘤诊治, 鼻窦颅底良性恶性肿瘤诊治, 喉癌诊治, 下咽癌诊治, 颈部咽旁肿瘤诊治, 咽喉疾病诊治",该医生在鼻内镜外科技术、头颈肿瘤及鼾症外科领域具有突出表现，尤其在鼻腔鼻窦各类病变、鼻眼相关疾病、鼻颅底相关性疾病的手术方面经验丰富。,https://www.fahsysu.org.cn/sites/1h.prod.sysucloud1.sysu.edu.cn/files/styles/focal_point_480/public/%E6%96%87%E5%8D%AB%E5%B9%B3.jpg?itok=POdX6s97,TRUE,0,,,,鼻内镜外科技术、头颈肿瘤及鼾症外科,该医生在鼻内镜外科技术、头颈肿瘤及鼾症外科领域具有突出表现，尤其在鼻腔鼻窦各类病变、鼻眼相关疾病、鼻颅底相关性疾病的手术方面经验丰富。
9d102e0d-5681-476c-961d-3ce038948bfd,,孙伟,主任医师,中山大学附属第一医院,咽喉专科,"喉癌、下咽癌等头颈部肿瘤根治手术, 甲状腺及其它颈部良、恶性肿物的内镜微创美容手术, 喉显微外科技术对喉癌、声带息肉、喉白斑等喉咽部良、恶性肿瘤进行微创手术, 儿童腺样体肥大、扁桃体肥大及成人打鼾的手术治疗, 鼻、咽、喉及颈部其它常见疾病的诊治",该医生为医学博士，从事临床工作20余年，先后在美国Minnesota大学及中国建院最早的西医院完成临床规范化培训，具备扎实的临床功底及丰富的疾病诊治经验。目前担任中山大学附属第一医院（南沙院区）耳鼻咽喉科执行主任、中山大学附属第一医院咽喉专科副主任，并兼任广东省基层医药学会头颈肿瘤专业委员会副主任委员、广东省健康管理学会耳鼻咽喉头颈病学专业委员会常务委员、广东省抗癌协会头颈肿瘤专业委员会委员等社会职务。迄今以第一及通讯作者发表SCI论著30余篇，总被引1000余次，获国家自然科学基金面上项目及青年项目资助，牵头完成的临床成果写入全球最具权威性的肿瘤诊疗指南（NCCN指南2022.v2）及英文专著，研究成果在国际头颈外科领域权威期刊发表，受到国际同行高度认可。,https://www.fahsysu.org.cn/sites/1h.prod.sysucloud1.sysu.edu.cn/files/styles/focal_point_480/public/2024-05/%E8%80%B3%E9%BC%BB%E5%92%BD%E5%96%89%E7%A7%91%E5%AD%99%E4%BC%9F%E6%AD%A3%E9%AB%98.jpg?itok=cPNi3FKB,TRUE,0,,,,头颈部肿瘤及咽喉疾病微创手术治疗,医学博士，从事临床工作20余年，现任中山大学附属第一医院（南沙院区）耳鼻咽喉科执行主任、咽喉专科副主任。发表SCI论著30余篇，总被引1000余次，获国家自然科学基金项目资助，临床成果写入NCCN指南，研究成果在国际权威期刊发表。
8ef5ff15-ce07-473f-9859-583547003e29,,祝小林,主任医师,中山大学附属第一医院,咽喉专科,"喉、下咽、头颈肿瘤与咽喉疾病, 头颈肿瘤外科治疗, 喉内镜及喉显微外科技术, 喉癌、声带息肉、喉白斑、喉乳头状瘤治疗, 耳、鼻、咽、喉及颈部常见疾病诊治, 鼾症诊治, 鼻内镜手术治疗鼻-鼻窦疾病",该医生1990年本科毕业于江西医学院医学专业，1990年至2005年在江西医学院第二附属医院耳鼻咽喉科工作，期间于1993年至1996年在江西医学院攻读并获得耳鼻咽喉科专业硕士学位。2005年至今在中山大学附属第一医院耳鼻咽喉科医院从事耳鼻咽喉科工作，期间于2005年至2008年进入中山大学攻读并获得耳鼻咽喉科学专业临床型博士学位。在科研方面，主持喉癌相关科研基金3项，发表论文20余篇，其中SCI论文16篇，以第一作者发表与喉癌相关的论文7篇，并参与编写《耳鼻咽喉科疾病临床诊断与治疗方案》专著。此外，多次在全国及广东省学术会议上作喉癌手术治疗学术报告，作为首批首席专家外派至海南省耳鼻咽喉头颈外科医院工作半年，并多次应邀指导省内外医院诊治喉癌。,https://www.fahsysu.org.cn/sites/1h.prod.sysucloud1.sysu.edu.cn/files/styles/focal_point_480/public/115330.jpg?itok=zA_2peHR,TRUE,0,,,,头颈肿瘤外科治疗与喉显微外科技术,1990年本科毕业于江西医学院，获耳鼻咽喉科硕士及临床型博士学位。先后在江西医学院第二附属医院和中山大学附属第一医院耳鼻咽喉科医院工作，现为主任医师。主持喉癌科研基金3项，发表SCI论文16篇，参与编写专著，多次在学术会议上作报告并指导省内外医院诊治喉癌。
8c37605c-9aa6-44a4-a67b-a965a2f6e2d1,,陈林,"副主任医师, 硕士研究生导师",中山大学附属第一医院,咽喉专科,"声带息肉诊治, 声带小结诊治, 咽喉肿瘤诊断与综合治疗, 头颈部肿瘤诊断与综合治疗, 喉癌手术与规范化管理, 下咽癌手术与规范化管理, 颈部肿物综合治疗, 声带息肉微创手术与功能保护治疗, 声带小结微创手术与功能保护治疗",该医生现任广东省健康管理学会耳鼻咽喉头颈病学专业委员会委员、广东省基层医药学会头颈肿瘤专业委员会委员。长期从事咽喉头颈肿瘤的临床诊治与研究工作，积极参与多项咽喉肿瘤相关的临床研究。以第一作者或共同第一作者发表SCI论文10余篇，主持及参与国家级、省部级项目多项，副主编专著1部，拥有专利1项。致力于推动咽喉头颈肿瘤诊疗的规范化和个体化，关注前沿免疫治疗技术在头颈肿瘤中的应用转化，重视患者功能康复与生活质量提升。,https://www.fahsysu.org.cn/sites/1h.prod.sysucloud1.sysu.edu.cn/files/styles/focal_point_480/public/2025-05/%E8%80%B3%E9%BC%BB%E5%96%89%E7%A7%91_%E9%99%88%E6%9E%97_%E5%89%AF%E9%AB%98_%E7%99%BD%E5%BA%95.jpg?itok=hrB4i8CW,TRUE,0,,,,咽喉头颈肿瘤诊治与声带疾病微创手术,副主任医师，硕士研究生导师，现任广东省健康管理学会耳鼻咽喉头颈病学专业委员会委员、广东省基层医药学会头颈肿瘤专业委员会委员。长期从事咽喉头颈肿瘤临床诊治与研究，发表SCI论文10余篇，主持参与国家级、省部级项目多项，副主编专著1部，拥有专利1项。
c7be9021-4c1a-44de-91b7-6796d59f571b,,邓洁,副主任医师,中山大学附属第一医院,咽喉专科,"咽喉疾病诊断治疗, 耳鼻咽喉头颈部肿瘤诊治, 嗓音疾病诊治, 鼾症诊治, 耳鼻咽喉科常见病多发病处理, 耳鼻咽喉科急危重症处理, 耳鼻咽喉科疑难病例处理, 嗓音疾病微创诊疗手术, 嗓音纠治, 喉癌激光微创手术, 喉癌保喉功能手术, 全喉切除手术, 颈部转移癌颈淋巴结清扫术, 颈部肿物切除术, 颈部复杂瘘管切除术, 鼾症手术治疗, 鼻内镜治疗鼻窦炎鼻息肉, 鼻内镜下鼻腔鼻窦肿物切除术",该医生毕业于中山大学临床医学八年制博士，毕业后于中山大学附属第一医院耳鼻咽喉头颈外科工作，从事耳鼻咽喉科医疗、教学、科研工作10余年。2019-2020年获得国家留学基金赴美国宾夕法尼亚大学从事上皮炎症方向的基础研究，主攻鼻腔炎症性疾病的基础及临床研究。,https://www.fahsysu.org.cn/sites/1h.prod.sysucloud1.sysu.edu.cn/files/styles/focal_point_480/public/2022-05/%E8%80%B3%E9%BC%BB%E5%96%89%E7%A7%91%20%E9%82%93%E6%B4%81%20%E5%89%AF%E9%AB%98.jpg?itok=5cEV0WP5,TRUE,0,,,,耳鼻咽喉头颈外科疾病诊治与手术,中山大学临床医学八年制博士，毕业后于中山大学附属第一医院耳鼻咽喉头颈外科工作，从事耳鼻咽喉科医疗、教学、科研工作10余年，曾赴美国宾夕法尼亚大学从事鼻腔炎症性疾病的基础及临床研究。
a200a11b-1c2c-4d93-8c18-f70a1081f0b9,,马仁强,副主任医师,中山大学附属第一医院,咽喉专科,"耳鼻咽喉头颈外科常见病及多发病的规范诊治, 成人及小儿鼾症的全面评估及规范诊治, 多平面手术, 咽喉内镜的微创治疗, 咽喉头颈部常见良恶性疾病的诊治",该医生2010年硕士毕业于西安交通大学临床医学7年制，2013年取得中山大学医学博士学位，毕业后进入中山大学附属第一医院工作至今。2017-2018年国家公派赴美国西北大学进行免疫学相关研究。担任中国抗癌协会康复会头颈分会专家委员会青年常委、广东省医学会耳鼻咽喉科分会秘书、广东省抗癌协会头颈肿瘤专业委员会秘书、广东省预防医学会睡眠专业委员会常委、广东省预防医学会耳鼻咽喉专业委员会常委、广东省医学会睡眠医学分会睡眠外科学组组员。曾获中山大学青年授课大赛医学组二等奖。,https://www.fahsysu.org.cn/sites/1h.prod.sysucloud1.sysu.edu.cn/files/styles/focal_point_480/public/%E8%80%B3%E9%BC%BB%E5%96%89%20%E9%A9%AC%E4%BB%81%E5%BC%BA%20%E5%89%AF%E9%AB%982.jpg?itok=Bo-BKF_7,TRUE,0,,,,耳鼻咽喉头颈外科疾病诊治及鼾症治疗,西安交通大学硕士、中山大学博士，现任中山大学附属第一医院副主任医师。曾公派赴美国西北大学进行免疫学研究，担任多个省级医学会常委及秘书职务，获中山大学青年授课大赛二等奖。
fb3fb6d7-672c-42de-8713-525a064426f6,,王章锋,副主任医师,中山大学附属第一医院,咽喉专科,"耳鼻咽喉—头颈部肿瘤诊治, 嗓音疾病诊治, 鼾症诊治, 耳鼻咽喉科常见病多发病处理, 耳鼻咽喉科急危重症及疑难病例处理, 喉癌激光微创手术, 喉癌保喉功能手术, 全喉切除手术, 下咽癌保喉功能综合治疗, 颈部转移癌颈淋巴结清扫术, 颈部肿物切除术, 颈部复杂瘘管切除术, 鼾症手术治疗, 嗓音疾病微创手术, 气管食管异物取出术, 喉—气管狭窄手术治疗, 鼻内镜治疗鼻窦炎鼻息肉, 鼻内镜下鼻腔鼻窦肿物切除术, 上颌骨切除术",该医生于1995年6月毕业于中山医科大学医疗系临床医学专业，自1995年7月起至今在中山大学附属第一医院耳鼻咽喉科工作。2000年9月至2003年6月在中山大学附属肿瘤医院攻读硕士研究生，2010年8月至2011年6月在美国MERCER大学和宾夕法尼亚大学医院进修。目前担任广东省中西医结合学会嗓音专业委员会常委。,https://www.fahsysu.org.cn/sites/1h.prod.sysucloud1.sysu.edu.cn/files/styles/focal_point_480/public/102810.jpg?itok=yqxcsdo_,TRUE,0,,,,耳鼻咽喉—头颈部肿瘤、嗓音疾病、鼾症诊治,中山医科大学临床医学专业毕业，现任中山大学附属第一医院耳鼻咽喉科医生，拥有20余年临床经验。曾于中山大学附属肿瘤医院攻读硕士，并在美国MERCER大学和宾夕法尼亚大学医院进修。担任广东省中西医结合学会嗓音专业委员会常委。
c44e6883-2864-4963-8aa6-acecdf22e879,,付清玲,"教授, 研究员",中山大学附属第一医院,变态反应专科,"过敏性鼻炎的环境因素影响评估, 过敏性鼻炎的诊断, 过敏性鼻炎的特异性免疫治疗, 过敏性鼻炎的生物疗法, 呼吸道变应性炎症, 干细胞及外泌体免疫调节, 间充质干细胞治疗, 外泌体/小细胞外囊泡制备, 工程化外泌体技术, 细胞外囊泡临床转化",该医生于2003-2007年在香港大学获得博士学位，师从苏国辉院士。2016-2017年在美国Texas A&M University/Johns Hopkins University担任访问学者，导师为美国科学院院士Darwin J Prockop。现任中山大学附属第一医院教授、研究员，担任变态反应专科副主任、中山大学教育部干细胞与组织组织工程重点实验室PI。社会兼职包括国际细胞外囊泡学会理事会亚太大区常委、国际细胞外囊泡学会EV Club中国区负责人、香港大学荣誉副教授、中国研究型医院学会细胞外囊泡研究与应用专业委员会常委、广州市耳鼻咽喉科重点实验室副主任、广东省医学会耳鼻咽喉科分会基础学组组长等。学术成就方面，主持科研基金29项，总经费5000余万元，其中国家重点研发计划首席科学家、国家自然科学基金优秀青年基金获得者、教育部新世纪优秀人才。共发表SCI论文80篇，H-index 29，总影响因子479，以第一发明人获得国家发明专利授权5项。参编细胞外囊泡国际指南，制定干细胞标准及国内首批细胞外囊泡团体标准。,https://www.fahsysu.org.cn/sites/1h.prod.sysucloud1.sysu.edu.cn/files/styles/focal_point_480/public/2024-05/%E8%80%B3%E9%BC%BB%E5%92%BD%E5%96%89%E7%A7%91%2B%E4%BB%98%E6%B8%85%E7%8E%B2%2B%E6%AD%A3%E9%AB%98.jpg?itok=yxxppcse,TRUE,0,,,,过敏性鼻炎及干细胞外泌体免疫治疗,香港大学博士，中山大学附属第一医院教授、研究员，国家重点研发计划首席科学家。主持科研基金29项总经费5000余万元，发表SCI论文80篇，H-index 29，获国家发明专利5项。担任国际细胞外囊泡学会亚太大区常委，参编国际指南并制定国内首批团体标准。
3b4fa1e1-90a9-44c8-8cd2-5d59dbd1fb48,,黄刚,"主任医师, 博士生导师",中山大学附属第一医院,器官移植科/肾移植专科,"肾移植, 二次肾移植, 胰肾联合移植, 肝肾联合移植, 儿童肾移植, 活体供肾切取及肾移植, 同侧双肾移植, 跨血型肾移植, 高致敏患者肾移植, 供肾质量评估, 肾移植围手术期处理, 急慢性排斥诊治, 病毒感染并发症诊治, 肾病复发并发症诊治, 移植受者多瘤病毒感染并发症预防, 移植受者多瘤病毒感染并发症早期诊断, 移植受者多瘤病毒感染并发症治疗, 免疫抑制人群多瘤病毒感染并发症预防, 免疫抑制人群多瘤病毒感染并发症早期诊断, 免疫抑制人群多瘤病毒感染并发症治疗, 移植肾穿刺病理活检-临床-分子检验-影像学多学科联合精准诊治",该医生于2008年获中山大学外科学博士学位，现任中山大学附属第一医院器官移植科主任医师、博士生导师。2014年至2015年曾作为访问学者赴美国匹兹堡大学医学中心、Montefiore医院移植病理科和Thomas E. Starzl器官移植研究所进修学习。担任中国医疗保健国际交流促进会肾移植学分会委员、中国研究型医院学会移植医学专业委员会委员、中华医学会器官移植分会病理组委员、中华医学会器官移植分会移植感染学组委员、美国欧洲国际移植协会会员、广东省杰出青年医学人才、广东省泌尿生殖协会肾脏移植学分会常务委员、广东省免疫学会移植免疫分会常务委员、广东省医院协会科研实验室建设与管理专委会委员、《中华器官移植杂志》通讯编委、《器官移植杂志》通讯编委。2006年以来专注于免疫抑制人群多瘤病毒相关性疾病的临床与基础研究，受邀参与《国际BK病毒防治指南》制定并主编《中国BK病毒防治指南》，主持国家自然科学基金等多项科研项目，研究成果在国内外学术会议上多次报告，发表第一/通讯作者论文40余篇，其中SCI论著25篇，参编专著5部。,https://www.fahsysu.org.cn/sites/1h.prod.sysucloud1.sysu.edu.cn/files/styles/focal_point_480/public/2023-05/%E9%BB%84%E5%88%9A-%E4%B8%BB%E4%BB%BB%E5%8C%BB%E5%B8%88.jpeg?itok=2hqfIQfH,TRUE,0,,,,肾移植及多瘤病毒感染并发症诊治,中山大学外科学博士，现任中山大学附属第一医院器官移植科主任医师、博士生导师，曾赴美国匹兹堡大学医学中心访问学习。担任多个国家级和省级学术组织委员，专注于免疫抑制人群多瘤病毒研究，参与国际指南制定并主编中国指南，主持多项国家级和省级科研项目，发表SCI论文25篇。
72aebfa8-136b-447b-88b1-ed0fd53b8641,,邱江,"主任医师, 教授",中山大学附属第一医院,器官移植科/肾移植专科,"肾移植, 活体肾移植, 跨血型肾移植, 无缺血肾移植, 腹腔镜微创活体供肾切取术, 机器人微创活体供肾切取术, ABO血型不相容肾移植, 致敏受者肾移植, 肾脏体内原位隔离灌注保护治疗, 移植肾血管狭窄治疗, 移植肾输尿管狭窄治疗, 移植肾输尿管梗阻治疗, 育龄肾移植女性受者生育解决方案",该医生在肾移植领域具有丰富经验，擅长主刀肾移植手术，尤其是活体肾移植。他开展腹腔镜/机器人微创活体供肾切取术、ABO血型不相容/跨血型肾移植、致敏受者肾移植等开创性手术，同时解决肾移植临床复杂疑难案例和手术。,https://www.fahsysu.org.cn/sites/1h.prod.sysucloud1.sysu.edu.cn/files/styles/focal_point_480/public/2022-08/%E8%82%BE%E7%A7%BB%E6%A4%8D%20%E9%82%B1%E6%B1%9F%20%E6%AD%A3%E9%AB%98.jpg?itok=1BCmW-5K,TRUE,0,,,,肾移植及开创性手术技术,该医生在肾移植领域具有丰富经验，擅长主刀肾移植手术，尤其是活体肾移植，开展腹腔镜/机器人微创活体供肾切取术、ABO血型不相容/跨血型肾移植、致敏受者肾移植等开创性手术，解决肾移植临床复杂疑难案例和手术。
7c593f78-9e45-46bf-9588-cfadd45a8483,,傅茜,副主任医师,中山大学附属第一医院,肾移植专科,"肾移植术前评估, 围手术期处理, 术后长期随诊管理, 移植术后并发症诊治处理, 移植免疫和组织配型, 免疫抑制剂的代谢基因学和药物浓度监测",该医生1998年本科毕业于中山医科大学，开始在中山医科大学附属第一医院器官移植科工作，2012年获得医学博士学位。社会兼职包括国际器官移植协会（TTS）会员、亚洲器官移植协会（ASOT）会员、中国人体器官移植分配与共享计算机系统科学委员会肾脏移植工作组成员、中国研究型医院学会糖尿病学专业委员会器官移植与代谢性疾病学组委员、中国医药生物技术协会移植技术分会委员、中国康复医学会器官移植康复专业委员会科普工作组组员、广东省泌尿生殖协会肾脏移植学分会委员会委员。主持和参加多项国家和省级科研课题，在国内外期刊上发表论著多篇。,https://www.fahsysu.org.cn/sites/1h.prod.sysucloud1.sysu.edu.cn/files/styles/focal_point_480/public/2025-04/%E8%82%BE%E7%A7%BB%E6%A4%8D-%E5%82%85%E8%8C%9C-%E5%89%AF%E9%AB%98%EF%BC%88%E7%99%BD%E5%BA%95%EF%BC%89.jpg?itok=p8ny25fC,TRUE,0,,,,肾移植及移植术后并发症诊治,中山医科大学本科毕业，医学博士学位，在中山医科大学附属第一医院器官移植科工作，担任多个国内外器官移植相关协会会员和委员，主持参与多项科研课题并发表多篇论著。
b7977b7d-41fd-4f0f-9fb7-aed4b62530e2,,赵强,主任医师,中山大学附属第一医院,器官移植科/肝移植专科,"各类肝病诊治, 肝移植手术, 中晚期肝癌综合诊治, 肝硬化救治, 肝衰竭救治, 无缺血肝脏移植术",该医生2005年至2013年就读于中山大学临床医学（八年制），2013年起在中山大学附属第一医院器官移植科工作，历任住院医师、主治医师、副主任医师，2023年起任主任医师。社会兼职包括中科院深圳先进技术研究院客座研究员、中华医学会器官移植学分会青年委员、广东省医学会器官移植分会青委会副主任委员。科研方面致力于器官医学技术创新及成果转化，以第一或通讯作者在Gut、Journal of Hepatology等期刊发表SCI论文20余篇，获授权美国发明专利3项、中国专利7项，主持国家重点研发计划子课题1项、国家自然科学基金2项。获奖情况包括国际质量创新大赛特等奖（中国首次）、国际肝移植协会青年学者最高荣誉“Rising Star”奖、美国移植协会“青年研究学者奖”、中国创新创业大赛生物医药组全国总冠军、广东省科技进步一等奖、中山大学青年教师授课大赛特等奖、中山大学临床技能大赛一等奖、中山一院青年教师授课比赛英文组第一名。,https://www.fahsysu.org.cn/sites/1h.prod.sysucloud1.sysu.edu.cn/files/styles/focal_point_480/public/2023-11/%E5%99%A8%E5%AE%98%E7%A7%BB%E6%A4%8D%E7%A7%91%20%E8%B5%B5%E5%BC%BA%20%E6%AD%A3%E9%AB%98.jpg?itok=Pc2KP0xZ,TRUE,0,,,,肝病诊治与肝移植手术,中山大学临床医学博士，现任中山大学附属第一医院器官移植科主任医师。长期从事器官移植临床与科研工作，发表SCI论文20余篇，获多项国内外重要奖项，包括国际质量创新大赛特等奖和国际肝移植协会“Rising Star”奖，主持国家级科研项目，在无缺血肝脏移植技术方面取得国际领先成果。
b5d28a7f-a934-47ac-8174-73f07f26e480,,陈国栋,"主任医师, 博士生导师",中山大学附属第一医院,器官移植科,"肾移植, 腹腔镜活体供肾切取术, 无缺血肾移植手术, 肾移植术后急性和慢性排斥治疗, 术后肾炎复发防治, 术后各种机会性感染防治, ABO血型不相容和高致敏肾移植患者围手术处理",该医生于2002年获得中山大学学士学位，2005年获得中山大学硕士学位，2013年获得中山大学博士学位。2009年至2010年在美国西北大学器官移植中心从事博士后研究。2008年晋升为主治医师，2013年晋升为副教授、硕士生导师，2019年晋升为主任医师、博士生导师。担任美国移植学会会员、欧洲移植学会会员、广东省泌尿生殖协会肾脏移植学分会委员及《器官移植》杂志编委。在国内外核心期刊发表论文60余篇，其中第一作者和通讯作者SCI论文16篇，学术成果多次在国内外学术会议上交流。主持国家自然科学基金面上项目1项、青年基金项目1项及省自然科学基金面上项目1项，入选首批“广东省杰出青年医学人才”和中山一院“柯麟新星”人才计划。,https://www.fahsysu.org.cn/sites/1h.prod.sysucloud1.sysu.edu.cn/files/styles/focal_point_480/public/033525.jpg?itok=lHQlslvY,TRUE,0,,,,肾移植及围手术期综合治疗,中山大学博士，美国西北大学博士后，现任主任医师、博士生导师。从事肾移植临床工作近20年，完成肾移植手术800余例。主持多项国家级及省级科研项目，入选广东省杰出青年医学人才，发表SCI论文16篇，担任多个国内外学术组织委员。
5348a177-6a4c-40ec-9032-17a402dd5297,,陈茂根,主任医师,中山大学附属第一医院,器官移植科,"肝病诊治, 肝移植外科, 无缺血肝脏移植手术, 儿童肝肾联合移植, 腹部多器官联合移植, 肝癌肝移植, 乙肝肝硬化肝移植, 肝功能衰竭肝移植, 遗传代谢相关肝病肝移植, 终末期肝病肝移植, 个体化免疫抑制治疗, 儿童代谢疾病肝移植, 移植排斥反应调控",该医生于2008年获得汕头大学医学硕士学位，2013年获得中山大学外科学博士学位，2010年至2013年作为访问学者在美国南加州大学学习。2013年7月至2015年12月在中山大学附属第一医院器官移植科担任住院医师，2016年1月至2018年12月任主治医师，2019年1月至2024年12月任副主任医师，2025年1月至今任主任医师。社会兼职包括中华医学会器官移植分会儿童移植学组委员、中国医院协会器官获取与分配工作委员会委员、中国康复医学会器官移植康复专业委员会委员、广东省器官医学与技术学会肝脏医学与技术专业委员会常委、广东省肝脏病学会器官移植专业委员会委员、亚太医学生物免疫学会基础免疫学分会委员、海峡两岸医药卫生交流协会器官移植分会青年学组委员。科研方面，主要研究方向为边缘器官质量评估和肝损伤修复干预策略，以（共同）第一或通讯作者在Clin Mol Hepatol、JCI Insight、Transplantation等SCI杂志发表论文40余篇，主持国家自然科学基金3项、广东省自然科学基金1项、中山大学高校基本科研业务费青年教师培育项目1项，获授权专利1项，并获中山一院第四批优秀青年人才支持计划。参编《公民身后器官捐献理论与实践》、《无缺血器官移植》、《Organ Donation and Transplantation after Cardiac Death in China》等多部专著，荣获广东省科学技术奖一等奖、中华医学科技奖二等奖、中山大学芙兰奖、美国移植学会“青年研究学者奖”、国际肝脏移植学会“Travel Award”奖各一项，两次获世界移植大会“青年研究学者奖”，并参与《肝肾联合移植技术操作规范》编写。,https://www.fahsysu.org.cn/sites/1h.prod.sysucloud1.sysu.edu.cn/files/styles/focal_point_480/public/2025-07/%E8%82%9D%E7%A7%BB%E6%A4%8D%E4%B8%93%E7%A7%91_%E4%B8%BB%E4%BB%BB%E5%8C%BB%E5%B8%88_%E9%99%88%E8%8C%82%E6%A0%B9.jpg?itok=lLplmJbY,TRUE,0,,,,肝移植外科及终末期肝病治疗,中山大学外科学博士，现任中山大学附属第一医院器官移植科主任医师，从事肝移植外科工作十余年。主持多项国家级科研项目，发表SCI论文40余篇，参编多部专著，荣获广东省科学技术奖一等奖、中华医学科技奖二等奖等多项奖励，并担任多个学术组织委员。
b75d7186-872d-47b9-a332-74ddc72edbfe,,郭志勇,"主任医师, 教授, 硕士生导师",中山大学附属第一医院,器官移植科,"肝胆外科, 肝移植, 胰腺移植, 小肠移植, 多器官移植, 肝癌肝移植, 移植受体免疫功能评估, 个体化免疫抑制治疗, 终末期肝病肝移植, 器官保护, 移植免疫, 肝脏肿瘤",该医生毕业于中山大学临床医学七年制，获外科学博士学位，曾在美国俄亥俄州托莱多大学进行免疫学联合培养博士学习，并在加州大学三藩市分校（UCSF）器官移植专业交换学习。现任中山大学附属第一医院副教授、副主任医师，兼任中山大学硕士生导师，历任中山大学附属第一医院器官移植中心主治医师、住院医师及科研秘书。担任美国器官移植协会、国际肝脏移植协会、世界器官移植协会会员，以及World Journal of Gastroenterology和World Journal of Hepatology等杂志编委、Hepatobiliary Surgery and Nutrition编辑助理。发表SCI论文37篇，其中第一和通信作者24篇，涵盖器官移植领域顶尖杂志和免疫学杂志。主持广州市珠江科技新星基金1项、国家自然科学基金2项，参与863计划课题等国家级课题10余项，2012-2014年间连获世界器官移植协会、美国器官移植协会和国际肝脏移植协会“青年科学家奖”6次。,https://www.fahsysu.org.cn/sites/1h.prod.sysucloud1.sysu.edu.cn/files/styles/focal_point_480/public/114527.jpg?itok=t9EVoGGj,TRUE,0,,,,肝胆外科、肝移植及多器官移植,中山大学外科学博士，美国俄亥俄州托莱多大学免疫学联合培养博士，现任中山大学附属第一医院副教授、副主任医师，硕士生导师。发表SCI论文37篇，主持国家自然科学基金2项，参与国家级课题10余项，2012-2014年间连获国际器官移植协会“青年科学家奖”6次。
e391044d-bcf9-4a32-856b-97759af1947e,,胡安斌,"主任医师, 教授, 博士生导师",中山大学附属第一医院,器官移植科,"肝脏移植, 肝脏外科, 胰岛移植, 胰腺移植, 肝胆胰脾外科, 微创腔镜外科, 肝功能衰竭, 肝脏肿瘤, 糖尿病晚期",该医生是中山大学附属第一医院器官移植科教授、主任医师、博士生导师，曾作为美国UCLA访问学者，是广东省杰出青年医学人才和中山一院优秀青年人才。担任广东省器官医学与技术学会胰岛功能专委会主任委员、中国医师协会器官移植医师分会组织和细胞移植专委会委员、《中华器官移植杂志》通讯编委。主持包括5项国家自然科学基金、1项863计划和1项广州市重大科技专项在内的14项课题，发表SCI等论著50余篇，申请专利4项，获国家科技进步奖二等奖和广东省科技进步奖一等奖等6次，并获中山大学优秀党员、中山一院优秀党员等荣誉。,https://www.fahsysu.org.cn/sites/1h.prod.sysucloud1.sysu.edu.cn/files/styles/focal_point_480/public/2023-04/%E5%99%A8%E5%AE%98%E7%A7%BB%E6%A4%8D%E7%A7%91-%E8%83%A1%E5%AE%89%E6%96%8C-%E6%AD%A3%E9%AB%98-%E9%97%A8%E8%AF%8A.jpg?itok=5X4Pq_dW,TRUE,0,,,,肝脏移植、胰岛移植、胰腺移植及肝胆胰脾外科,中山大学附属第一医院器官移植科教授、主任医师、博士生导师，美国UCLA访问学者，广东省杰出青年医学人才。主持14项国家级和省级课题，发表SCI论文50余篇，获国家科技进步奖二等奖等6项奖励，担任多个学术组织委员和编委。
95fbfbf6-0943-4cff-ac9c-05698be6dee2,,何晓顺,"主任医师, 教授",中山大学附属第一医院,器官移植科,"肝移植治疗终末期肝病, 肝癌隔离治疗, 体外肝治疗肝功能衰竭, 小肠移植, 多器官移植, 无缺血器官移植, 器官医学, 器官捐献",何晓顺教授是中山大学附属第一医院器官移植中心学科带头人、主任，担任中央保健专家，哈佛大学、康奈尔大学客座教授，俄罗斯自然科学院院士，世界移植协会中国区 Champion，国家颠覆性创新技术首席科学家，中国器官移植发展基金会副理事长，中国器官捐献与移植委员会委员，Organ Medicine 主编，中国医院协会精准医疗分会主任委员，中华医学会器官移植分会常委，广东省器官医学与技术学会会长，广东省医学会器官移植学分会主任委员，广东省器官医学重点实验室主任，中山大学器官捐献研究所所长。他获得国家科技进步二等奖2项、芬兰总统签发的国际质量创新大赛特等奖1项、教育部科技进步一等奖1项、广东省科技进步一等奖5项、中华医学科技二等奖2项、科技部中国创新创业大赛一等奖及吴-杨奖等，获全国优秀科技工作者、国务院特殊津贴专家、国家卫计委突出贡献专家、教育部新世纪优秀人才、南粤百杰等称号，获“庆祝中华人民共和国成立70周年”纪念章，被哈佛大学布莱根妇女儿童医院授予2024年度“约瑟夫·默里移植外科客座教授”荣誉头衔（亚洲首位）。,https://www.fahsysu.org.cn/sites/1h.prod.sysucloud1.sysu.edu.cn/files/styles/focal_point_480/public/%E4%BD%95%E6%99%93%E9%A1%BA.jpg?itok=nGiJ_xmP,TRUE,0,,,,器官移植、无缺血器官移植、器官医学,何晓顺教授是中山大学附属第一医院器官移植中心学科带头人、主任，担任中央保健专家，哈佛大学、康奈尔大学客座教授，俄罗斯自然科学院院士，国家颠覆性创新技术首席科学家。他获得国家科技进步二等奖2项、芬兰总统签发的国际质量创新大赛特等奖1项、教育部科技进步一等奖1项、广东省科技进步一等奖5项等多项荣誉，被哈佛大学授予2024年度“约瑟夫·默里移植外科客座教授”荣誉头衔（亚洲首位）。
c524d885-c88c-4afa-a635-45a7131d8ac8,,焦兴元,教授,中山大学附属第一医院,器官移植科,"肝胆胰肿瘤诊断和治疗, 肝脏干细胞研究, 肝移植术, 肝切除术, 门脉高压断流手术, 门脉高压分流手术, 脾脏切除术, 胆囊切除术, 腹腔镜下胆总管切开探查T管引流术, 胆肠吻合术, 胆管癌切除术, 胰腺坏死组织清除术, 胰管空肠吻合术, 胰十二指肠切除术",该医生1991年毕业于西安交通大学医学院，获医学学士学位，1997年和2000年相继在该校获得医学硕士和博士学位，师从石景森教授。2000年起在中山大学临床医学博士后流动站从事博士后研究，师从黄洁夫教授。2002年博士后出站后，以学科带头人引进到广州医学院第二附属医院肝胆外科工作，2003年入选广东省教育厅“千百十培养工程”校级培养对象。2005年到德国Duisburg-Essen大学Essen医学院器官移植-普通外科系从事博士后研究，师从Broelsch CE教授。2011年以学科骨干引进到中山大学附属第一医院器官移植中心工作，担任移植外科三区主任。社会兼职方面，担任Cancer Research、Carcinogenesis、Int J Cancer等国际杂志审稿专家，国家自然科学基金和广东省自然科学一审专家，广东省和广州市医疗事故鉴定专家，广东省肝脏病学会常务委员。近5年内，以第一作者在国际著名杂志Carcinogenesis、Int J Cancer发表论著，以第一作者、通讯作者在中华外科杂志、中华肝胆外科杂志、中华肝脏病杂志等国内核心期刊发表论文35篇。主编《消化系肿瘤学》、《现代消化系病诊疗学》、《胰腺癌》、《胆道肿瘤》、《原发性肝癌》等多部专著。主持多项国家自然科学基金项目，以第一完成人完成的成果获2012年度广东省政府科学技术进步二等奖。,https://www.fahsysu.org.cn/sites/1h.prod.sysucloud1.sysu.edu.cn/files/styles/focal_point_480/public/125008.jpg?itok=S-OFFcN2,TRUE,0,,,,肝胆胰肿瘤诊断和治疗、肝脏干细胞研究,西安交通大学医学院博士，师从石景森教授，后在中山大学和黄洁夫教授指导下完成博士后研究。曾赴德国Duisburg-Essen大学从事博士后研究，师从Broelsch CE教授。现任中山大学附属第一医院器官移植中心移植外科三区主任，担任广东省肝脏病学会常务委员等社会兼职。近5年发表国际期刊论文2篇、国内核心期刊论文35篇，主编多部专著，主持多项国家自然科学基金项目，获广东省政府科学技术进步二等奖。
46ae036b-2317-4ddd-bf38-aae9f72b5cf3,,刘龙山,主任医师,中山大学附属第一医院,器官移植科,"儿童肾移植术前评估, 儿童肾移植术后管理, 预致敏患者配型策略, 抗体介导的排斥反应（AMR）表型分类与综合治疗, 抗体介导排斥反应的发病机制与治疗, 移植肾损伤的无创评估与保护, 间充质干细胞的移植应用, 免疫抑制剂药动学",该医生于1998年至2003年在青岛大学医学院临床医学专业学习，2003年至2008年在中山大学附属第一医院器官移植科深造，期间于2005年至2007年在加拿大蒙特利尔大学Notre-Dame医院进修。自2008年起在中山大学附属第一医院工作，历任研究实习员、助理研究员、医师/助理研究员、主治医师/助理研究员，2018年4月至今担任器官移植科副主任医师。社会兼职方面，担任中国医师协会器官移植医师分会青年委员会委员、中国医促会肾脏移植分会青年委员会委员、中华医学会器官移植学分会器官获取与评估学组秘书、中国药理学会治疗药物浓度监测专业委员会青委会委员。学术成果方面，以第一或通讯作者发表中英文论著30篇，其中SCI论文16篇，参与发表论著76篇，其中SCI论文32篇，并参编《移植学》。曾获“广东省三好学生”、“南粤优秀研究生”、“中山大学优秀研究生”等荣誉称号，入选中山大学“柯麟菁英人才计划”，研究成果获国际移植学会颁发的主席奖。,https://www.fahsysu.org.cn/sites/1h.prod.sysucloud1.sysu.edu.cn/files/styles/focal_point_480/public/044952.jpg?itok=I4981Ctw,TRUE,0,,,,儿童肾移植、抗体介导排斥反应、移植肾损伤评估,中山大学附属第一医院器官移植科副主任医师，拥有青岛大学医学院临床医学学士学位及中山大学器官移植科深造经历，曾在加拿大蒙特利尔大学进修。从事器官移植临床与研究工作多年，担任多个国家级学会青年委员，发表SCI论文16篇，研究成果获国际移植学会主席奖。
5b188706-3925-40d9-94f5-999a7f69a585,,马毅,"主任医师, 教授",中山大学附属第一医院,器官移植科,"肝胆胰外科, 肝脏移植, 胰腺移植, 肝脏肿瘤肝移植, 胆囊疾病, 肝胆管结石, 肝硬化门脉高压症, 终末期肝硬化肝移植",该医生1991年临床医学系本科毕业，先后就读中山大学外科学硕士和博士研究生，2003年获医学博士学位。已从事普通外科、肝移植外科的临床工作20年。至2010年已在国内外核心期刊发表专业论文30余篇，其中SCI论著16篇（第一作者）。参加编写外科专著3部，其中《多器官移植与联合器官移植》和《腹部外科手术技巧》。2009年度“腹部器官移植的技术创新及基础研究”获得中华医学科技奖二等奖；2010年度“腹部器官簇移植及器官联合移植的基础与临床研究”获得广东省科学技术奖一等奖；“腹部多器官移植及器官联合移植的技术创新与临床应用”获国家科学技术进步奖二等奖。获国家专利6项。,https://www.fahsysu.org.cn/sites/1h.prod.sysucloud1.sysu.edu.cn/files/styles/focal_point_480/public/2022-09/%E9%A9%AC%E6%AF%85_1.jpg?itok=L9hgRCE-,TRUE,0,,,,肝胆胰外科、肝脏移植和胰腺移植,中山大学外科学博士，从事普通外科、肝移植外科临床工作20年。发表专业论文30余篇，其中SCI论著16篇，编写外科专著3部。获中华医学科技奖二等奖、广东省科学技术奖一等奖、国家科学技术进步奖二等奖，拥有国家专利6项。
d5e832f6-0c30-4751-b66f-ffedea983ea9,,王东平,主任医师,中山大学附属第一医院,器官移植科,"肝移植, 胰腺移植, 小肠移植, 多器官移植, 肝癌临床诊断及综合治疗, 肝硬化保守治疗, 乙肝重症患者肝移植围手术期处理",该医生于1988年本科毕业，1995年硕士毕业，2002年博士毕业。从事胸外科、小儿外科、急诊外科、普通外科多年，后专注于肝移植专业10年。现任广东省肝脏病学会常委、广东省医学会伦理学分会委员。在国内外核心期刊发表论文30余篇，参与编写外科学专著5部，曾获中华医学科技二等奖1项、广东省科学技术一等奖1项。,https://www.fahsysu.org.cn/sites/1h.prod.sysucloud1.sysu.edu.cn/files/styles/focal_point_480/public/113151.jpg?itok=1EuJp4dD,TRUE,0,,,,肝移植及多器官移植,医学博士，从事外科及器官移植专业20年，现任广东省肝脏病学会常委，发表论文30余篇，参与编写专著5部，获中华医学科技二等奖和广东省科学技术一等奖。
bf0e25bf-0b71-4384-9019-ffa28ad98f85,,王长希,"主任医师, 教授",中山大学附属第一医院,器官移植科,"肾移植手术, 儿童肾移植, 老年肾移植, 特殊患者肾移植, 术后排斥反应处理, 巨细胞病毒肺炎治疗, 真菌性肺炎治疗, 肺结核治疗, DCD供肾移植, 免疫抑制剂药物基因组学研究, 药代动力学研究, 新型免疫抑制剂研发, 器官缺血再灌注损伤研究, 干细胞移植研究, 移植免疫耐受研究",该医生1980年至1985年就读于苏州医学院本科临床医学专业，毕业后在南华大学附属南华医院从事泌尿外科工作。1988年起在中山大学附属第一医院学习和工作，1991年获泌尿外科硕士学位，1999年获器官移植外科博士学位，同年晋升副教授，2004年晋升主任医师。2000年赴瑞士巴塞尔大学诺华移植免疫研究中心从事器官移植免疫学研究，归国后致力于肾移植临床工作及研究。2004年至2009年兼任外科实验室副主任，2009年10月至今任职器官移植科主任。社会兼职包括国际器官移植学会会员、中华医学会泌尿外科分会肾移植组委员、广东省器官移植学会常委，并担任《中华器官移植杂志》、《器官移植杂志》编委及《中华医学杂志》、《中华肾脏病学杂志》特约审稿人。在学术方面，在国内外核心期刊发表论文160余篇，其中SCI收录10余篇，担任《临床肾移植学》副主编，参编《移植学前沿》、《泌尿外科手术学》等多部专著，主持国家自然及省部级基金6项，获成果4项及专利1项。,https://www.fahsysu.org.cn/sites/1h.prod.sysucloud1.sysu.edu.cn/files/styles/focal_point_480/public/113035.jpg?itok=QSelK6fi,TRUE,0,,,,肾移植手术及术后并发症处理,苏州医学院临床医学专业毕业，中山大学器官移植外科博士，现任器官移植科主任医师。曾赴瑞士巴塞尔大学诺华移植免疫研究中心进修，兼任外科实验室副主任。担任国际器官移植学会会员、中华医学会泌尿外科分会肾移植组委员等社会职务，发表论文160余篇，主持多项国家级基金项目。
4dd657bf-aea8-4d68-b78b-2474e20fbe0f,,吴成林,主任医师,中山大学附属第一医院,器官移植科,"亲属活体捐献肾移植, 自体肾移植, 儿童肾移植, 跨血型肾移植, 肾移植术后疑难复杂并发症处理, 供肾质量评估, 供受体合理匹配, 高龄高免疫风险肾移植围手术期管理, 肾移植术后并发症临床处理, 急慢性排斥反应发病机制与治疗, 器官修复与改造",该医生于2003年至2010年在华中科技大学同济医学院完成临床医学七年制硕士学习，2010年至2015年在中山大学附属第一医院器官移植科攻读博士学位，期间曾作为联合培养博士赴美国哈佛医学院附属Brigham妇女医院移植研究中心和美国康奈尔大学附属休斯顿Methodist医院移植研究中心学习。自2015年起在中山大学附属第一医院器官移植科工作，历任医师、主治医师，2020年起担任副主任医师。社会兼职方面，担任海峡两岸医药卫生交流协会器官移植分会第一届青年委员会委员和广东省免疫学会移植免疫分会第一届委员会委员，并为美国移植协会和国际移植协会的国际会员。学术成就突出，以独立第一作者在器官移植领域顶级期刊《Am J Transplant》发表代表性论文，并在Nucleic Acids Research、Clin Chemistry、Cell Death & Disease、Transplantation等高水平杂志发表第一/通讯作者SCI论文15篇，共同作者文章20余篇。担任科技部国家重点研发项目（青年）子课题负责人，主持国家自然科学基金青年基金、广东省自然科学基金青年提升项目及面上项目等多项课题，参与“863项目”子课题、国家自然科学基金面上项目及青年项目等20余项。参与编写国内首部儿童肾移植专著《儿童肾移植》及《儿童供肾的功能维护、评估及应用操作规范（2019版）》。曾获2015年美国移植学会“Young Investigator Award”奖、2021年中山一院“柯麟新星”人才项目和2022年“树兰卓越工程”人才项目。,https://www.fahsysu.org.cn/sites/1h.prod.sysucloud1.sysu.edu.cn/files/styles/focal_point_480/public/041200.jpg?itok=e-tzywq0,TRUE,0,,,,肾移植手术及术后并发症处理,华中科技大学同济医学院临床医学七年制硕士，中山大学附属第一医院器官移植科博士，曾赴美国哈佛医学院和康奈尔大学联合培养。现任中山大学附属第一医院器官移植科副主任医师，担任多个学术组织委员。在《Am J Transplant》等高水平期刊发表多篇SCI论文，主持国家及省级科研项目，参与编写国内首部儿童肾移植专著，获美国移植学会“Young Investigator Award”等荣誉。
e746380d-122f-46a5-ba43-67d598958663,,朱晓峰,"主任医师, 教授, 博士生导师",中山大学附属第一医院,器官移植科,"肝脏移植, 腹部多器官移植, 胰肾联合移植, 移植免疫耐受, 普通外科, 肝胆外科, 胃肠外科, 器官移植",该医生于1983年本科毕业后开始从事普通外科工作，1985年获外科学硕士学位，1994年获博士学位。1994年晋升副教授，1995-1996年赴德国进行普外及器官移植博士后研究，1996年底在中山一院器官移植科工作，2000年晋升教授，2003年起任博士生导师、移植科副主任、三级教授。社会兼职包括世界肝移植学会会员、国际消化外科学会会员、国家自然科学基金评审专家等，担任广东省肝病学会器官移植专业组副主委、中华显微外科杂志编委、广东省器官移植学会常委等职务。发表论文100多篇，其中SCI收录10篇，副主编国内首部肝移植专著《肝脏移植的理论与实践》，主编国内首部多器官移植专著《多器官移植与器官簇移植》和国内首部多器官移植护理专著《器官移植临床护理学》。曾获国家科技进步二等奖、教育部科技进步一等奖、中华医学科技二等奖、广东省科技进步一等奖等多项科技成果奖。,https://www.fahsysu.org.cn/sites/1h.prod.sysucloud1.sysu.edu.cn/files/styles/focal_point_480/public/112805.jpg?itok=n-R5IwIF,TRUE,0,,,,肝脏移植、腹部多器官移植及移植免疫,中山大学医学博士，现任中山一院器官移植科教授、博士生导师、移植科副主任。从事器官移植临床工作30余年，主刀肝脏移植600多例，在肝脏移植、腹部多器官移植领域取得多项亚洲及国内首例突破。发表论文100余篇，主编多部器官移植专著，获国家科技进步二等奖等多项国家级和省部级科技奖励，担任多个国内外学术组织职务。
b9ba3bfa-0d3a-49bc-8691-6bb673da2b05,,陈颖华,副主任医师,中山大学附属第一医院,器官移植科,"肝脏外科, 肝移植, 乙肝肝硬化, 肝癌肝移植, 终末期肝病肝移植手术治疗, 肝移植围手术期管理, 肝移植术后中长期管理, 肝癌综合治疗, 门静脉高压, 肝功能衰竭",该医生于2007年获得中山大学外科学博士学位，长期专注于肝脏外科、肝移植及相关临床工作。教育背景包括：1997年至2002年在广州医学院医疗系攻读本科并获得学士学位，2002年至2004年在中山大学附属第一医院攻读外科学硕士学位，2004年至2007年在中山大学附属第三医院攻读外科学博士学位。工作经历为：2007年至2008年在中山大学附属第三医院肝移植中心担任住院医师，2008年至2012年在该中心担任主治医师，2012年至2014年在中山大学附属第一医院器官移植科担任主治医师，2014年至今在该院器官移植科担任副主任医师。社会兼职方面，担任广东省肝病学会肝衰竭与人工肝专业委员会委员。学术成果包括：在国内外核心期刊发表论文40余篇，其中SCI论文5篇；参与编写《移植肝脏病学》与《重症肝炎肝移植围手术期治疗学》两部专著；主持国家自然科学基金、广东省科技计划项目、广东省医学科研基金、中山大学青年教师基金各一项，并参与多项国家级和省级科研项目。,https://www.fahsysu.org.cn/sites/1h.prod.sysucloud1.sysu.edu.cn/files/styles/focal_point_480/public/032857_0.jpg?itok=6oTzf23X,TRUE,0,,,,肝脏外科、肝移植与肝癌综合治疗,中山大学外科学博士，现任中山大学附属第一医院器官移植科副主任医师，长期从事肝脏外科与肝移植临床工作。担任广东省肝病学会肝衰竭与人工肝专业委员会委员，发表论文40余篇（含SCI论文5篇），参与编写专著2部，主持和参与多项国家级及省级科研项目。
5ffa3d3d-58cf-45c6-8c4c-3d3cd9db23b6,,邓素雄,副主任医师,中山大学附属第一医院,器官移植科,"肾脏移植术前准备及术后处理, 肾移植术后并发症处理, 肾移植术后重症肺炎诊治, 术后免疫抑制方案个体化, 老年肾移植, 儿童肾移植, 移植物肾病处理, 尸肾切取, 供肾修整, 同种异体肾移植手术",该医生于1995年毕业于湖南医科大学临床医学七年制，获硕士学位，毕业后在湘雅三院泌尿外科工作。2000年在中山大学附属第一医院泌尿外科攻读博士学位，毕业后留在中山一院器官移植科工作至今。发表国内外学术论文十余篇，主持省级科研项目两项，参编专著3部。,https://www.fahsysu.org.cn/sites/1h.prod.sysucloud1.sysu.edu.cn/files/styles/focal_point_480/public/110554.jpg?itok=FhGYV404,TRUE,0,,,,肾脏移植手术及术后并发症处理,湖南医科大学临床医学硕士，中山大学附属第一医院器官移植科博士，长期从事器官移植临床工作，发表学术论文十余篇，主持省级科研项目两项，参编专著3部。
87ae1429-3e65-4b10-a524-17a86ec73022,,邓荣海,"副主任医师, 副教授",中山大学附属第一医院,器官移植科,"肾移植手术, 常规肾移植手术, 多次肾移植手术, 儿童肾移植手术, 儿童供体肾移植手术, 儿童双供肾手术, 回肠膀胱肾移植手术, 自体肾移植手术, 肾移植术后并发症处理, 术后排斥反应处理, 术后感染诊治, 肾移植免疫耐受, IgA肾病肾移植术后复发处理, 胰岛移植动物研究, 胰岛移植临床研究",该医生于2001年至2008年在华中科技大学同济医学院完成临床医学七年制本硕联合培养，2008年至2010年在广州市第一人民医院担任外科医师，2011年至2012年在美国托莱多大学微生物与免疫教研室作为访问学者进修，2010年至2013年在中山大学附属第一医院攻读移植外科学博士学位，2013年起在中山大学附属第一医院工作至今。担任国际移植学会会员、广东省免疫学会会员、广东省泌尿生殖学会肾移植分会委员、广东省泌尿生殖学会泌尿微创学分会委员、海峡两岸医药卫生交流协会器官移植分会委员。主持省部级项目基金3项，作为课题骨干参与国家及省部级科研项目数十项，以第一作者、通讯作者或共同通讯作者发表SCI论文9篇，共同作者SCI论文30余篇，参与编写专著《公民身后器官捐献理论与实践》和《EXPERIMENTAL ORGAN TRANSPLANTATION》。2014年及2016年两次被评为医院优秀共产党员，2016年医院年度考核优秀。,,TRUE,0,,,,肾移植手术及术后并发症处理,华中科技大学同济医学院临床医学本硕毕业，中山大学附属第一医院移植外科学博士，现任中山大学附属第一医院副主任医师、副教授。主持省部级项目3项，参与国家级项目数十项，发表SCI论文近40篇，担任多个移植学会委员，曾获医院优秀共产党员等荣誉。
8338af71-0d3e-44dd-8cc1-9e3b1d46b1ee,,费继光,副主任医师,中山大学附属第一医院,器官移植科,"泌尿外科, 肾移植手术, 肾移植前准备, 肾移植长期随访",该医生于1982年至1987年在河南医科大学学习，1987年至1989年在河南原阳人民医院工作，1989年至1992年在河南医科大学攻读硕士学位，1992年至1997年在河南省人民医院工作，1997年至2000年在中山医科大学攻读博士学位，2000年至今在中山大学附属第一医院工作。在学术方面，他在国家级杂志发表论文24篇，省级杂志发表论文27篇，并于2003年获得广东省科学技术二等奖和第三届广东省期刊优秀作品二等奖。,https://www.fahsysu.org.cn/sites/1h.prod.sysucloud1.sysu.edu.cn/files/styles/focal_point_480/public/112919_0.jpg?itok=aeiigyjA,TRUE,0,,,,泌尿外科及肾移植手术,河南医科大学学士、硕士，中山医科大学博士，先后在河南原阳人民医院、河南省人民医院工作，2000年起在中山大学附属第一医院任职。发表国家级论文24篇、省级论文27篇，2003年获广东省科学技术二等奖和期刊优秀作品二等奖。
d4c71483-5f42-4abd-a618-78bcc68676ef,,鞠卫强,副主任医师,中山大学附属第一医院,器官移植科,"肝移植手术, 供肝切取及修整, 肝移植围手术期管理, 移植肝血流彩色多普勒超声监测, 小儿肝移植, 上腹部器官簇移植术, 肝移植术, 母子亲体小肠移植术, 成人活体扩大右半肝肝移植术, 胰肾联合移植术, 活体肝移植手术技术, 肝胆肿瘤, 腹部多器官移植, 胰腺移植",鞠卫强医生于2000年毕业于山东医科大学临床医学系，获学士学位；2003年获中山大学外科学硕士学位；2009年获中山大学外科学博士学位。2003年12月起在中山大学附属第一医院器官移植科工作，历任住院医师、讲师、主治医师，2012年12月至今任副主任医师。2007年曾赴香港大学玛丽医院肝胆胰科进修肝移植技术。他担任广东省肝脏病学会器官移植专业委员会委员和《中国组织工程研究与临床康复杂志》编委。主持或参与科研项目10项，获中华医学科技奖二等奖和广东省科技进步一等奖各一项，参编专著4部，发表论著40余篇，其中第一作者SCI论文4篇。,https://www.fahsysu.org.cn/sites/1h.prod.sysucloud1.sysu.edu.cn/files/styles/focal_point_480/public/031943.jpg?itok=xJYmZZRm,TRUE,0,,,,肝移植手术及围手术期管理,鞠卫强医生是中山大学外科学博士，现任中山大学附属第一医院器官移植科副主任医师。他从事器官移植临床与科研工作多年，曾赴香港大学玛丽医院进修肝移植技术，担任广东省肝脏病学会器官移植专业委员会委员。主持参与科研项目10项，获中华医学科技奖二等奖和广东省科技进步一等奖，发表学术论文40余篇。
5f51bdba-bab2-408f-82d8-109b2cd64cb6,,李军,副主任医师,中山大学附属第一医院,器官移植科,"肾移植手术, 肾移植围手术期管理, 术后并发症处理, 病人随访, 肾移植动物实验",该医生于2001年至2004年在中山大学攻读外科学硕士学位，2008年至2011年在中山大学攻读博士学位。自2004年起，在中山大学附属第一医院肾移植科工作，从事肾移植专业13年，每年开展肾移植80余例，具有丰富的肾移植临床经验。担任广东省泌尿生殖协会肾脏移植学分会和广东省泌尿生殖协会的社会兼职。在学术研究方面，发表了多篇论著，包括《Evaluation of Mycophenolic Acid Exposure Using a Limited Sampling Strategy in Renal Transplant Recipients》、《Comparison of tacrolimus and cyclosporine A in CYP3A5 expressing Chinese de novo kidney transplant recipients:a 2-year prospective study》、《Associations of UDP-glucuronosyltransferases polymorphisms with mycophenolate mofetil pharmacokinetics in Chinese renal transplant patients》、《An immunotherapeutic strategy for prolonging graft survival in mice》和《儿童肾移植105例次单中心临床分析》，并著有《泌尿系统疾病外科诊断与处理》专著。,https://www.fahsysu.org.cn/sites/1h.prod.sysucloud1.sysu.edu.cn/files/styles/focal_point_480/public/044830_0.jpg?itok=a7u0ZR4f,TRUE,0,,,,肾移植手术及围手术期管理,中山大学外科学硕士和博士，自2004年起在中山大学附属第一医院肾移植科工作，从事肾移植专业13年，每年开展肾移植80余例。担任广东省泌尿生殖协会肾脏移植学分会等社会兼职，发表多篇肾移植相关论著和专著。
55b5dacc-73c9-46f4-ae25-c067016e4ace,,王国栋,副教授,中山大学附属第一医院,器官移植科,"肝脏外科, 肝脏移植外科, 胰肾联合移植, 活体肝脏移植, 小儿肝脏移植, 肝脏移植后肝脏再生, 肝脏移植围手术期管理, 胰腺移植围手术期管理, 供体手术, 器官修整, 移植手术, 血管胆道重建, 普通外科常见病手术治疗, 普通外科多发病手术治疗",该医生1988年至1993年就读于河南新乡医学院，1993年至1994年在河南南阳地区人民医院工作，1994年至1997年在中山医科大学攻读硕士学位，1997年至2002年在中山大学附属第一医院工作，2000年至2005年在中山大学附属第一医院攻读博士学位，2005年至今在中山大学附属第一医院工作。2002年至2005年在美国宾州大学（Upenn）担任高级访问学者和博士后。社会兼职为中华医学会会员。学术成果丰硕，发表多篇学术论文，包括《小鼠50％体积肝脏原位移植实验模型的建立》、《大鼠部分肝脏移植后早期肝内细胞因子的变化》、《大鼠肝脏移植后肝脏再生的早期启动机制》等。曾获多项重要奖项，包括2004年国家科技进步奖二等奖、2003年广州市科技进步奖一等奖、2004年教育部科技进步奖一等奖、2003年广东省科技进步奖一等奖，以及2001年中山一院优秀教师光荣称号。,https://www.fahsysu.org.cn/sites/1h.prod.sysucloud1.sysu.edu.cn/files/styles/focal_point_480/public/110302.jpg?itok=imK5T6bf,TRUE,0,,,,肝脏外科、肝脏移植、胰肾联合移植,该医生毕业于河南新乡医学院，拥有中山医科大学硕士和中山大学附属第一医院博士学位，现任中山大学附属第一医院医生。曾在美国宾州大学担任高级访问学者和博士后。作为中华医学会会员，发表多篇学术论文，并获得国家科技进步奖二等奖、教育部科技进步奖一等奖等多项重要奖项，临床经验丰富。
d85f4fda-5524-491b-affe-b05e922a1004,,万鹏霞,"主任医师, 博士生导师",中山大学附属第一医院,眼科,"角膜病诊断与治疗, 白内障诊断与治疗, 眼底病诊断与治疗, 泪道疾病诊断与治疗, 角膜激光屈光手术, 角膜移植术, 白内障超声乳化吸除联合人工晶体植入术, 玻璃体视网膜手术, 泪道再通术",该医生毕业于北京大学临床医学专业，获中山大学眼科学硕士、博士学位，曾在美国康奈尔大学担任研究学者。现任中山大学附属第一医院眼科主任，从事眼科医教研工作20余年。长期致力于角膜与眼表疾病、组织工程与干细胞以及全身疾病相关眼病的科学研究，主持国家自然科学基金、广东省科技计划及自然科学基金等各级科研项目十余项，主持GCP药物临床试验项目6项，参与国家重点研发项目及“十一五”、“十二五”863计划、“十一五”国家科技支撑计划、国家自然科学基金及省市各级课题十余项。获国家发明专利授权1项，发表论文60余篇，其中SCI收录40余篇，参与编写眼科专业著作5部、国家级指南共识2项、省级专家共识1项，获广东省科技进步三等奖1项。荣获“羊城好医生”、首届“中山一院好医生”、中山一院“优秀教学管理者”、“优秀带教医师”等称号。,https://www.fahsysu.org.cn/sites/1h.prod.sysucloud1.sysu.edu.cn/files/styles/focal_point_480/public/024039.jpg?itok=PWjxQljj,TRUE,0,,,,角膜病、白内障、眼底病及泪道疾病诊断与治疗,北京大学临床医学学士，中山大学眼科学硕士、博士，美国康奈尔大学研究学者。现任中山大学附属第一医院眼科主任，从事眼科医教研工作20余年，主持多项国家级科研项目，发表SCI论文40余篇，获广东省科技进步三等奖及多项荣誉称号。
5335eb48-70ad-4df6-9728-35d173c521be,,陈婷婷,副主任医师,中山大学附属第一医院,眼科,"斜视, 弱视, 眼与全身病相关眼病特别是糖尿病视网膜病变的诊治, 黄斑病变等眼底病变, 白内障, 屈光不正等常见眼科疾病, 眼科眼底激光治疗, 眼前段激光治疗, 各类常规眼科手术治疗",该医生本科就读于中山大学中山医学院临床医学系，2017年获中山大学眼科学医学博士学位，现任中山大学附属第一医院眼科副主任医师。担任广东省视光学会低视力专委会秘书及委员、广东省健康管理学会眼科专业委员会副秘书长及委员。曾获得2020年广东省区域联合青年基金（10万）和2022年国家自然科学基金青年基金（30万）资助。研究领域主要为糖尿病视网膜病变、屈光不正、白内障等常见眼科疾患的基础与临床研究，以及低视力康复、斜弱视诊疗，近年来共发表SCI论著30余篇，其中第一作者或共同第一作者10余篇，单篇最高影响因子8.78。,https://www.fahsysu.org.cn/sites/1h.prod.sysucloud1.sysu.edu.cn/files/styles/focal_point_480/public/2024-10/%E7%9C%BC%E7%A7%91_%E9%99%88%E5%A9%B7%E5%A9%B7_%E5%89%AF%E9%AB%98_%E5%8E%8B%E7%BC%A9.jpg?itok=OoTD-vUE,TRUE,0,,,,眼科疾病诊治，包括斜视、弱视、糖尿病视网膜病变、白内障,中山大学眼科学博士，现任中山大学附属第一医院眼科副主任医师。担任广东省视光学会低视力专委会秘书及委员、广东省健康管理学会眼科专业委员会副秘书长及委员。获得国家自然科学基金青年基金等资助，发表SCI论著30余篇，研究领域包括糖尿病视网膜病变、白内障等眼科疾患。
120cb54e-f36f-41e9-bb54-463f43a7ebb1,,陈雪梅（曾用名：陈咏冲）,副主任医师,中山大学附属第一医院,眼科,"斜视弱视诊治, 屈光不正诊治, 视疲劳诊治, 低视力康复, 青少年近视防控, 儿童视功能发育, 低视力患者视觉康复",该医生从事眼科临床教育工作30年，拥有丰富的眼科常见病多发病诊治经验。在眼科临床及教学领域工作近20年，担任广东省低视力康复技术指导中心副主任、广东省视光学会眼屈光学及隐形眼镜专业委员会委员、低视力康复专业委员会常委等社会职务。发表学术论文近20篇。,https://www.fahsysu.org.cn/sites/1h.prod.sysucloud1.sysu.edu.cn/files/styles/focal_point_480/public/040728.jpg?itok=ktiKEqpW,TRUE,0,,,,眼科斜视弱视、屈光不正及低视力康复,从事眼科临床教育工作30年，拥有丰富的眼科常见病多发病诊治经验。担任广东省低视力康复技术指导中心副主任、广东省视光学会眼屈光学及隐形眼镜专业委员会委员等社会职务，发表学术论文近20篇。
fd126040-944a-48ab-9e89-c1ce06c6ca91,,甘世斌,副主任医师,中山大学附属第一医院,眼科,"眼科常见病诊治, 眼科多发病诊治, 眼科疑难病诊治, 眼底病诊断治疗, 视光学诊断治疗, 眼与全身病诊断治疗, 甲状腺相关性眼病诊断治疗",该医生在眼科领域具有丰富的临床经验。,https://www.fahsysu.org.cn/sites/1h.prod.sysucloud1.sysu.edu.cn/files/styles/focal_point_480/public/%E7%94%98%E4%B8%96%E6%96%8C.jpg?itok=hJE_n9-O,TRUE,0,,,,眼科常见病、多发病、疑难病诊治,该医生在眼科领域具有丰富的临床经验。
e77fea96-2e25-4335-a55a-967be81ab7ae,,霍丽君,副主任医师,中山大学附属第一医院,眼科,"白内障, 青光眼, 近视, 上睑下垂, 眼睑良/恶性肿物, 眼睑缺损, 眼与全身病",该医生是广东省女医师协会眼科专委会委员、广东省眼健康协会眼与全身病专业委员、广东省医院协会眼健康管理专业常委、广东省基层医药学会眼科专委会常委、广东省医视光学会视光教育专业委员会委员。,https://www.fahsysu.org.cn/sites/1h.prod.sysucloud1.sysu.edu.cn/files/styles/focal_point_480/public/2023-06/%E7%9C%BC%E7%A7%91%20%E9%9C%8D%E4%B8%BD%E5%90%9B%20%E5%89%AF%E9%AB%98%20%E6%8D%A2%E7%99%BD%E5%BA%95.jpg?itok=aBXa7hk0,TRUE,0,,,,白内障、青光眼、近视等眼科疾病,担任广东省女医师协会眼科专委会委员、广东省眼健康协会眼与全身病专业委员、广东省医院协会眼健康管理专业常委、广东省基层医药学会眼科专委会常委、广东省医视光学会视光教育专业委员会委员。
2bdd6894-eb04-4531-9057-6a9e1b5e3c86,,苏毅华,副主任医师,中山大学附属第一医院,眼科,"眼脸和眼眶良恶性肿物诊治, 眼脸畸形诊治, 眼眶骨折诊治, 甲状腺相关眼眶病诊治, 青光眼诊治, 疑难青光眼诊治, 眼眶和眼睑外伤后修复, 眼眶和眼睑先天畸形修复",该医生从事眼科临床工作10余年，曾在上海交通大学医学院附属第九人民医院眼科进修眼眶及眼整形专业。目前担任广东省视光学会低视力专业委员会委员、广东省眼健康协会美容整形专业委员会委员、广东省眼健康协会青光眼专委会委员、广东省眼健康协会整形美容专委会委员、广东省眼健康协会儿童青少年眼保健专业委员会委员、广东省健康管理学会眼科专业委员会委员、广东省基层医药学会眼科专委会委员、广州市医师协会神经眼科专业委员会委员。在国内外期刊发表论文10余篇。,https://www.fahsysu.org.cn/sites/1h.prod.sysucloud1.sysu.edu.cn/files/styles/focal_point_480/public/2024-05/%E7%9C%BC%E7%A7%91-%E8%8B%8F%E6%AF%85%E5%8D%8E-%E5%89%AF%E4%B8%BB%E4%BB%BB%E5%8C%BB%E5%B8%88.jpg?itok=XRn991Yr,TRUE,0,,,,眼科眼眶疾病、青光眼诊治及眼整形修复,从事眼科临床工作10余年，曾在上海交通大学医学院附属第九人民医院眼科进修眼眶及眼整形专业。担任多个省级眼科学会委员，在国内外期刊发表论文10余篇。
916e09f5-bdbc-4dfe-abde-2a6227b1f17e,,余芬芬,"副主任医师, 硕士研究生导师",中山大学附属第一医院,眼科,"白内障手术及激光治疗, 眼底病手术及激光治疗, 青光眼手术及激光治疗, 糖尿病视网膜病变诊疗, 视网膜脱离诊疗, 黄斑疾病诊疗, 青少年近视防控, 翼状胬肉诊疗, 睑内翻倒睫诊疗",该医生为中山大学眼科学博士，担任硕士研究生导师，研究方向为糖尿病视网膜病变发病机制及治疗策略、眼表损伤及其修复。近年以第一/通讯作者发表SCI论文多篇，获国家发明专利授权一项，主持或参与多项国家及省部级基金课题。荣获“中山一院优秀指导老师”、“毕业后教育先进工作者”等称号。现任广东省医师协会眼科专委会委员、广东省眼健康协会青年委员会委员、广东省眼健康协会妇幼视觉健康专业委员、广东省基层医药学会眼科专委会委员、广东省视光学学会低视力康复专业委员会委员、广州市医师协会神经眼科分会委员。,https://www.fahsysu.org.cn/sites/1h.prod.sysucloud1.sysu.edu.cn/files/styles/focal_point_480/public/2024-05/%E7%9C%BC%E7%A7%91-%E4%BD%99%E8%8A%AC%E8%8A%AC-%E5%89%AF%E4%B8%BB%E4%BB%BB%E5%8C%BB%E5%B8%88.jpg?itok=k819qezf,TRUE,0,,,,眼科常见病手术及激光治疗，糖尿病视网膜病变诊疗,中山大学眼科学博士，硕士研究生导师，研究方向为糖尿病视网膜病变及眼表损伤修复。发表多篇SCI论文，获国家发明专利，主持参与多项基金课题，担任多个省级眼科专业委员会委员。
193591b8-6bd5-47d5-bce1-97a815b6ab1e,,朱文珲,副主任医师,中山大学附属第一医院,眼科,"斜视, 弱视, 屈光不正, 新生儿眼病, 眼与全身病, 糖尿病视网膜病变, 缺血性视神经病变, 儿童视功能发育, 低视力康复",该医生本科毕业于中山医科大学临床医学系，后在中山大学攻读取得眼科学硕士、博士学位。2000年在本院眼科工作至今，担任广东省视光学会视光教育专业委员会委员和广东省斜视弱视专业委员会委员。已发表第一作者和通讯作者论著19篇，其中SCI论著4篇，中文核心期刊论著15篇，参编专著2部《眼科疾病诊断与治疗方案》和《现代眼视光学》。作为课题负责人获得广东省科技厅基金及广东省医学科研基金共两项资助。,https://www.fahsysu.org.cn/sites/1h.prod.sysucloud1.sysu.edu.cn/files/styles/focal_point_480/public/093357.jpg?itok=_UmnTKv0,TRUE,0,,,,眼科疾病诊治，特别是斜视、弱视及糖尿病视网膜病变,中山医科大学临床医学系本科毕业，中山大学眼科学硕士、博士学位。2000年起在本院眼科工作，担任广东省视光学会视光教育专业委员会委员和广东省斜视弱视专业委员会委员。发表论著19篇（SCI 4篇），参编专著2部，获两项省级科研基金资助。
cf7854c7-df81-45f2-911b-aa24ef019621,,何倩婷,副主任医师,中山大学附属第一医院,口腔颌面外科,"口腔颌面外科良恶性肿瘤的诊断及手术、化疗、靶向药物治疗与免疫治疗等综合治疗,口腔颌面部肿瘤患者的全生命周期管理,口腔颌面部软硬组织缺损的游离移植修复重建,放射性颌骨骨髓炎及药物性颌骨骨髓炎的手术治疗,颌面部血管瘤及脉管畸形的硬化治疗,口腔颌面部严重间隙感染的处理,头颈肿瘤的发病机制及侵袭转移机制研究,局晚期头颈肿瘤的临床研究",该医生于2003年至2009年在暨南大学口腔医学系获得学士学位，2009年至2012年在中山大学附属第一医院获得硕士学位，2012年至2015年在中山大学附属第一医院获得博士学位。自2015年起在中山大学附属第一医院工作，历任住院医师、主治医师，2020年12月至今担任副主任医师。社会兼职包括中国抗癌协会口腔颌面肿瘤整合康复专业委员会常务委员、广东省口腔医学会第五届口腔颌面外科专业委员会常务委员、广东省口腔医学会第二届口腔镇静镇痛专业委员会常务委员、广东省健康管理学会颌面头颈肿瘤多学科诊疗专业委员会常务委员、广东省抗癌协会头颈肿瘤专业委员会第一届青年委员会委员、广东省健康管理学会口腔颌面头颈医学专业委员会委员。学术成就方面，主持国家自然科学基金青年基金项目1项和广东省自然科学基金1项，并于2020年获得广东医学科学技术奖二等奖（排名第二）。,https://www.fahsysu.org.cn/sites/1h.prod.sysucloud1.sysu.edu.cn/files/styles/focal_point_480/public/%E5%8F%A3%E8%85%94%E7%A7%91%20%E4%BD%95%E5%80%A9%E5%A9%B7%20%E5%89%AF%E4%B8%BB%E4%BB%BB%E5%8C%BB%E5%B8%88%20%E5%B0%8F.jpg?itok=I6rhHzlV,TRUE,0,,,,口腔颌面外科肿瘤综合治疗与修复重建,中山大学附属第一医院博士，现任该院副主任医师，历任住院医师、主治医师。担任中国抗癌协会口腔颌面肿瘤整合康复专业委员会常务委员等多个社会兼职，主持国家自然科学基金青年基金和广东省自然科学基金各1项，2020年获广东医学科学技术奖二等奖。
adabd0cf-8070-4626-a65a-fb9316e9b7f6,,李祥,副主任医师,中山大学附属第一医院,口腔颌面外科,"各类牙缺失的微创种植,即拔即种,美学种植及修复,各类骨缺损的骨增量种植手术,上颌窦内提升,上颌窦外提升,骨劈开,半口牙缺失的种植修复,全口牙缺失的种植修复,各类复杂牙的微创拔除,埋伏牙的微创拔除,阻生牙的微创拔除,拔牙后的位点保存,修复前的牙槽骨修整,颌面外科常见病的诊治,颌面外科疑难病例的诊治",该医生于1994年毕业于中山医科大学口腔系本科，2001年获得中山医科大学口腔系硕士学位，2010年于中山大学附属第一医院博士毕业。2015年起担任中山大学附属第一医院口腔科外科副主任医师。社会兼职方面，担任广东省口腔医学会牙槽外科专业委员会常委、广东省临床医学会牙种植专委会常委、广东省口腔医学会口腔颌面外科专业委员会委员。,https://www.fahsysu.org.cn/sites/1h.prod.sysucloud1.sysu.edu.cn/files/styles/focal_point_480/public/2025-01/%E6%9D%8E%E7%A5%A5_%E5%8F%A3%E8%85%94%E9%A2%8C%E9%9D%A2%E5%A4%96%E7%A7%91_%E5%89%AF%E9%AB%98%28%E5%8E%8B%E7%BC%A9%29.jpg?itok=-JKfezJf,TRUE,0,,,,口腔种植、牙槽外科及颌面外科疾病诊治,中山医科大学口腔系本科、硕士毕业，中山大学附属第一医院博士毕业，现任中山大学附属第一医院口腔科外科副主任医师，担任广东省口腔医学会牙槽外科专业委员会常委、广东省临床医学会牙种植专委会常委等社会职务。
a00d22df-cb53-4791-b25b-9d7f0a103611,,朱双喜,副主任医师,中山大学附属第一医院,口腔颌面外科,"口腔颌面外科常见病诊治, 口腔颌面外科疑难病例诊治, 缺失牙种植修复, 儿童错合畸形矫治, 青少年错合畸形矫治, 成人错合畸形矫治",该医生于2006年中山大学硕士研究生毕业后留院工作至今，担任广东省口腔医学会牙槽外科专业委员会常委员、广东省临床医学会牙种植专委会委员、广东省口腔医学会口腔颌面外科专业委员会委员。主持或参加国家级、省级和厅级基金六项，在国内外发表论文二十余篇。,https://www.fahsysu.org.cn/sites/1h.prod.sysucloud1.sysu.edu.cn/files/styles/focal_point_480/public/2025-01/%E6%9C%B1%E5%8F%8C%E5%96%9C_%E5%8F%A3%E8%85%94%E9%A2%8C%E9%9D%A2%E5%A4%96%E7%A7%91_%E5%89%AF%E9%AB%98.jpg?itok=5lO0FOgF,TRUE,0,,,,口腔颌面外科疾病诊治与种植修复,2006年中山大学硕士研究生毕业后留院工作至今，担任广东省口腔医学会牙槽外科专业委员会常委员、广东省临床医学会牙种植专委会委员、广东省口腔医学会口腔颌面外科专业委员会委员，主持或参加国家级、省级和厅级基金六项，发表论文二十余篇。
f8261c90-c085-43e7-9f6d-365daa17bad6,,陈珊,副主任医师,中山大学附属第一医院,口内修复科,"牙体牙髓病, 牙周病, 口腔黏膜疾病, 口腔常见病, 疑难病, 健康管理",该医生从事口腔医学临床诊疗、教学和研究工作10余年，主持省部级科研项目3项，发表SCI论文十余篇，担任广东省口腔医学会预防专业委员会常委、广东省口腔医学会全科专业委员会常委、广东省口腔医学会教育专业委员会委员。,https://www.fahsysu.org.cn/sites/1h.prod.sysucloud1.sysu.edu.cn/files/styles/focal_point_480/public/2024-12/%E5%8F%A3%E8%85%94%E7%A7%91_%E9%99%88%E7%8F%8A_%E5%89%AF%E4%B8%BB%E4%BB%BB%E5%8C%BB%E5%B8%88_%E5%8E%8B%E7%BC%A9.jpg?itok=KBxB6Lvp,TRUE,0,,,,口腔常见病、疑难病诊治及健康管理,从事口腔医学临床诊疗、教学和研究工作10余年，主持省部级科研项目3项，发表SCI论文十余篇，担任广东省口腔医学会多个专业委员会常委及委员。
5f928015-699a-404f-97cc-a4cf05de5db9,,吉利,副主任医师,中山大学附属第一医院,口内修复科,"青少年及成年人牙齿矫正, 正颌正畸联合治疗, 颜面部美学治疗, 儿童的早期矫治, 功能矫治, 隐形矫正, 球托舒适化矫正, 舌侧矫正, 颞下颌关节病治疗, 睡眠呼吸暂停及低通气综合征治疗",该医生2006年研究生毕业于武汉大学，同年7月起于中山大学附属第一医院工作至今。担任广东省民营牙科协会副会长、广东省民营牙科协会口腔医疗器材与创新分会主任委员、广东省整形美容学会委员等社会兼职，并为中华口腔正畸学会专业会员、中华口腔医学会会员、世界牙科正畸学会会员、RW国际正畸学会会员。科研方面主持多项省部级基金，发表论文十余篇。,https://www.fahsysu.org.cn/sites/1h.prod.sysucloud1.sysu.edu.cn/files/styles/focal_point_480/public/2023-08/%E5%8F%A3%E8%85%94%E6%AD%A3%E7%95%B8%E7%A7%91-%E5%90%89%E5%88%A9-%E5%89%AF%E9%AB%98.jpg?itok=TAdwpYpF,TRUE,0,,,,牙齿矫正、正颌正畸、颞下颌关节病治疗,武汉大学研究生毕业，2006年起在中山大学附属第一医院工作，担任广东省民营牙科协会副会长等职务，主持多项省部级基金并发表论文十余篇。
a3142816-e9fd-4e58-b017-8648f3079558,,姜瑞,副主任医师,中山大学附属第一医院,口内修复科,"前牙美学与微创修复, 后牙牙体缺损固定义齿修复, 复杂牙列缺损修复, 全口义齿及咬合重建, 修复-正畸联合治疗, 牙周-修复联合治疗, 小儿鼾症引起的口颌畸形早期治疗, 根管治疗后牙体缺损微创修复, 口呼吸引起的腺样体面容等口腔颌面畸形综合诊疗",该医生于2010年至2013年在中山大学附属第一医院口腔临床医学专业攻读硕士学位。毕业后留院工作，先后担任住院医师、主治医师，自2024年7月起任副主任医师。现任广东省口腔医学会修复专委会委员、中华医学会牙及牙槽外科专业委员会委员、广东省口腔医学会老年口腔医学专委会委员、广东省临床医学学会牙种植学专业委员会委员。在国内外专业核心期刊发表论文数十篇，曾获中山大学附属第一医院院长特别奖2024-优质医疗服务奖。,https://www.fahsysu.org.cn/sites/1h.prod.sysucloud1.sysu.edu.cn/files/styles/focal_point_480/public/2024-05/%E5%A7%9C%E7%91%9E%E8%AF%81%E4%BB%B6%E7%85%A7-%E7%99%BD%E5%BA%95.jpg?itok=ozNx-6xH,TRUE,0,,,,口腔修复、前牙美学、复杂牙列缺损治疗,中山大学附属第一医院口腔临床医学硕士，现任该院口腔科副主任医师。担任多个省级和国家级口腔医学专业委员会委员，发表学术论文数十篇，曾获医院优质医疗服务奖。
4eee6398-7b3b-4015-9fb2-44eddfb43645,,聂二民,副主任医师,中山大学附属第一医院,口内修复科,"牙体缺损修复, 牙列缺损修复, 牙列缺失修复, 颌面软硬组织缺损修复",该医生于1999年9月至2004年7月在郑州大学医学院完成本科学业，2004年9月至2007年7月在中山大学攻读口腔临床医学硕士学位。自2007年9月起，一直在中山大学附属第一医院工作。在学术方面，已在国内外期刊发表论著二十余篇，并参与编写了数本专著。,https://www.fahsysu.org.cn/sites/1h.prod.sysucloud1.sysu.edu.cn/files/styles/focal_point_480/public/2022-05/%E5%8F%A3%E8%85%94%E7%A7%91%20%E8%81%82%E4%BA%8C%E6%B0%91%20%E5%89%AF%E9%AB%98.jpg?itok=G7PMF6L5,TRUE,0,,,,口腔修复技术,郑州大学医学院本科毕业，中山大学口腔临床医学硕士，自2007年起在中山大学附属第一医院工作，发表论著二十余篇，参与编写专著数本。
6943add9-bb86-4503-8c9b-9649782dd5e9,,彭伟,"副主任医师, 硕士研究生导师",中山大学附属第一医院,口内修复科,"牙齿矫正, 口腔种植, 种植正畸联合治疗, 阻生牙微创拔除",该医生为口腔牙种植学博士、正畸硕士，2011年毕业后留院工作至今。担任中华口腔医学会牙及牙槽外科青年委员、广东省口腔医学会牙及牙槽外科秘书、广东省口腔医学会正畸学专业委员、广东省临床医学会牙种植委员会秘书。主要从事种植正畸联合治疗研究，发表多篇学术论文，其中一篇获Implant Dentistry杂志2017年度最佳文章奖。主持国家自然科学基金一项、广东省自然科学基金两项。,https://www.fahsysu.org.cn/sites/1h.prod.sysucloud1.sysu.edu.cn/files/styles/focal_point_480/public/2023-07/%E5%8F%A3%E8%85%94%E7%A7%91%20%E5%BD%AD%E4%BC%9F%20%E5%89%AF%E9%AB%98%20%E6%89%A9%E8%BE%B9.jpg?itok=onk7A3i5,TRUE,0,,,,牙齿矫正、口腔种植及联合治疗,口腔牙种植学博士、正畸硕士，2011年毕业后留院工作至今。担任多个口腔医学专业委员会委员，主要从事种植正畸联合治疗研究，发表多篇学术论文并获奖，主持国家及省级自然科学基金项目。
1591a5de-bd2b-43e6-8cdc-0e624e476e72,,燕王翔,副主任医师,中山大学附属第一医院,口内修复科,"根管治疗, 复杂牙拔除, 门诊小手术, 牙齿固定修复, 种植牙, 牙体牙髓, 牙槽外科",该医生于2008年研究生毕业后留院工作至今，担任广东省口腔医学会口腔医院感染控制与管理专业委员会委员、广东省口腔医学会老年口腔专业委员会委员、广东省保健协会口腔保健分会委员、广东省健康管理学会口腔颌面头颈医学专业委员会副秘书长等社会职务。,https://www.fahsysu.org.cn/sites/1h.prod.sysucloud1.sysu.edu.cn/files/styles/focal_point_480/public/2022-06/%E5%8F%A3%E8%85%94%E7%A7%91%E7%87%95%E7%8E%8B%E7%BF%94%E5%89%AF%E9%AB%98.jpg?itok=FAFfbUxN,TRUE,0,,,,口腔科常见病诊治、种植牙、牙体牙髓治疗,2008年研究生毕业后留院工作至今，担任广东省口腔医学会口腔医院感染控制与管理专业委员会委员、广东省口腔医学会老年口腔专业委员会委员、广东省保健协会口腔保健分会委员、广东省健康管理学会口腔颌面头颈医学专业委员会副秘书长等社会职务。
31b981d9-308b-4a43-b363-90c6d1697058,,陈松龄,"主任医师, 教授, 博士生导师",中山大学附属第一医院,口腔科,"口腔种植, 头颈部肿瘤诊治, 颅颌面畸形诊治, 颌面部骨折治疗, 唇腭裂治疗, 三叉神经痛外科治疗",该医生于1986年至1991年在华西医科大学口腔医学院完成硕博连读研究生/博士学位。自1994年起至今，在中山大学附属第一医院口腔科工作，历任副教授、教授、博士生导师，并担任学科带头人（首席专家）。在学术方面，已培养指导硕士研究生9名、博士研究生10名、博士后3名，发表中文论著100多篇、SCI文章29篇（均为通讯作者），并参与撰写专著一部。社会兼职方面，兼任中华口腔医学会牙及牙槽外科专业委员会副主任委员、中华口腔医学会口腔颌面外科专业委员会委员、香港口腔种植学会副会长、国际口腔种植医师学会中国总会副会长、中国康复医学会修复重建外科专业委员会颅颌面外科学组委员、广东省口腔医学会理事、广东省临床医学学会牙种植学专业委员会主任委员、广东省口腔医学会牙及牙槽外科专业委员会主任委员、广东省口腔医学会口腔种植学专业委员会副主任委员、广东省口腔医学会口腔颌面外科专业委员会常务委员、广东省肿瘤康复学会副会长，并担任《中华口腔医学研究杂志(电子版)》、《中国颅颌面外科杂志》、《口腔疾病防治杂志》等期刊编委。曾获广东省科技奖三等奖，并于2017年获得国际口腔种植医师学会唯一最高年度奖项（Ralph V. Mckinney Jr. Award in basic and clinical research）。,https://www.fahsysu.org.cn/sites/1h.prod.sysucloud1.sysu.edu.cn/files/styles/focal_point_480/public/094905.jpg?itok=ooZfy1af,TRUE,0,,,,口腔颌面种植、肿瘤、畸形、骨折及神经痛治疗,华西医科大学口腔医学院博士，现任中山大学附属第一医院口腔科教授、博士生导师、学科带头人。兼任中华口腔医学会等多个专业委员会委员及期刊编委，培养硕博研究生及博士后22名，发表论著130余篇，获广东省科技奖三等奖及国际口腔种植医师学会最高年度奖。
ad75463e-da7d-42f9-84d2-1d71ca112a9c,,冯崇锦,"主任医师, 教授",中山大学附属第一医院,口腔科,"口腔颌面部良恶性肿瘤手术切除和术后缺损整复, 颌面部骨折治疗, 颌面部损伤缺损畸形整形修复手术, 先天性唇腭裂整形修复手术, 口腔颌面部肿瘤基础和临床研究, 唇腭裂序列治疗",该医生1987年毕业于中山医科大学口腔系获学士学位，1994年获中山医科大学口腔临床医学硕士学位，2009年获中山大学口腔临床医学博士学位。自1987年起在中山大学附属第一医院口腔科工作，历任住院医师、主治医师、副教授/副主任医师、主任医师/教授，2005年起担任口腔科科主任。担任广东省口腔医学会全科口腔医学专业委员会副主任委员、广东省口腔医学会理事会理事、广东省整形美容协会常务理事等多个社会职务。主持国家自然科学基金项目1项、省部级科研课题8项，以第一作者或通讯作者发表论著40多篇，主编《口腔科疾病临床诊断与治疗方案》学术专著1部、参编2部。获得国家自然科学基金、广东省科技计划等多项基金资助约130万元，多次荣获医院优秀教师、优秀教学管理人员和优秀党员等荣誉称号。,https://www.fahsysu.org.cn/sites/1h.prod.sysucloud1.sysu.edu.cn/files/styles/focal_point_480/public/010129_0.jpg?itok=4HqZuKaU,TRUE,0,,,,口腔颌面外科肿瘤手术、骨折治疗及整形修复,中山大学口腔临床医学博士，现任中山大学附属第一医院口腔科主任医师、教授、科主任。从事口腔颌面外科临床医疗、教学和科研工作30余年，主持国家自然科学基金等多项科研项目，发表学术论文40余篇，主编学术专著1部，担任多个省级口腔医学专业委员会委员。
1c4f1024-c597-44b2-989b-ea1dba53a5e3,,王安训,"主任医师, 教授, 博士生导师",中山大学附属第一医院,口腔科,"口腔颌面外科常见病和疑难病的诊断和治疗, 口腔颌面部肿瘤的诊治, 颌面部先天性或后天性畸形的诊疗, 牙槽外科手术, 颌面部损伤的急救和处理, 口腔颌面部神经疾病的诊治, 口腔颌面部软硬组织缺损的重建术",该医生于1993年毕业于中山医科大学口腔系获学士学位，2001年获中山大学口腔医学院博士学位，2005年至2007年在美国南加州大学进行博士后研究。自1993年起在中山大学附属第一医院口腔科工作，历任住院医师、主治医师、副教授/硕士生导师，2009年至今任教授/主任医师、博士生导师。曾在美国南加州大学洛杉矶儿童医院整形外科、美国伊利诺伊大学芝加哥校区牙学院、美国太平洋大学Arthur A. Dugoni牙学院、美国德克萨斯大学西南医学研究中心口腔颌面外科进修或担任访问教授。担任广东省健康管理学会颌面头颈肿瘤多学科诊疗专委会主委、广东省口腔医学会口腔颌面外科专业委员会副主委、广东省医学会颌面头颈外科学分会副主委、广东省精准医学应用学会口腔修复种植分会副主委、广东省抗癌协会头颈肿瘤专业委员会常委、中国抗癌协会口腔肿瘤整合专委会常委、广东省口腔医学会常务理事、全国卫生产业企业管理协会精准医疗分会常务理事、中国整形美容协会颅颌面外科分会理事、美国伊利诺伊州大学芝加哥校区牙学院客座教授、国际牙医师学院中国区院士。已公开发表论文190余篇，其中SCI论文80余篇，负责多项国家级及省部级基金项目，培养博士研究生10余名、硕士研究生5名，主编或参编多部著作，获得2010年教育部新世纪优秀人才支持计划、2005年教育部提名国家科技进步二等奖、2020年第二届广东医学科技奖二等奖、2020年广东省动物科学技术奖一等奖及发明专利1项。,https://www.fahsysu.org.cn/sites/1h.prod.sysucloud1.sysu.edu.cn/files/styles/focal_point_480/public/2024-10/%E4%B8%AA%E4%BA%BA%E5%BD%A9%E7%85%A7_%E7%99%BD%E5%BA%95%E4%BF%AE%E6%94%B9%E7%A8%BF.jpg?itok=uS7iJLlY,TRUE,0,,,,口腔颌面外科常见病、疑难病诊治及肿瘤、畸形诊疗,中山大学口腔医学院博士，现任中山大学附属第一医院口腔科教授/主任医师、博士生导师，从事口腔颌面外科临床与科研工作近30年。曾在美国多所知名院校进修，担任多个省级及国家级学术组织重要职务，发表论文190余篇（SCI 80余篇），主持多项国家级基金项目，培养博士、硕士10余名，获教育部新世纪优秀人才、国家科技进步二等奖等荣誉。
a525c51f-0d74-4ce0-a1fd-273ca8dbbd4a,,杨军英,主任医师,中山大学附属第一医院,口腔科,"牙体牙髓病诊治, 牙周病诊治, 口腔粘膜病诊治, 儿童龋病诊治, 牙体大面积缺损充填修复, 后牙疑难根管治疗再治疗, 牙齿美容修复, 合并系统性疾病牙周病粘膜病诊治, 显微根管治疗, 镍钛根管预备牙胶充填技术, 超声波根管预备技术, 冷光牙体美白技术, 超声波龈下治疗技术, 牙周纤维夹板固定术",该医生于1986年7月本科毕业于第四军医大学口腔医学院，获医学学士学位；1992年7月研究生毕业于中山大学，获医学硕士学位。自1992年7月起至今在中山大学附属第一医院工作。现任中华口腔医学会牙体牙髓专委会委员、广东省口腔医学会牙体牙髓专委会常委、广东省口腔医学会预防口腔医学会常委。以第一作者或通讯作者在SCI杂志或核心杂志发表专业论著30余篇，第二作者及以下10余篇；主持及参与多项国家级及省部级科研基金研究。主编专著2部，副主编2部，参编2部。工作至今多次被医院及大学评为优秀党员及优秀教师。,https://www.fahsysu.org.cn/sites/1h.prod.sysucloud1.sysu.edu.cn/files/styles/focal_point_480/public/2023-12/%E5%8F%A3%E8%85%94%E7%A7%91%20%E6%9D%A8%E5%86%9B%E8%8B%B1.jpg?itok=9Mjz0Lu-,TRUE,0,,,,口腔内科疾病诊治与修复技术,第四军医大学口腔医学院本科、中山大学硕士毕业，长期在中山大学附属第一医院工作。现任中华口腔医学会牙体牙髓专委会委员等学术职务，发表SCI及核心论文40余篇，主持参与多项国家级及省部级科研项目，主编参编多部专著，多次获评优秀党员及优秀教师。
5f348698-794f-4589-b703-445c0de5493e,,张春元,"主任医师, 教授",中山大学附属第一医院,口腔科,"各类种植修复手术, 上颌窦内外提升, 全口/半口无牙颌即刻种植, 各类骨增量手术, 前牙美学区精准种植, 3D数字化修复设计",该医生于1981年至1987年就读于中山医科大学口腔医学专业，获学士学位；1987年至1990年就读于华西医科大学口腔医学专业，获硕士学位。1990年至今，历任住院医师、主治医师、副主任医师和主任医师，长期从事口腔医学临床工作30余年，一直专注于镶牙修复及种植专业。在此期间，主持完成省级及以上科研项目6项，发表学术论文50余篇，培养种植修复研究生20多名。社会兼职方面，担任广东省临床医学会牙种植学分会副主任委员、广东省口腔医学会种植专委会常委、广东省口腔医学修复专委会常委。,https://www.fahsysu.org.cn/sites/1h.prod.sysucloud1.sysu.edu.cn/files/styles/focal_point_480/public/014658.jpg?itok=w4ke1gPB,TRUE,0,,,,口腔种植修复手术与3D数字化修复设计,中山医科大学和华西医科大学口腔医学专业毕业，获学士和硕士学位。1990年起从事口腔医学临床工作，历任住院医师至主任医师，专注于镶牙修复及种植专业30余年。主持省级及以上科研项目6项，发表论文50余篇，培养研究生20多名，并担任多个省级口腔医学专委会常委。
1a3e5d8e-ccb0-44fc-bc56-2584417ec33b,,陈宇,副主任医师,中山大学附属第一医院,口腔科,"口腔颌面部肿瘤预防与治疗, 先天性唇腭裂畸形序列治疗, 颌面部外伤整形修复, 牙种植, 牙齿美容修复, 口腔颌面外科疑难病诊断与治疗, 口腔肿瘤预防与治疗, 颌面整形修复","该医生于1988年就读于中山医科大学口腔系，先后取得口腔临床医学硕士和博士学位，1993年毕业后至今在本院工作，长期担任口腔医学临床、教学及专业研究工作。社会兼职包括中华口腔医学会口腔颌面外科专业委员会、口腔种植学会、中国抗癌协会。学术成果包括发表论著《舌癌阴性淋巴结的微转移与临床病理及预后的分析》《天然牙_种植体联合修复上前牙区多牙缺失探讨》《Craniofacial fibrous dysplasia associated with McCune-Albright syndrome》《PIK3CA is critical for the proliferation, invasiveness and drug resistance of human tongue carcinoma cells》，以及专著《口腔科疾病临床诊断与治疗方案》《口腔疾病治疗学》《现代外科学》。",https://www.fahsysu.org.cn/sites/1h.prod.sysucloud1.sysu.edu.cn/files/styles/focal_point_480/public/024438.jpg?itok=NB91INUF,TRUE,0,,,,口腔颌面外科、肿瘤治疗、颌面整形修复,中山医科大学口腔系硕士和博士，1993年起在本院工作，长期从事口腔医学临床、教学及研究，担任中华口腔医学会等多个社会兼职，发表多篇学术论著和专著。
5820ba50-219c-48c2-92b6-93947e595fb2,,郭俊兵,副主任医师,中山大学附属第一医院,口腔科,"微创牙种植手术, 种植后修复, 上颌窦提升术后牙种植, 下牙槽神经移位术后牙种植, 颌面部感染, 颌面部创伤骨折, 口腔颌面部良恶性肿瘤, 正颌外科, 牙槽外科, 颌面外科手术, 口腔颌面部肿瘤, 创伤, 畸形的预防和治疗, 牙种植上颌窦黏膜的成骨机制, 口腔黏膜的放射性损伤与癌变",郭俊兵医生于1998年本科毕业于四川大学华西口腔医学院，随后就职于湖北十堰郧阳医学院附属太和医院口腔科。2003年至2006年在中山大学附属第一医院攻读口腔颌面外科硕士学位，毕业后留院工作至今。2004年获中级资格，2015年获口腔种植学博士学位。他是中华口腔医学会会员、中华口腔医学会牙周专委会会员、广东省牙周专委会委员、广东省医学会颌面-头颈外科学会委员。在学术方面，他发表了多篇论文，包括在Scientific Reports、Journal of cranio-maxillo-facial surgery、Therapeutic Advances in Medical Oncology等期刊上的研究成果，并参编了《口腔科疾病临床诊断与治疗方案》。,https://www.fahsysu.org.cn/sites/1h.prod.sysucloud1.sysu.edu.cn/files/styles/focal_point_480/public/045852.jpg?itok=8uJNyXia,TRUE,0,,,,口腔颌面外科与牙种植手术,郭俊兵医生毕业于四川大学华西口腔医学院，获口腔颌面外科学硕士和口腔种植学博士学位，长期在中山大学附属第一医院工作。他是中华口腔医学会会员及多个专委会委员，发表多篇SCI论文，参编专业著作，专注于口腔颌面外科和牙种植领域。
95dd940f-8392-4fa7-a3e8-6128017c6f59,,郭冰,副主任医师,中山大学附属第一医院,口腔科,"牙髓牙体专科, 牙周病专科, 牙齿美容, 儿童牙科, 粘膜病诊断与治疗, 大面积牙体缺损治疗, 口腔疾病与全身健康综合治疗",该医生于1989年本科毕业于中山医科大学，毕业后留校于中山一院口腔科临床一线工作至今。2006年获硕士学位，同年被聘为副主任医师。担任广东省医学会牙体牙髓专委会委员，主持过多项省科技基金项目，发表了二十余篇第一作者论文，并参与编写口腔医学专著三部。,https://www.fahsysu.org.cn/sites/1h.prod.sysucloud1.sysu.edu.cn/files/styles/focal_point_480/public/010455.jpg?itok=ZI8nadgM,TRUE,0,,,,口腔疾病综合治疗与牙体修复,中山医科大学本科毕业，留校于中山一院口腔科工作至今，2006年获硕士学位并被聘为副主任医师。担任广东省医学会牙体牙髓专委会委员，主持多项省科技基金，发表二十余篇第一作者论文，参与编写三部口腔医学专著。
1237b82d-f3f8-4d8d-a7b2-afa8a053a37a,,黄代营,副主任医师,中山大学附属第一医院,口腔科,"口腔颌面外科常见病诊治, 口腔颌面外科疑难病诊治, 舌癌治疗, 颊癌治疗, 牙龈癌治疗, 口底癌治疗, 腮腺癌治疗, 颌骨囊肿治疗, 腮腺良性肿瘤治疗, 颌下腺良性肿瘤治疗, 舌下腺良性肿瘤治疗, 上下颌骨骨折手术治疗, 髁状突骨折手术治疗, 血管瘤硬化剂治疗, 脉管畸形硬化剂治疗, 口腔颌面多间隙感染处理, 坏死性筋膜炎处理, 埋伏牙治疗, 复杂阻生牙治疗, 口腔颌面部良恶性肿瘤手术治疗, 口腔颌面部良恶性肿瘤综合治疗, 口腔颌面部多间隙感染多学科治疗",该医生本科毕业于武汉大学口腔系，2003年于中山大学硕士研究生毕业，同年起在中山大学附属第一医院口腔颌面外科工作，历任主治医师、副主任医师。长期从事口腔颌面外科临床、教学及科研工作，担任广东省口腔医学会口腔颌面外科专业委员会委员、广东省口腔医学会第一届牙及牙槽外科专业委员会常委、广东省美容协会口腔颌面美容协会常委、中国抗癌协会第一届口腔颌面肿瘤整合医学专业委员会委员、广东省健康管理学会口腔颌面头颈医学专业委员会第一届委员会秘书长、广东省临床医学会牙种植委员会委员等社会职务。,https://www.fahsysu.org.cn/sites/1h.prod.sysucloud1.sysu.edu.cn/files/styles/focal_point_480/public/031140.jpg?itok=csVtb_mC,TRUE,0,,,,口腔颌面外科疾病诊治与手术治疗,武汉大学口腔系本科，中山大学硕士，2003年起在中山大学附属第一医院口腔颌面外科工作，现任副主任医师，担任多个省级和国家级口腔医学专业委员会委员职务。
